<measure>
  <schema_version>3.0</schema_version>
  <name>set_boiler_thermal_efficiency</name>
  <uid>fee282f5-e3d7-43ea-b996-bc7dead34927</uid>
  <version_id>eb286b13-160c-4b01-a9df-3d058ae3f1be</version_id>
  <version_modified>20180514T173355Z</version_modified>
  <xml_checksum>0C35A82D</xml_checksum>
  <class_name>SetBoilerThermalEfficiency</class_name>
  <display_name>SetBoilerThermalEfficiency</display_name>
  <description>Boiler thermal efficiency affects heating  energy consumption. The measure offers two options to set the boiler thermal efficiency. Option 1 allows users to specify the efficiency inputs directly. Option 2 determines the boiler thermal efficiency based on the boiler type, the boiler capacity, the fuel type and the prescriptive requirement in ASHRAE Standard 90.1. Option 2 is only applicable to natural gas or oil fired boilers. </description>
  <modeler_description>The measure loops through the baseline model and identifies the OS:Boiler:HotWater and OS:Boiler:Steam objects. Users can choose one or all boilers from the drop down list to change their thermal efficiency settings. Then users need to select Option 1 or 2 using the check box. For Option 1, a boiler nominal thermal efficiency input is required and it is applied to the selected boilers. For Option 2, users need to specify the fuel type, boiler normal capacity, and the version of Standard 90.1. These inputs and the boiler type (hot water or steam) are used to identify the thermal efficiency requirement in the Standard 90.1, which is used to change the model. The initial and final values of the thermal efficiency are be reported during simulation. </modeler_description>
  <arguments>
    <argument>
      <name>info_widget</name>
      <display_name>!!!!*** This Measure is not Applicable to loaded Model. Read the description and choose an appropriate baseline model. ***!!!!</display_name>
      <type>Boolean</type>
      <required>true</required>
      <model_dependent>false</model_dependent>
      <default_value>true</default_value>
      <choices>
        <choice>
          <value>true</value>
          <display_name>true</display_name>
        </choice>
        <choice>
          <value>false</value>
          <display_name>false</display_name>
        </choice>
      </choices>
    </argument>
  </arguments>
  <outputs/>
  <provenances/>
  <tags>
    <tag>HVAC.Heating</tag>
  </tags>
  <attributes>
    <attribute>
      <name>Measure Type</name>
      <value>ModelMeasure</value>
      <datatype>string</datatype>
    </attribute>
    <attribute>
      <name>Measure Function</name>
      <value>Measure</value>
      <datatype>string</datatype>
    </attribute>
    <attribute>
      <name>Requires EnergyPlus Results</name>
      <value>false</value>
      <datatype>boolean</datatype>
    </attribute>
    <attribute>
      <name>Uses SketchUp API</name>
      <value>false</value>
      <datatype>boolean</datatype>
    </attribute>
  </attributes>
  <files>
    <file>
      <version>
        <software_program>OpenStudio</software_program>
        <identifier>1.0.0</identifier>
        <min_compatible>1.8.0</min_compatible>
      </version>
      <filename>measure.rb</filename>
      <filetype>rb</filetype>
      <usage_type>script</usage_type>
      <checksum>DB8CAB06</checksum>
    </file>
    <file>
      <filename>SetBoilerThermalEfficiency_Test.rb</filename>
      <filetype>rb</filetype>
      <usage_type>test</usage_type>
      <checksum>90DEF49F</checksum>
    </file>
  </files>
</measure>
