<measure>
  <schema_version>3.0</schema_version>
  <name>btap_create_necb_prototype_building</name>
  <uid>3e9acd53-8602-4749-a655-7cbbe48e8b30</uid>
  <version_id>922a9030-878b-47ff-8776-18fbe47bdb12</version_id>
  <version_modified>20190603T174932Z</version_modified>
  <xml_checksum>2C38F48B</xml_checksum>
  <class_name>BTAPCreateNECBPrototypeBuilding</class_name>
  <display_name>BTAPCreateNECBPrototypeBuilding</display_name>
  <description>This measure creates an NECB prototype building from scratch and uses it as the base for an analysis.</description>
  <modeler_description>This will replaced the model object with a brand new model. It effectively ignores the seed model.</modeler_description>
  <arguments>
    <argument>
      <name>building_type</name>
      <display_name>Building Type.</display_name>
      <type>Choice</type>
      <required>true</required>
      <model_dependent>false</model_dependent>
      <default_value>SmallOffice</default_value>
      <choices>
        <choice>
          <value>SecondarySchool</value>
          <display_name>SecondarySchool</display_name>
        </choice>
        <choice>
          <value>PrimarySchool</value>
          <display_name>PrimarySchool</display_name>
        </choice>
        <choice>
          <value>SmallOffice</value>
          <display_name>SmallOffice</display_name>
        </choice>
        <choice>
          <value>MediumOffice</value>
          <display_name>MediumOffice</display_name>
        </choice>
        <choice>
          <value>LargeOffice</value>
          <display_name>LargeOffice</display_name>
        </choice>
        <choice>
          <value>SmallHotel</value>
          <display_name>SmallHotel</display_name>
        </choice>
        <choice>
          <value>LargeHotel</value>
          <display_name>LargeHotel</display_name>
        </choice>
        <choice>
          <value>Warehouse</value>
          <display_name>Warehouse</display_name>
        </choice>
        <choice>
          <value>RetailStandalone</value>
          <display_name>RetailStandalone</display_name>
        </choice>
        <choice>
          <value>RetailStripmall</value>
          <display_name>RetailStripmall</display_name>
        </choice>
        <choice>
          <value>QuickServiceRestaurant</value>
          <display_name>QuickServiceRestaurant</display_name>
        </choice>
        <choice>
          <value>FullServiceRestaurant</value>
          <display_name>FullServiceRestaurant</display_name>
        </choice>
        <choice>
          <value>MidriseApartment</value>
          <display_name>MidriseApartment</display_name>
        </choice>
        <choice>
          <value>HighriseApartment</value>
          <display_name>HighriseApartment</display_name>
        </choice>
        <choice>
          <value>Hospital</value>
          <display_name>Hospital</display_name>
        </choice>
        <choice>
          <value>Outpatient</value>
          <display_name>Outpatient</display_name>
        </choice>
      </choices>
    </argument>
    <argument>
      <name>template</name>
      <display_name>Template.</display_name>
      <type>Choice</type>
      <required>true</required>
      <model_dependent>false</model_dependent>
      <default_value>NECB2011</default_value>
      <choices>
        <choice>
          <value>NECB2011</value>
          <display_name>NECB2011</display_name>
        </choice>
        <choice>
          <value>NECB2015</value>
          <display_name>NECB2015</display_name>
        </choice>
        <choice>
          <value>NECB2017</value>
          <display_name>NECB2017</display_name>
        </choice>
      </choices>
    </argument>
    <argument>
      <name>epw_file</name>
      <display_name>Climate File</display_name>
      <type>Choice</type>
      <required>true</required>
      <model_dependent>false</model_dependent>
      <default_value>CAN_AB_Banff.CS.711220_CWEC2016.epw</default_value>
      <choices>
        <choice>
          <value>CAN_AB_Banff.CS.711220_CWEC2016.epw</value>
          <display_name>CAN_AB_Banff.CS.711220_CWEC2016.epw</display_name>
        </choice>
        <choice>
          <value>CAN_AB_Calgary.Intl.AP.718770_CWEC2016.epw</value>
          <display_name>CAN_AB_Calgary.Intl.AP.718770_CWEC2016.epw</display_name>
        </choice>
        <choice>
          <value>CAN_AB_Edmonton.Intl.AP.711230_CWEC2016.epw</value>
          <display_name>CAN_AB_Edmonton.Intl.AP.711230_CWEC2016.epw</display_name>
        </choice>
        <choice>
          <value>CAN_AB_Edmonton.Stony.Plain.AP.711270_CWEC2016.epw</value>
          <display_name>CAN_AB_Edmonton.Stony.Plain.AP.711270_CWEC2016.epw</display_name>
        </choice>
        <choice>
          <value>CAN_AB_Fort.McMurray.AP.716890_CWEC2016.epw</value>
          <display_name>CAN_AB_Fort.McMurray.AP.716890_CWEC2016.epw</display_name>
        </choice>
        <choice>
          <value>CAN_AB_Grande.Prairie.AP.719400_CWEC2016.epw</value>
          <display_name>CAN_AB_Grande.Prairie.AP.719400_CWEC2016.epw</display_name>
        </choice>
        <choice>
          <value>CAN_AB_Lethbridge.AP.712430_CWEC2016.epw</value>
          <display_name>CAN_AB_Lethbridge.AP.712430_CWEC2016.epw</display_name>
        </choice>
        <choice>
          <value>CAN_AB_Medicine.Hat.AP.710260_CWEC2016.epw</value>
          <display_name>CAN_AB_Medicine.Hat.AP.710260_CWEC2016.epw</display_name>
        </choice>
        <choice>
          <value>CAN_BC_Abbotsford.Intl.AP.711080_CWEC2016.epw</value>
          <display_name>CAN_BC_Abbotsford.Intl.AP.711080_CWEC2016.epw</display_name>
        </choice>
        <choice>
          <value>CAN_BC_Comox.Valley.AP.718930_CWEC2016.epw</value>
          <display_name>CAN_BC_Comox.Valley.AP.718930_CWEC2016.epw</display_name>
        </choice>
        <choice>
          <value>CAN_BC_Crankbrook-Canadian.Rockies.Intl.AP.718800_CWEC2016.epw</value>
          <display_name>CAN_BC_Crankbrook-Canadian.Rockies.Intl.AP.718800_CWEC2016.epw</display_name>
        </choice>
        <choice>
          <value>CAN_BC_Fort.St.John-North.Peace.Rgnl.AP.719430_CWEC2016.epw</value>
          <display_name>CAN_BC_Fort.St.John-North.Peace.Rgnl.AP.719430_CWEC2016.epw</display_name>
        </choice>
        <choice>
          <value>CAN_BC_Hope.Rgnl.Airpark.711870_CWEC2016.epw</value>
          <display_name>CAN_BC_Hope.Rgnl.Airpark.711870_CWEC2016.epw</display_name>
        </choice>
        <choice>
          <value>CAN_BC_Kamloops.AP.718870_CWEC2016.epw</value>
          <display_name>CAN_BC_Kamloops.AP.718870_CWEC2016.epw</display_name>
        </choice>
        <choice>
          <value>CAN_BC_Port.Hardy.AP.711090_CWEC2016.epw</value>
          <display_name>CAN_BC_Port.Hardy.AP.711090_CWEC2016.epw</display_name>
        </choice>
        <choice>
          <value>CAN_BC_Prince.George.Intl.AP.718960_CWEC2016.epw</value>
          <display_name>CAN_BC_Prince.George.Intl.AP.718960_CWEC2016.epw</display_name>
        </choice>
        <choice>
          <value>CAN_BC_Smithers.Rgnl.AP.719500_CWEC2016.epw</value>
          <display_name>CAN_BC_Smithers.Rgnl.AP.719500_CWEC2016.epw</display_name>
        </choice>
        <choice>
          <value>CAN_BC_Summerland.717680_CWEC2016.epw</value>
          <display_name>CAN_BC_Summerland.717680_CWEC2016.epw</display_name>
        </choice>
        <choice>
          <value>CAN_BC_Vancouver.Intl.AP.718920_CWEC2016.epw</value>
          <display_name>CAN_BC_Vancouver.Intl.AP.718920_CWEC2016.epw</display_name>
        </choice>
        <choice>
          <value>CAN_BC_Victoria.Intl.AP.717990_CWEC2016.epw</value>
          <display_name>CAN_BC_Victoria.Intl.AP.717990_CWEC2016.epw</display_name>
        </choice>
        <choice>
          <value>CAN_MB_Brandon.Muni.AP.711400_CWEC2016.epw</value>
          <display_name>CAN_MB_Brandon.Muni.AP.711400_CWEC2016.epw</display_name>
        </choice>
        <choice>
          <value>CAN_MB_The.Pas.AP.718670_CWEC2016.epw</value>
          <display_name>CAN_MB_The.Pas.AP.718670_CWEC2016.epw</display_name>
        </choice>
        <choice>
          <value>CAN_MB_Winnipeg-Richardson.Intl.AP.718520_CWEC2016.epw</value>
          <display_name>CAN_MB_Winnipeg-Richardson.Intl.AP.718520_CWEC2016.epw</display_name>
        </choice>
        <choice>
          <value>CAN_NB_Fredericton.Intl.AP.717000_CWEC2016.epw</value>
          <display_name>CAN_NB_Fredericton.Intl.AP.717000_CWEC2016.epw</display_name>
        </choice>
        <choice>
          <value>CAN_NB_Miramichi.AP.717440_CWEC2016.epw</value>
          <display_name>CAN_NB_Miramichi.AP.717440_CWEC2016.epw</display_name>
        </choice>
        <choice>
          <value>CAN_NB_Saint.John.AP.716090_CWEC2016.epw</value>
          <display_name>CAN_NB_Saint.John.AP.716090_CWEC2016.epw</display_name>
        </choice>
        <choice>
          <value>CAN_NL_Gander.Intl.AP-CFB.Gander.718030_CWEC2016.epw</value>
          <display_name>CAN_NL_Gander.Intl.AP-CFB.Gander.718030_CWEC2016.epw</display_name>
        </choice>
        <choice>
          <value>CAN_NL_Goose.Bay.AP-CFB.Goose.Bay.718160_CWEC2016.epw</value>
          <display_name>CAN_NL_Goose.Bay.AP-CFB.Goose.Bay.718160_CWEC2016.epw</display_name>
        </choice>
        <choice>
          <value>CAN_NL_St.Johns.Intl.AP.718010_CWEC2016.epw</value>
          <display_name>CAN_NL_St.Johns.Intl.AP.718010_CWEC2016.epw</display_name>
        </choice>
        <choice>
          <value>CAN_NL_Stephenville.Intl.AP.718150_CWEC2016.epw</value>
          <display_name>CAN_NL_Stephenville.Intl.AP.718150_CWEC2016.epw</display_name>
        </choice>
        <choice>
          <value>CAN_NS_CFB.Greenwood.713970_CWEC2016.epw</value>
          <display_name>CAN_NS_CFB.Greenwood.713970_CWEC2016.epw</display_name>
        </choice>
        <choice>
          <value>CAN_NS_CFB.Shearwater.716010_CWEC2016.epw</value>
          <display_name>CAN_NS_CFB.Shearwater.716010_CWEC2016.epw</display_name>
        </choice>
        <choice>
          <value>CAN_NS_Sable.Island.Natl.Park.716000_CWEC2016.epw</value>
          <display_name>CAN_NS_Sable.Island.Natl.Park.716000_CWEC2016.epw</display_name>
        </choice>
        <choice>
          <value>CAN_NS_Sydney-McCurdy.AP.717070_8205701_CWEC2016.epw</value>
          <display_name>CAN_NS_Sydney-McCurdy.AP.717070_8205701_CWEC2016.epw</display_name>
        </choice>
        <choice>
          <value>CAN_NS_Truro.713980_CWEC.epw</value>
          <display_name>CAN_NS_Truro.713980_CWEC.epw</display_name>
        </choice>
        <choice>
          <value>CAN_NT_Inuvik-Zubko.AP.719570_CWEC2016.epw</value>
          <display_name>CAN_NT_Inuvik-Zubko.AP.719570_CWEC2016.epw</display_name>
        </choice>
        <choice>
          <value>CAN_NT_Yellowknife.AP.719360_CWEC2016.epw</value>
          <display_name>CAN_NT_Yellowknife.AP.719360_CWEC2016.epw</display_name>
        </choice>
        <choice>
          <value>CAN_ON_Armstrong.AP.718410_CWEC2016.epw</value>
          <display_name>CAN_ON_Armstrong.AP.718410_CWEC2016.epw</display_name>
        </choice>
        <choice>
          <value>CAN_ON_CFB.Trenton.716210_CWEC2016.epw</value>
          <display_name>CAN_ON_CFB.Trenton.716210_CWEC2016.epw</display_name>
        </choice>
        <choice>
          <value>CAN_ON_Dryden.Rgnl.AP.715270_CWEC2016.epw</value>
          <display_name>CAN_ON_Dryden.Rgnl.AP.715270_CWEC2016.epw</display_name>
        </choice>
        <choice>
          <value>CAN_ON_London.Intl.AP.716230_CWEC2016.epw</value>
          <display_name>CAN_ON_London.Intl.AP.716230_CWEC2016.epw</display_name>
        </choice>
        <choice>
          <value>CAN_ON_Moosonee.AP.713980_CWEC2016.epw</value>
          <display_name>CAN_ON_Moosonee.AP.713980_CWEC2016.epw</display_name>
        </choice>
        <choice>
          <value>CAN_ON_Mount.Forest.716310_CWEC2016.epw</value>
          <display_name>CAN_ON_Mount.Forest.716310_CWEC2016.epw</display_name>
        </choice>
        <choice>
          <value>CAN_ON_North.Bay-Garland.AP.717310_CWEC2016.epw</value>
          <display_name>CAN_ON_North.Bay-Garland.AP.717310_CWEC2016.epw</display_name>
        </choice>
        <choice>
          <value>CAN_ON_Ottawa-Macdonald-Cartier.Intl.AP.716280_CWEC2016.epw</value>
          <display_name>CAN_ON_Ottawa-Macdonald-Cartier.Intl.AP.716280_CWEC2016.epw</display_name>
        </choice>
        <choice>
          <value>CAN_ON_Sault.Ste.Marie.AP.712600_CWEC2016.epw</value>
          <display_name>CAN_ON_Sault.Ste.Marie.AP.712600_CWEC2016.epw</display_name>
        </choice>
        <choice>
          <value>CAN_ON_Timmins.Power.AP.717390_CWEC2016.epw</value>
          <display_name>CAN_ON_Timmins.Power.AP.717390_CWEC2016.epw</display_name>
        </choice>
        <choice>
          <value>CAN_ON_Toronto.Pearson.Intl.AP.716240_CWEC2016.epw</value>
          <display_name>CAN_ON_Toronto.Pearson.Intl.AP.716240_CWEC2016.epw</display_name>
        </choice>
        <choice>
          <value>CAN_ON_Windsor.Intl.AP.715380_CWEC2016.epw</value>
          <display_name>CAN_ON_Windsor.Intl.AP.715380_CWEC2016.epw</display_name>
        </choice>
        <choice>
          <value>CAN_PE_Charlottetown.AP.717060_CWEC2016.epw</value>
          <display_name>CAN_PE_Charlottetown.AP.717060_CWEC2016.epw</display_name>
        </choice>
        <choice>
          <value>CAN_QC_Kuujjuaq.AP.719060_CWEC2016.epw</value>
          <display_name>CAN_QC_Kuujjuaq.AP.719060_CWEC2016.epw</display_name>
        </choice>
        <choice>
          <value>CAN_QC_Kuujuarapik.AP.719050_CWEC2016.epw</value>
          <display_name>CAN_QC_Kuujuarapik.AP.719050_CWEC2016.epw</display_name>
        </choice>
        <choice>
          <value>CAN_QC_Lac.Eon.AP.714210_CWEC2016.epw</value>
          <display_name>CAN_QC_Lac.Eon.AP.714210_CWEC2016.epw</display_name>
        </choice>
        <choice>
          <value>CAN_QC_Mont-Joli.AP.717180_CWEC2016.epw</value>
          <display_name>CAN_QC_Mont-Joli.AP.717180_CWEC2016.epw</display_name>
        </choice>
        <choice>
          <value>CAN_QC_Montreal-Mirabel.Intl.AP.719050_CWEC2016.epw</value>
          <display_name>CAN_QC_Montreal-Mirabel.Intl.AP.719050_CWEC2016.epw</display_name>
        </choice>
        <choice>
          <value>CAN_QC_Montreal-St-Hubert.Longueuil.AP.713710_CWEC2016.epw</value>
          <display_name>CAN_QC_Montreal-St-Hubert.Longueuil.AP.713710_CWEC2016.epw</display_name>
        </choice>
        <choice>
          <value>CAN_QC_Montreal-Trudeau.Intl.AP.716270_CWEC2016.epw</value>
          <display_name>CAN_QC_Montreal-Trudeau.Intl.AP.716270_CWEC2016.epw</display_name>
        </choice>
        <choice>
          <value>CAN_QC_Quebec-Lesage.Intl.AP.717140_CWEC2016.epw</value>
          <display_name>CAN_QC_Quebec-Lesage.Intl.AP.717140_CWEC2016.epw</display_name>
        </choice>
        <choice>
          <value>CAN_QC_Riviere-du-Loup.717150_CWEC2016.epw</value>
          <display_name>CAN_QC_Riviere-du-Loup.717150_CWEC2016.epw</display_name>
        </choice>
        <choice>
          <value>CAN_QC_Roberval.AP.717280_CWEC2016.epw</value>
          <display_name>CAN_QC_Roberval.AP.717280_CWEC2016.epw</display_name>
        </choice>
        <choice>
          <value>CAN_QC_Saguenay-Bagotville.AP-CFB.Bagotville.717270_CWEC2016.epw</value>
          <display_name>CAN_QC_Saguenay-Bagotville.AP-CFB.Bagotville.717270_CWEC2016.epw</display_name>
        </choice>
        <choice>
          <value>CAN_QC_Schefferville.AP.718280_CWEC2016.epw</value>
          <display_name>CAN_QC_Schefferville.AP.718280_CWEC2016.epw</display_name>
        </choice>
        <choice>
          <value>CAN_QC_Sept-Iles.AP.718110_CWEC2016.epw</value>
          <display_name>CAN_QC_Sept-Iles.AP.718110_CWEC2016.epw</display_name>
        </choice>
        <choice>
          <value>CAN_QC_Val-d-Or.Rgnl.AP.717250_CWEC2016.epw</value>
          <display_name>CAN_QC_Val-d-Or.Rgnl.AP.717250_CWEC2016.epw</display_name>
        </choice>
        <choice>
          <value>CAN_SK_Estevan.Rgnl.AP.718620_CWEC2016.epw</value>
          <display_name>CAN_SK_Estevan.Rgnl.AP.718620_CWEC2016.epw</display_name>
        </choice>
        <choice>
          <value>CAN_SK_North.Battleford.AP.718760_CWEC2016.epw</value>
          <display_name>CAN_SK_North.Battleford.AP.718760_CWEC2016.epw</display_name>
        </choice>
        <choice>
          <value>CAN_SK_Saskatoon.Intl.AP.718660_CWEC2016.epw</value>
          <display_name>CAN_SK_Saskatoon.Intl.AP.718660_CWEC2016.epw</display_name>
        </choice>
        <choice>
          <value>CAN_YT_Whitehorse.Intl.AP.719640_CWEC2016.epw</value>
          <display_name>CAN_YT_Whitehorse.Intl.AP.719640_CWEC2016.epw</display_name>
        </choice>
      </choices>
    </argument>
    <argument>
      <name>new_auto_zoner</name>
      <display_name>Use New Autozone method?</display_name>
      <type>Boolean</type>
      <required>true</required>
      <model_dependent>false</model_dependent>
      <default_value>false</default_value>
      <choices>
        <choice>
          <value>true</value>
          <display_name>true</display_name>
        </choice>
        <choice>
          <value>false</value>
          <display_name>false</display_name>
        </choice>
      </choices>
    </argument>
    <argument>
      <name>fdwr</name>
      <display_name>Fenestration and Door to Wall Ratio (set a value between 0 and 1, or set to 1.1 or ignore to use NECB maximum).</display_name>
      <type>Double</type>
      <required>false</required>
      <model_dependent>false</model_dependent>
      <default_value>1.1</default_value>
    </argument>
    <argument>
      <name>srr</name>
      <display_name>Skylight to Roof Ratio (set a value between 0 and 1, or set to 1.1 or ignore to use NECB maximum).</display_name>
      <type>Double</type>
      <required>false</required>
      <model_dependent>false</model_dependent>
      <default_value>1.1</default_value>
    </argument>
  </arguments>
  <outputs/>
  <provenances/>
  <tags>
    <tag>Whole Building.Space Types</tag>
  </tags>
  <attributes>
    <attribute>
      <name>Measure Type</name>
      <value>ModelMeasure</value>
      <datatype>string</datatype>
    </attribute>
  </attributes>
  <files>
    <file>
      <filename>BTAPMeasureHelper.rb</filename>
      <filetype>rb</filetype>
      <usage_type>resource</usage_type>
      <checksum>17C3D1F2</checksum>
    </file>
    <file>
      <filename>test.rb</filename>
      <filetype>rb</filetype>
      <usage_type>test</usage_type>
      <checksum>A53A1C93</checksum>
    </file>
    <file>
      <version>
        <software_program>OpenStudio</software_program>
        <identifier>2.4.1</identifier>
        <min_compatible>2.4.1</min_compatible>
      </version>
      <filename>measure.rb</filename>
      <filetype>rb</filetype>
      <usage_type>script</usage_type>
      <checksum>A9A30474</checksum>
    </file>
  </files>
</measure>
