<measure>
  <schema_version>3.0</schema_version>
  <name>btapdoasvrf</name>
  <uid>b48dc234-3f04-4153-b380-28de7b0c7a8f</uid>
  <version_id>a82ee30e-462b-4800-befe-df6816051c3e</version_id>
  <version_modified>20190806T024804Z</version_modified>
  <xml_checksum>2609226D</xml_checksum>
  <class_name>BTAPDOASVRF</class_name>
  <display_name>BTAPDOASVRF</display_name>
  <description>Changes air loop to doas, adds vrf for those zones</description>
  <modeler_description>This template measure is used to ensure consistency in BTAP measures.</modeler_description>
  <arguments>
    <argument>
      <name>loops_to_change</name>
      <display_name>loops_to_change</display_name>
      <type>String</type>
      <required>false</required>
      <model_dependent>false</model_dependent>
      <default_value>All</default_value>
    </argument>
  </arguments>
  <outputs/>
  <provenances/>
  <tags>
    <tag>Envelope.Opaque</tag>
  </tags>
  <attributes>
    <attribute>
      <name>Measure Type</name>
      <value>ModelMeasure</value>
      <datatype>string</datatype>
    </attribute>
    <attribute>
      <name>Intended Software Tool</name>
      <value>Apply Measure Now</value>
      <datatype>string</datatype>
    </attribute>
    <attribute>
      <name>Intended Software Tool</name>
      <value>OpenStudio Application</value>
      <datatype>string</datatype>
    </attribute>
    <attribute>
      <name>Intended Software Tool</name>
      <value>Parametric Analysis Tool</value>
      <datatype>string</datatype>
    </attribute>
  </attributes>
  <files>
    <file>
      <filename>test.rb</filename>
      <filetype>rb</filetype>
      <usage_type>test</usage_type>
      <checksum>5E7EBF34</checksum>
    </file>
    <file>
      <version>
        <software_program>OpenStudio</software_program>
        <identifier>2.3.0</identifier>
        <min_compatible>2.3.0</min_compatible>
      </version>
      <filename>measure.rb</filename>
      <filetype>rb</filetype>
      <usage_type>script</usage_type>
      <checksum>6C164341</checksum>
    </file>
    <file>
      <filename>BTAPMeasureHelper.rb</filename>
      <filetype>rb</filetype>
      <usage_type>resource</usage_type>
      <checksum>584F9D0A</checksum>
    </file>
  </files>
</measure>
