Time,SYS_3_PSZ ALL_ST=SALES AREA_FL=BUILDING STORY 1_SCH=C:DesPer 1:Des Heat Mass Flow [kg/s],SYS_3_PSZ ALL_ST=SALES AREA_FL=BUILDING STORY 1_SCH=C:DesPer 1:Des Heat Cap [W],SYS_3_PSZ ALL_ST=SALES AREA_FL=BUILDING STORY 1_SCH=C:DesPer 1:Des Cool Mass Flow [kg/s],SYS_3_PSZ ALL_ST=SALES AREA_FL=BUILDING STORY 1_SCH=C:DesPer 1:Des Sens Cool Cap [W],SYS_3_PSZ ALL_ST=SALES AREA_FL=BUILDING STORY 1_SCH=C:DesPer 1:Des Tot Cool Cap [W],SYS_3_PSZ ALL_ST=SALES AREA_FL=BUILDING STORY 1_SCH=C:DesPer 2:Des Heat Mass Flow [kg/s],SYS_3_PSZ ALL_ST=SALES AREA_FL=BUILDING STORY 1_SCH=C:DesPer 2:Des Heat Cap [W],SYS_3_PSZ ALL_ST=SALES AREA_FL=BUILDING STORY 1_SCH=C:DesPer 2:Des Cool Mass Flow [kg/s],SYS_3_PSZ ALL_ST=SALES AREA_FL=BUILDING STORY 1_SCH=C:DesPer 2:Des Sens Cool Cap [W],SYS_3_PSZ ALL_ST=SALES AREA_FL=BUILDING STORY 1_SCH=C:DesPer 2:Des Tot Cool Cap [W],SYS_3_PSZ ALL_ST=SALES AREA_FL=BUILDING STORY 1_SCH=C 1:DesPer 1:Des Heat Mass Flow [kg/s],SYS_3_PSZ ALL_ST=SALES AREA_FL=BUILDING STORY 1_SCH=C 1:DesPer 1:Des Heat Cap [W],SYS_3_PSZ ALL_ST=SALES AREA_FL=BUILDING STORY 1_SCH=C 1:DesPer 1:Des Cool Mass Flow [kg/s],SYS_3_PSZ ALL_ST=SALES AREA_FL=BUILDING STORY 1_SCH=C 1:DesPer 1:Des Sens Cool Cap [W],SYS_3_PSZ ALL_ST=SALES AREA_FL=BUILDING STORY 1_SCH=C 1:DesPer 1:Des Tot Cool Cap [W],SYS_3_PSZ ALL_ST=SALES AREA_FL=BUILDING STORY 1_SCH=C 1:DesPer 2:Des Heat Mass Flow [kg/s],SYS_3_PSZ ALL_ST=SALES AREA_FL=BUILDING STORY 1_SCH=C 1:DesPer 2:Des Heat Cap [W],SYS_3_PSZ ALL_ST=SALES AREA_FL=BUILDING STORY 1_SCH=C 1:DesPer 2:Des Cool Mass Flow [kg/s],SYS_3_PSZ ALL_ST=SALES AREA_FL=BUILDING STORY 1_SCH=C 1:DesPer 2:Des Sens Cool Cap [W],SYS_3_PSZ ALL_ST=SALES AREA_FL=BUILDING STORY 1_SCH=C 1:DesPer 2:Des Tot Cool Cap [W],SYS_3_PSZ ALL_ST=SALES AREA_FL=BUILDING STORY 1_SCH=C 2:DesPer 1:Des Heat Mass Flow [kg/s],SYS_3_PSZ ALL_ST=SALES AREA_FL=BUILDING STORY 1_SCH=C 2:DesPer 1:Des Heat Cap [W],SYS_3_PSZ ALL_ST=SALES AREA_FL=BUILDING STORY 1_SCH=C 2:DesPer 1:Des Cool Mass Flow [kg/s],SYS_3_PSZ ALL_ST=SALES AREA_FL=BUILDING STORY 1_SCH=C 2:DesPer 1:Des Sens Cool Cap [W],SYS_3_PSZ ALL_ST=SALES AREA_FL=BUILDING STORY 1_SCH=C 2:DesPer 1:Des Tot Cool Cap [W],SYS_3_PSZ ALL_ST=SALES AREA_FL=BUILDING STORY 1_SCH=C 2:DesPer 2:Des Heat Mass Flow [kg/s],SYS_3_PSZ ALL_ST=SALES AREA_FL=BUILDING STORY 1_SCH=C 2:DesPer 2:Des Heat Cap [W],SYS_3_PSZ ALL_ST=SALES AREA_FL=BUILDING STORY 1_SCH=C 2:DesPer 2:Des Cool Mass Flow [kg/s],SYS_3_PSZ ALL_ST=SALES AREA_FL=BUILDING STORY 1_SCH=C 2:DesPer 2:Des Sens Cool Cap [W],SYS_3_PSZ ALL_ST=SALES AREA_FL=BUILDING STORY 1_SCH=C 2:DesPer 2:Des Tot Cool Cap [W]
00:10:00,2.152717E+00,5.225584E+04,2.152717E+00,1.263944E+04,8.922176E+03,2.152717E+00,1.806252E+05,2.152717E+00,0.000000E+00,0.000000E+00,2.391907E-01,5.806204E+03,2.391907E-01,1.404382E+03,9.913528E+02,2.391907E-01,2.006946E+04,2.391907E-01,0.000000E+00,0.000000E+00,4.783815E-01,1.161241E+04,4.783815E-01,2.808764E+03,1.982706E+03,4.783815E-01,4.013893E+04,4.783815E-01,0.000000E+00,0.000000E+00
00:20:00,2.152717E+00,5.242673E+04,2.152717E+00,1.246855E+04,8.748839E+03,2.152717E+00,1.806252E+05,2.152717E+00,0.000000E+00,0.000000E+00,2.391907E-01,5.825192E+03,2.391907E-01,1.385394E+03,9.720932E+02,2.391907E-01,2.006946E+04,2.391907E-01,0.000000E+00,0.000000E+00,4.783815E-01,1.165038E+04,4.783815E-01,2.770788E+03,1.944186E+03,4.783815E-01,4.013893E+04,4.783815E-01,0.000000E+00,0.000000E+00
00:30:00,2.152717E+00,5.259762E+04,2.152717E+00,1.229765E+04,8.575502E+03,2.152717E+00,1.806252E+05,2.152717E+00,0.000000E+00,0.000000E+00,2.391907E-01,5.844180E+03,2.391907E-01,1.366406E+03,9.528336E+02,2.391907E-01,2.006946E+04,2.391907E-01,0.000000E+00,0.000000E+00,4.783815E-01,1.168836E+04,4.783815E-01,2.732812E+03,1.905667E+03,4.783815E-01,4.013893E+04,4.783815E-01,0.000000E+00,0.000000E+00
00:40:00,2.152717E+00,5.276851E+04,2.152717E+00,1.212676E+04,8.402131E+03,2.152717E+00,1.806252E+05,2.152717E+00,0.000000E+00,0.000000E+00,2.391907E-01,5.863168E+03,2.391907E-01,1.347418E+03,9.335701E+02,2.391907E-01,2.006946E+04,2.391907E-01,0.000000E+00,0.000000E+00,4.783815E-01,1.172634E+04,4.783815E-01,2.694836E+03,1.867140E+03,4.783815E-01,4.013893E+04,4.783815E-01,0.000000E+00,0.000000E+00
00:50:00,2.152717E+00,5.293940E+04,2.152717E+00,1.195587E+04,8.228794E+03,2.152717E+00,1.806252E+05,2.152717E+00,0.000000E+00,0.000000E+00,2.391907E-01,5.882156E+03,2.391907E-01,1.328430E+03,9.143105E+02,2.391907E-01,2.006946E+04,2.391907E-01,0.000000E+00,0.000000E+00,4.783815E-01,1.176431E+04,4.783815E-01,2.656861E+03,1.828621E+03,4.783815E-01,4.013893E+04,4.783815E-01,0.000000E+00,0.000000E+00
01:00:00,2.152717E+00,5.311029E+04,2.152717E+00,1.178498E+04,8.055460E+03,2.152717E+00,1.806252E+05,2.152717E+00,0.000000E+00,0.000000E+00,2.391907E-01,5.901144E+03,2.391907E-01,1.309442E+03,8.950511E+02,2.391907E-01,2.006946E+04,2.391907E-01,0.000000E+00,0.000000E+00,4.783815E-01,1.180229E+04,4.783815E-01,2.618885E+03,1.790102E+03,4.783815E-01,4.013893E+04,4.783815E-01,0.000000E+00,0.000000E+00
01:10:00,2.152717E+00,5.322422E+04,2.152717E+00,1.167105E+04,7.939878E+03,2.152717E+00,1.806252E+05,2.152717E+00,0.000000E+00,0.000000E+00,2.391907E-01,5.913802E+03,2.391907E-01,1.296784E+03,8.822086E+02,2.391907E-01,2.006946E+04,2.391907E-01,0.000000E+00,0.000000E+00,4.783815E-01,1.182760E+04,4.783815E-01,2.593568E+03,1.764417E+03,4.783815E-01,4.013893E+04,4.783815E-01,0.000000E+00,0.000000E+00
01:20:00,2.152717E+00,5.333815E+04,2.152717E+00,1.155713E+04,7.824331E+03,2.152717E+00,1.806252E+05,2.152717E+00,0.000000E+00,0.000000E+00,2.391907E-01,5.926461E+03,2.391907E-01,1.284125E+03,8.693701E+02,2.391907E-01,2.006946E+04,2.391907E-01,0.000000E+00,0.000000E+00,4.783815E-01,1.185292E+04,4.783815E-01,2.568250E+03,1.738740E+03,4.783815E-01,4.013893E+04,4.783815E-01,0.000000E+00,0.000000E+00
01:30:00,2.152717E+00,5.345207E+04,2.152717E+00,1.144320E+04,7.708751E+03,2.152717E+00,1.806252E+05,2.152717E+00,0.000000E+00,0.000000E+00,2.391907E-01,5.939119E+03,2.391907E-01,1.271467E+03,8.565279E+02,2.391907E-01,2.006946E+04,2.391907E-01,0.000000E+00,0.000000E+00,4.783815E-01,1.187824E+04,4.783815E-01,2.542933E+03,1.713056E+03,4.783815E-01,4.013893E+04,4.783815E-01,0.000000E+00,0.000000E+00
01:40:00,2.152717E+00,5.356600E+04,2.152717E+00,1.132927E+04,7.593170E+03,2.152717E+00,1.806252E+05,2.152717E+00,0.000000E+00,0.000000E+00,2.391907E-01,5.951778E+03,2.391907E-01,1.258808E+03,8.436856E+02,2.391907E-01,2.006946E+04,2.391907E-01,0.000000E+00,0.000000E+00,4.783815E-01,1.190356E+04,4.783815E-01,2.517616E+03,1.687371E+03,4.783815E-01,4.013893E+04,4.783815E-01,0.000000E+00,0.000000E+00
01:50:00,2.152717E+00,5.367993E+04,2.152717E+00,1.121535E+04,7.477625E+03,2.152717E+00,1.806252E+05,2.152717E+00,0.000000E+00,0.000000E+00,2.391907E-01,5.964437E+03,2.391907E-01,1.246149E+03,8.308472E+02,2.391907E-01,2.006946E+04,2.391907E-01,0.000000E+00,0.000000E+00,4.783815E-01,1.192887E+04,4.783815E-01,2.492299E+03,1.661694E+03,4.783815E-01,4.013893E+04,4.783815E-01,0.000000E+00,0.000000E+00
02:00:00,2.152717E+00,5.379386E+04,2.152717E+00,1.110142E+04,7.362045E+03,2.152717E+00,1.806252E+05,2.152717E+00,0.000000E+00,0.000000E+00,2.391907E-01,5.977095E+03,2.391907E-01,1.233491E+03,8.180050E+02,2.391907E-01,2.006946E+04,2.391907E-01,0.000000E+00,0.000000E+00,4.783815E-01,1.195419E+04,4.783815E-01,2.466982E+03,1.636010E+03,4.783815E-01,4.013893E+04,4.783815E-01,0.000000E+00,0.000000E+00
02:10:00,2.152717E+00,5.387930E+04,2.152717E+00,1.101597E+04,7.275394E+03,2.152717E+00,1.806252E+05,2.152717E+00,0.000000E+00,0.000000E+00,2.391907E-01,5.986589E+03,2.391907E-01,1.223997E+03,8.083771E+02,2.391907E-01,2.006946E+04,2.391907E-01,0.000000E+00,0.000000E+00,4.783815E-01,1.197318E+04,4.783815E-01,2.447994E+03,1.616754E+03,4.783815E-01,4.013893E+04,4.783815E-01,0.000000E+00,0.000000E+00
02:20:00,2.152717E+00,5.396475E+04,2.152717E+00,1.093053E+04,7.188707E+03,2.152717E+00,1.806252E+05,2.152717E+00,0.000000E+00,0.000000E+00,2.391907E-01,5.996083E+03,2.391907E-01,1.214503E+03,7.987452E+02,2.391907E-01,2.006946E+04,2.391907E-01,0.000000E+00,0.000000E+00,4.783815E-01,1.199217E+04,4.783815E-01,2.429006E+03,1.597490E+03,4.783815E-01,4.013893E+04,4.783815E-01,0.000000E+00,0.000000E+00
02:30:00,2.152717E+00,5.405019E+04,2.152717E+00,1.084508E+04,7.102023E+03,2.152717E+00,1.806252E+05,2.152717E+00,0.000000E+00,0.000000E+00,2.391907E-01,6.005577E+03,2.391907E-01,1.205009E+03,7.891137E+02,2.391907E-01,2.006946E+04,2.391907E-01,0.000000E+00,0.000000E+00,4.783815E-01,1.201115E+04,4.783815E-01,2.410018E+03,1.578227E+03,4.783815E-01,4.013893E+04,4.783815E-01,0.000000E+00,0.000000E+00
02:40:00,2.152717E+00,5.413564E+04,2.152717E+00,1.075964E+04,7.015371E+03,2.152717E+00,1.806252E+05,2.152717E+00,0.000000E+00,0.000000E+00,2.391907E-01,6.015071E+03,2.391907E-01,1.195515E+03,7.794857E+02,2.391907E-01,2.006946E+04,2.391907E-01,0.000000E+00,0.000000E+00,4.783815E-01,1.203014E+04,4.783815E-01,2.391030E+03,1.558971E+03,4.783815E-01,4.013893E+04,4.783815E-01,0.000000E+00,0.000000E+00
02:50:00,2.152717E+00,5.422108E+04,2.152717E+00,1.067419E+04,6.928687E+03,2.152717E+00,1.806252E+05,2.152717E+00,0.000000E+00,0.000000E+00,2.391907E-01,6.024565E+03,2.391907E-01,1.186021E+03,7.698541E+02,2.391907E-01,2.006946E+04,2.391907E-01,0.000000E+00,0.000000E+00,4.783815E-01,1.204913E+04,4.783815E-01,2.372042E+03,1.539708E+03,4.783815E-01,4.013893E+04,4.783815E-01,0.000000E+00,0.000000E+00
03:00:00,2.152717E+00,5.430653E+04,2.152717E+00,1.058875E+04,6.842001E+03,2.152717E+00,1.806252E+05,2.152717E+00,0.000000E+00,0.000000E+00,2.391907E-01,6.034059E+03,2.391907E-01,1.176527E+03,7.602223E+02,2.391907E-01,2.006946E+04,2.391907E-01,0.000000E+00,0.000000E+00,4.783815E-01,1.206812E+04,4.783815E-01,2.353055E+03,1.520445E+03,4.783815E-01,4.013893E+04,4.783815E-01,0.000000E+00,0.000000E+00
03:10:00,2.152717E+00,5.439197E+04,2.152717E+00,1.050330E+04,6.755352E+03,2.152717E+00,1.806252E+05,2.152717E+00,0.000000E+00,0.000000E+00,2.391907E-01,6.043553E+03,2.391907E-01,1.167033E+03,7.505947E+02,2.391907E-01,2.006946E+04,2.391907E-01,0.000000E+00,0.000000E+00,4.783815E-01,1.208711E+04,4.783815E-01,2.334067E+03,1.501189E+03,4.783815E-01,4.013893E+04,4.783815E-01,0.000000E+00,0.000000E+00
03:20:00,2.152717E+00,5.447742E+04,2.152717E+00,1.041785E+04,6.668665E+03,2.152717E+00,1.806252E+05,2.152717E+00,0.000000E+00,0.000000E+00,2.391907E-01,6.053047E+03,2.391907E-01,1.157539E+03,7.409628E+02,2.391907E-01,2.006946E+04,2.391907E-01,0.000000E+00,0.000000E+00,4.783815E-01,1.210609E+04,4.783815E-01,2.315079E+03,1.481926E+03,4.783815E-01,4.013893E+04,4.783815E-01,0.000000E+00,0.000000E+00
03:30:00,2.152717E+00,5.456286E+04,2.152717E+00,1.033241E+04,6.581980E+03,2.152717E+00,1.806252E+05,2.152717E+00,0.000000E+00,0.000000E+00,2.391907E-01,6.062541E+03,2.391907E-01,1.148045E+03,7.313311E+02,2.391907E-01,2.006946E+04,2.391907E-01,0.000000E+00,0.000000E+00,4.783815E-01,1.212508E+04,4.783815E-01,2.296091E+03,1.462662E+03,4.783815E-01,4.013893E+04,4.783815E-01,0.000000E+00,0.000000E+00
03:40:00,2.152717E+00,5.464831E+04,2.152717E+00,1.024696E+04,6.495330E+03,2.152717E+00,1.806252E+05,2.152717E+00,0.000000E+00,0.000000E+00,2.391907E-01,6.072034E+03,2.391907E-01,1.138552E+03,7.217033E+02,2.391907E-01,2.006946E+04,2.391907E-01,0.000000E+00,0.000000E+00,4.783815E-01,1.214407E+04,4.783815E-01,2.277103E+03,1.443407E+03,4.783815E-01,4.013893E+04,4.783815E-01,0.000000E+00,0.000000E+00
03:50:00,2.152717E+00,5.473376E+04,2.152717E+00,1.016152E+04,6.408645E+03,2.152717E+00,1.806252E+05,2.152717E+00,0.000000E+00,0.000000E+00,2.391907E-01,6.081528E+03,2.391907E-01,1.129058E+03,7.120716E+02,2.391907E-01,2.006946E+04,2.391907E-01,0.000000E+00,0.000000E+00,4.783815E-01,1.216306E+04,4.783815E-01,2.258115E+03,1.424143E+03,4.783815E-01,4.013893E+04,4.783815E-01,0.000000E+00,0.000000E+00
04:00:00,2.152717E+00,5.481920E+04,2.152717E+00,1.007607E+04,6.321958E+03,2.152717E+00,1.806252E+05,2.152717E+00,0.000000E+00,0.000000E+00,2.391907E-01,6.091022E+03,2.391907E-01,1.119564E+03,7.024398E+02,2.391907E-01,2.006946E+04,2.391907E-01,0.000000E+00,0.000000E+00,4.783815E-01,1.218204E+04,4.783815E-01,2.239127E+03,1.404880E+03,4.783815E-01,4.013893E+04,4.783815E-01,0.000000E+00,0.000000E+00
04:10:00,2.152717E+00,5.487616E+04,2.152717E+00,1.001911E+04,6.264168E+03,2.152717E+00,1.806252E+05,2.152717E+00,0.000000E+00,0.000000E+00,2.391907E-01,6.097352E+03,2.391907E-01,1.113234E+03,6.960186E+02,2.391907E-01,2.006946E+04,2.391907E-01,0.000000E+00,0.000000E+00,4.783815E-01,1.219470E+04,4.783815E-01,2.226469E+03,1.392037E+03,4.783815E-01,4.013893E+04,4.783815E-01,0.000000E+00,0.000000E+00
04:20:00,2.152717E+00,5.493313E+04,2.152717E+00,9.962146E+03,6.206412E+03,2.152717E+00,1.806252E+05,2.152717E+00,0.000000E+00,0.000000E+00,2.391907E-01,6.103681E+03,2.391907E-01,1.106905E+03,6.896013E+02,2.391907E-01,2.006946E+04,2.391907E-01,0.000000E+00,0.000000E+00,4.783815E-01,1.220736E+04,4.783815E-01,2.213810E+03,1.379203E+03,4.783815E-01,4.013893E+04,4.783815E-01,0.000000E+00,0.000000E+00
04:30:00,2.152717E+00,5.499009E+04,2.152717E+00,9.905182E+03,6.148621E+03,2.152717E+00,1.806252E+05,2.152717E+00,0.000000E+00,0.000000E+00,2.391907E-01,6.110010E+03,2.391907E-01,1.100576E+03,6.831801E+02,2.391907E-01,2.006946E+04,2.391907E-01,0.000000E+00,0.000000E+00,4.783815E-01,1.222002E+04,4.783815E-01,2.201152E+03,1.366360E+03,4.783815E-01,4.013893E+04,4.783815E-01,0.000000E+00,0.000000E+00
04:40:00,2.152717E+00,5.504706E+04,2.152717E+00,9.848218E+03,6.090832E+03,2.152717E+00,1.806252E+05,2.152717E+00,0.000000E+00,0.000000E+00,2.391907E-01,6.116340E+03,2.391907E-01,1.094246E+03,6.767591E+02,2.391907E-01,2.006946E+04,2.391907E-01,0.000000E+00,0.000000E+00,4.783815E-01,1.223268E+04,4.783815E-01,2.188493E+03,1.353518E+03,4.783815E-01,4.013893E+04,4.783815E-01,0.000000E+00,0.000000E+00
04:50:00,2.152717E+00,5.510402E+04,2.152717E+00,9.791255E+03,6.033042E+03,2.152717E+00,1.806252E+05,2.152717E+00,0.000000E+00,0.000000E+00,2.391907E-01,6.122669E+03,2.391907E-01,1.087917E+03,6.703380E+02,2.391907E-01,2.006946E+04,2.391907E-01,0.000000E+00,0.000000E+00,4.783815E-01,1.224534E+04,4.783815E-01,2.175834E+03,1.340676E+03,4.783815E-01,4.013893E+04,4.783815E-01,0.000000E+00,0.000000E+00
05:00:00,2.152717E+00,5.516098E+04,2.152717E+00,9.734291E+03,5.975284E+03,2.152717E+00,1.806252E+05,2.152717E+00,0.000000E+00,0.000000E+00,2.391907E-01,6.128998E+03,2.391907E-01,1.081588E+03,6.639205E+02,2.391907E-01,2.006946E+04,2.391907E-01,0.000000E+00,0.000000E+00,4.783815E-01,1.225800E+04,4.783815E-01,2.163176E+03,1.327841E+03,4.783815E-01,4.013893E+04,4.783815E-01,0.000000E+00,0.000000E+00
05:10:00,2.152717E+00,5.510402E+04,2.152717E+00,9.791255E+03,6.033042E+03,2.152717E+00,1.806252E+05,2.152717E+00,0.000000E+00,0.000000E+00,2.391907E-01,6.122669E+03,2.391907E-01,1.087917E+03,6.703380E+02,2.391907E-01,2.006946E+04,2.391907E-01,0.000000E+00,0.000000E+00,4.783815E-01,1.224534E+04,4.783815E-01,2.175834E+03,1.340676E+03,4.783815E-01,4.013893E+04,4.783815E-01,0.000000E+00,0.000000E+00
05:20:00,2.152717E+00,5.504706E+04,2.152717E+00,9.848218E+03,6.090832E+03,2.152717E+00,1.806252E+05,2.152717E+00,0.000000E+00,0.000000E+00,2.391907E-01,6.116340E+03,2.391907E-01,1.094246E+03,6.767591E+02,2.391907E-01,2.006946E+04,2.391907E-01,0.000000E+00,0.000000E+00,4.783815E-01,1.223268E+04,4.783815E-01,2.188493E+03,1.353518E+03,4.783815E-01,4.013893E+04,4.783815E-01,0.000000E+00,0.000000E+00
05:30:00,2.152717E+00,5.499009E+04,2.152717E+00,9.905182E+03,6.148621E+03,2.152717E+00,1.806252E+05,2.152717E+00,0.000000E+00,0.000000E+00,2.391907E-01,6.110010E+03,2.391907E-01,1.100576E+03,6.831801E+02,2.391907E-01,2.006946E+04,2.391907E-01,0.000000E+00,0.000000E+00,4.783815E-01,1.222002E+04,4.783815E-01,2.201152E+03,1.366360E+03,4.783815E-01,4.013893E+04,4.783815E-01,0.000000E+00,0.000000E+00
05:40:00,2.152717E+00,5.493313E+04,2.152717E+00,9.962146E+03,6.206412E+03,2.152717E+00,1.806252E+05,2.152717E+00,0.000000E+00,0.000000E+00,2.391907E-01,6.103681E+03,2.391907E-01,1.106905E+03,6.896013E+02,2.391907E-01,2.006946E+04,2.391907E-01,0.000000E+00,0.000000E+00,4.783815E-01,1.220736E+04,4.783815E-01,2.213810E+03,1.379203E+03,4.783815E-01,4.013893E+04,4.783815E-01,0.000000E+00,0.000000E+00
05:50:00,2.152717E+00,5.487616E+04,2.152717E+00,1.001911E+04,6.264168E+03,2.152717E+00,1.806252E+05,2.152717E+00,0.000000E+00,0.000000E+00,2.391907E-01,6.097352E+03,2.391907E-01,1.113234E+03,6.960186E+02,2.391907E-01,2.006946E+04,2.391907E-01,0.000000E+00,0.000000E+00,4.783815E-01,1.219470E+04,4.783815E-01,2.226469E+03,1.392037E+03,4.783815E-01,4.013893E+04,4.783815E-01,0.000000E+00,0.000000E+00
06:00:00,2.152717E+00,5.481920E+04,2.152717E+00,1.007607E+04,6.321958E+03,2.152717E+00,1.806252E+05,2.152717E+00,0.000000E+00,0.000000E+00,2.391907E-01,6.091022E+03,2.391907E-01,1.119564E+03,7.024398E+02,2.391907E-01,2.006946E+04,2.391907E-01,0.000000E+00,0.000000E+00,4.783815E-01,1.218204E+04,4.783815E-01,2.239127E+03,1.404880E+03,4.783815E-01,4.013893E+04,4.783815E-01,0.000000E+00,0.000000E+00
06:10:00,2.152717E+00,5.461983E+04,2.152717E+00,1.027545E+04,6.524191E+03,2.152717E+00,1.806252E+05,2.152717E+00,0.000000E+00,0.000000E+00,2.391907E-01,6.068870E+03,2.391907E-01,1.141716E+03,7.249101E+02,2.391907E-01,2.006946E+04,2.391907E-01,0.000000E+00,0.000000E+00,4.783815E-01,1.213774E+04,4.783815E-01,2.283432E+03,1.449820E+03,4.783815E-01,4.013893E+04,4.783815E-01,0.000000E+00,0.000000E+00
06:20:00,2.152717E+00,5.442046E+04,2.152717E+00,1.047482E+04,6.726455E+03,2.152717E+00,1.806252E+05,2.152717E+00,0.000000E+00,0.000000E+00,2.391907E-01,6.046717E+03,2.391907E-01,1.163869E+03,7.473839E+02,2.391907E-01,2.006946E+04,2.391907E-01,0.000000E+00,0.000000E+00,4.783815E-01,1.209343E+04,4.783815E-01,2.327737E+03,1.494768E+03,4.783815E-01,4.013893E+04,4.783815E-01,0.000000E+00,0.000000E+00
06:30:00,2.152717E+00,5.422108E+04,2.152717E+00,1.067419E+04,6.928687E+03,2.152717E+00,1.806252E+05,2.152717E+00,0.000000E+00,0.000000E+00,2.391907E-01,6.024565E+03,2.391907E-01,1.186021E+03,7.698541E+02,2.391907E-01,2.006946E+04,2.391907E-01,0.000000E+00,0.000000E+00,4.783815E-01,1.204913E+04,4.783815E-01,2.372042E+03,1.539708E+03,4.783815E-01,4.013893E+04,4.783815E-01,0.000000E+00,0.000000E+00
06:40:00,2.152717E+00,5.402171E+04,2.152717E+00,1.087356E+04,7.130918E+03,2.152717E+00,1.806252E+05,2.152717E+00,0.000000E+00,0.000000E+00,2.391907E-01,6.002412E+03,2.391907E-01,1.208174E+03,7.923243E+02,2.391907E-01,2.006946E+04,2.391907E-01,0.000000E+00,0.000000E+00,4.783815E-01,1.200482E+04,4.783815E-01,2.416347E+03,1.584649E+03,4.783815E-01,4.013893E+04,4.783815E-01,0.000000E+00,0.000000E+00
06:50:00,2.152717E+00,5.382234E+04,2.152717E+00,1.107294E+04,7.333150E+03,2.152717E+00,1.806252E+05,2.152717E+00,0.000000E+00,0.000000E+00,2.391907E-01,5.980260E+03,2.391907E-01,1.230326E+03,8.147945E+02,2.391907E-01,2.006946E+04,2.391907E-01,0.000000E+00,0.000000E+00,4.783815E-01,1.196052E+04,4.783815E-01,2.460653E+03,1.629589E+03,4.783815E-01,4.013893E+04,4.783815E-01,0.000000E+00,0.000000E+00
07:00:00,2.152717E+00,5.362296E+04,2.152717E+00,1.127231E+04,7.535417E+03,2.152717E+00,1.806252E+05,2.152717E+00,0.000000E+00,0.000000E+00,2.391907E-01,5.958107E+03,2.391907E-01,1.252479E+03,8.372685E+02,2.391907E-01,2.006946E+04,2.391907E-01,0.000000E+00,0.000000E+00,4.783815E-01,1.191621E+04,4.783815E-01,2.504958E+03,1.674537E+03,4.783815E-01,4.013893E+04,4.783815E-01,0.000000E+00,0.000000E+00
07:10:00,2.152717E+00,5.313877E+04,2.152717E+00,1.175650E+04,8.026565E+03,2.152717E+00,1.806252E+05,2.152717E+00,0.000000E+00,0.000000E+00,2.391907E-01,5.904308E+03,2.391907E-01,1.306278E+03,8.918405E+02,2.391907E-01,2.006946E+04,2.391907E-01,0.000000E+00,0.000000E+00,4.783815E-01,1.180862E+04,4.783815E-01,2.612556E+03,1.783681E+03,4.783815E-01,4.013893E+04,4.783815E-01,0.000000E+00,0.000000E+00
07:20:00,2.152717E+00,5.265458E+04,2.152717E+00,1.224069E+04,8.517713E+03,2.152717E+00,1.806252E+05,2.152717E+00,0.000000E+00,0.000000E+00,2.391907E-01,5.850509E+03,3.228863E-01,2.508469E+03,2.099154E+03,2.391907E-01,2.006946E+04,2.391907E-01,0.000000E+00,0.000000E+00,4.783815E-01,1.170102E+04,4.783815E-01,2.720154E+03,1.892825E+03,4.783815E-01,4.013893E+04,4.783815E-01,0.000000E+00,0.000000E+00
07:30:00,2.152717E+00,5.217039E+04,2.152717E+00,1.272488E+04,9.008861E+03,2.152717E+00,1.806252E+05,2.152717E+00,0.000000E+00,0.000000E+00,2.391907E-01,5.796710E+03,4.782234E-01,4.559195E+03,4.161742E+03,2.391907E-01,2.006946E+04,2.391907E-01,0.000000E+00,0.000000E+00,4.783815E-01,1.159342E+04,4.783815E-01,2.827751E+03,2.001969E+03,4.783815E-01,4.013893E+04,4.783815E-01,0.000000E+00,0.000000E+00
07:40:00,2.152717E+00,5.168620E+04,2.152717E+00,1.320907E+04,9.500009E+03,2.152717E+00,1.806252E+05,2.152717E+00,0.000000E+00,0.000000E+00,2.391907E-01,5.742911E+03,5.607892E-01,5.495180E+03,5.102097E+03,2.497371E-01,2.032224E+04,2.391907E-01,0.000000E+00,0.000000E+00,4.783815E-01,1.148582E+04,4.783815E-01,2.935349E+03,2.111113E+03,4.783815E-01,4.013893E+04,4.783815E-01,0.000000E+00,0.000000E+00
07:50:00,2.152717E+00,5.120201E+04,2.152717E+00,1.369326E+04,9.991157E+03,2.152717E+00,1.806252E+05,2.152717E+00,0.000000E+00,0.000000E+00,2.391907E-01,5.689112E+03,6.431040E-01,6.294102E+03,5.909410E+03,2.621336E-01,2.061169E+04,2.391907E-01,0.000000E+00,0.000000E+00,4.783815E-01,1.137822E+04,4.783815E-01,3.042947E+03,2.220257E+03,4.783815E-01,4.013893E+04,4.783815E-01,0.000000E+00,0.000000E+00
08:00:00,2.152717E+00,5.071782E+04,2.152717E+00,1.417745E+04,1.048231E+04,2.152717E+00,1.806252E+05,2.152717E+00,0.000000E+00,0.000000E+00,2.391907E-01,5.635313E+03,7.231411E-01,6.916587E+03,6.539576E+03,2.729155E-01,2.085521E+04,2.391907E-01,0.000000E+00,0.000000E+00,4.783815E-01,1.127063E+04,4.783815E-01,3.150545E+03,2.329401E+03,4.783815E-01,4.013893E+04,4.783815E-01,0.000000E+00,0.000000E+00
08:10:00,2.152717E+00,5.017667E+04,2.152717E+00,1.471861E+04,1.103124E+04,2.152717E+00,1.806252E+05,2.152717E+00,0.000000E+00,0.000000E+00,2.391907E-01,5.575185E+03,6.038976E-01,5.657083E+03,5.276592E+03,2.860806E-01,2.114475E+04,2.391907E-01,0.000000E+00,0.000000E+00,4.783815E-01,1.115037E+04,4.783815E-01,3.270802E+03,2.451388E+03,4.783815E-01,4.013893E+04,4.783815E-01,0.000000E+00,0.000000E+00
08:20:00,2.152717E+00,4.963551E+04,2.152717E+00,1.525976E+04,1.158018E+04,2.152717E+00,1.806252E+05,2.152717E+00,0.000000E+00,0.000000E+00,2.391907E-01,5.515057E+03,5.679418E-01,5.329395E+03,4.952936E+03,2.928192E-01,2.128132E+04,2.391907E-01,0.000000E+00,0.000000E+00,4.783815E-01,1.103011E+04,4.783815E-01,3.391058E+03,2.573374E+03,4.783815E-01,4.013893E+04,4.783815E-01,0.000000E+00,0.000000E+00
08:30:00,2.152717E+00,4.909436E+04,2.152717E+00,1.580092E+04,1.212912E+04,2.152717E+00,1.806252E+05,2.152717E+00,0.000000E+00,0.000000E+00,2.391907E-01,5.454928E+03,4.961337E-01,4.595788E+03,4.218228E+03,2.991670E-01,2.140467E+04,2.391907E-01,0.000000E+00,0.000000E+00,4.783815E-01,1.090986E+04,4.783815E-01,3.511315E+03,2.695360E+03,4.783815E-01,4.013893E+04,4.783815E-01,0.000000E+00,0.000000E+00
08:40:00,2.152717E+00,4.855320E+04,2.152717E+00,1.634207E+04,1.267806E+04,2.152717E+00,1.806252E+05,2.152717E+00,0.000000E+00,0.000000E+00,2.391907E-01,5.394800E+03,4.969414E-01,4.664839E+03,4.292781E+03,3.041159E-01,2.149310E+04,2.391907E-01,0.000000E+00,0.000000E+00,4.783815E-01,1.078960E+04,4.783815E-01,3.631572E+03,2.817347E+03,4.783815E-01,4.013893E+04,4.783815E-01,0.000000E+00,0.000000E+00
08:50:00,2.152717E+00,4.801205E+04,2.152717E+00,1.688323E+04,1.322700E+04,2.152717E+00,1.806252E+05,2.152717E+00,0.000000E+00,0.000000E+00,2.391907E-01,5.334672E+03,4.978841E-01,4.735383E+03,4.367840E+03,3.078171E-01,2.155127E+04,2.391907E-01,0.000000E+00,0.000000E+00,4.783815E-01,1.066934E+04,4.783815E-01,3.751828E+03,2.939333E+03,4.783815E-01,4.013893E+04,4.783815E-01,0.000000E+00,0.000000E+00
09:00:00,2.152717E+00,4.747089E+04,2.152717E+00,1.742438E+04,1.377594E+04,2.152717E+00,1.806252E+05,2.152717E+00,0.000000E+00,0.000000E+00,2.391907E-01,5.274544E+03,5.009731E-01,4.829653E+03,4.466074E+03,3.107411E-01,2.159044E+04,2.391907E-01,0.000000E+00,0.000000E+00,4.783815E-01,1.054909E+04,4.783815E-01,3.872085E+03,3.061319E+03,4.790461E-01,4.015309E+04,4.783815E-01,0.000000E+00,0.000000E+00
09:10:00,2.152717E+00,4.698670E+04,2.152717E+00,1.790857E+04,1.426708E+04,2.152717E+00,1.806252E+05,2.152717E+00,0.000000E+00,0.000000E+00,2.391907E-01,5.220745E+03,5.049456E-01,4.927359E+03,4.567167E+03,2.480324E-01,2.025604E+04,2.391907E-01,0.000000E+00,0.000000E+00,4.783815E-01,1.044149E+04,4.783815E-01,3.979683E+03,3.170463E+03,4.783815E-01,4.013893E+04,4.783815E-01,0.000000E+00,0.000000E+00
09:20:00,2.152717E+00,4.650251E+04,2.152717E+00,1.839276E+04,1.475823E+04,2.152717E+00,1.806252E+05,2.152717E+00,0.000000E+00,0.000000E+00,2.391907E-01,5.166946E+03,5.096465E-01,5.033116E+03,4.678553E+03,2.741907E-01,2.080805E+04,2.391907E-01,0.000000E+00,0.000000E+00,4.783815E-01,1.033389E+04,4.783815E-01,4.087281E+03,3.279607E+03,4.783815E-01,4.013893E+04,4.783815E-01,0.000000E+00,0.000000E+00
09:30:00,2.152717E+00,4.601832E+04,2.152717E+00,1.887695E+04,1.524938E+04,2.152717E+00,1.806252E+05,2.152717E+00,0.000000E+00,0.000000E+00,2.391907E-01,5.113147E+03,5.146816E-01,5.142567E+03,4.794544E+03,2.496544E-01,2.029027E+04,2.391907E-01,0.000000E+00,0.000000E+00,4.783815E-01,1.022629E+04,4.783815E-01,4.194879E+03,3.388751E+03,4.783815E-01,4.013893E+04,4.783815E-01,0.000000E+00,0.000000E+00
09:40:00,2.152717E+00,4.553413E+04,2.152717E+00,1.936114E+04,1.574056E+04,2.152717E+00,1.806252E+05,2.152717E+00,0.000000E+00,0.000000E+00,2.391907E-01,5.059348E+03,5.195987E-01,5.250714E+03,4.908780E+03,2.391907E-01,2.006946E+04,2.391907E-01,0.000000E+00,0.000000E+00,4.783815E-01,1.011870E+04,4.783815E-01,4.302477E+03,3.497903E+03,4.783815E-01,4.013893E+04,4.783815E-01,0.000000E+00,0.000000E+00
09:50:00,2.152717E+00,4.504994E+04,2.152717E+00,1.984534E+04,1.623171E+04,2.152717E+00,1.806252E+05,2.152717E+00,0.000000E+00,0.000000E+00,2.391907E-01,5.005549E+03,5.239656E-01,5.352779E+03,5.015917E+03,2.391907E-01,2.006946E+04,2.391907E-01,0.000000E+00,0.000000E+00,4.783815E-01,1.001110E+04,4.783815E-01,4.410075E+03,3.607047E+03,4.783815E-01,4.013893E+04,4.783815E-01,0.000000E+00,0.000000E+00
10:00:00,2.152717E+00,4.456575E+04,2.152717E+00,2.032953E+04,1.672286E+04,2.152717E+00,1.806252E+05,2.152717E+00,0.000000E+00,0.000000E+00,2.391907E-01,4.951750E+03,5.273711E-01,5.444217E+03,5.111384E+03,2.391907E-01,2.006946E+04,2.391907E-01,0.000000E+00,0.000000E+00,4.783815E-01,9.903500E+03,4.783815E-01,4.517672E+03,3.716192E+03,4.783815E-01,4.013893E+04,4.783815E-01,0.000000E+00,0.000000E+00
10:10:00,2.152717E+00,4.413852E+04,2.152717E+00,2.075675E+04,1.715622E+04,2.152717E+00,1.806252E+05,2.152717E+00,0.000000E+00,0.000000E+00,2.391907E-01,4.904280E+03,5.261279E-01,5.477942E+03,5.147331E+03,2.391907E-01,2.006946E+04,2.391907E-01,0.000000E+00,0.000000E+00,4.783815E-01,9.808560E+03,4.783815E-01,4.612612E+03,3.812493E+03,4.783815E-01,4.013893E+04,4.783815E-01,0.000000E+00,0.000000E+00
10:20:00,2.152717E+00,4.371129E+04,2.152717E+00,2.118398E+04,1.758961E+04,2.152717E+00,1.806252E+05,2.152717E+00,0.000000E+00,0.000000E+00,2.391907E-01,4.856810E+03,5.223079E-01,5.483185E+03,5.161725E+03,2.391907E-01,2.006946E+04,2.391907E-01,0.000000E+00,0.000000E+00,4.783815E-01,9.713621E+03,4.783815E-01,4.707551E+03,3.908803E+03,4.783815E-01,4.013893E+04,4.783815E-01,0.000000E+00,0.000000E+00
10:30:00,2.152717E+00,4.328407E+04,2.152717E+00,2.161121E+04,1.802297E+04,2.152717E+00,1.806252E+05,2.152717E+00,0.000000E+00,0.000000E+00,2.391907E-01,4.809341E+03,5.161085E-01,5.462126E+03,5.151906E+03,2.391907E-01,2.006946E+04,2.391907E-01,0.000000E+00,0.000000E+00,4.783815E-01,9.618681E+03,4.783815E-01,4.802491E+03,4.005104E+03,4.783815E-01,4.013893E+04,4.783815E-01,0.000000E+00,0.000000E+00
10:40:00,2.152717E+00,4.285684E+04,2.152717E+00,2.203844E+04,1.845633E+04,2.152717E+00,1.806252E+05,2.152717E+00,0.000000E+00,0.000000E+00,2.391907E-01,4.761871E+03,5.073056E-01,5.412291E+03,5.110953E+03,2.391907E-01,2.006946E+04,2.391907E-01,0.000000E+00,0.000000E+00,4.783815E-01,9.523742E+03,4.783815E-01,4.897430E+03,4.101406E+03,4.783815E-01,4.013893E+04,4.783815E-01,0.000000E+00,0.000000E+00
10:50:00,2.152717E+00,4.242961E+04,2.152717E+00,2.246566E+04,1.888972E+04,2.152717E+00,1.806252E+05,2.152717E+00,0.000000E+00,0.000000E+00,2.391907E-01,4.714401E+03,4.962799E-01,5.337884E+03,5.041807E+03,2.391907E-01,2.006946E+04,2.391907E-01,0.000000E+00,0.000000E+00,4.783815E-01,9.428803E+03,4.804760E-01,5.015521E+03,4.221742E+03,4.783815E-01,4.013893E+04,4.783815E-01,0.000000E+00,0.000000E+00
11:00:00,2.152717E+00,4.200238E+04,2.152717E+00,2.289289E+04,1.932308E+04,2.152717E+00,1.806252E+05,2.152717E+00,0.000000E+00,0.000000E+00,2.391907E-01,4.666932E+03,4.835484E-01,5.244624E+03,4.950660E+03,2.391907E-01,2.006946E+04,2.391907E-01,0.000000E+00,0.000000E+00,4.783815E-01,9.333863E+03,5.011898E-01,5.339419E+03,4.556789E+03,4.783815E-01,4.013893E+04,4.783815E-01,0.000000E+00,0.000000E+00
11:10:00,2.152717E+00,4.171757E+04,2.152717E+00,2.317771E+04,1.961200E+04,2.152717E+00,1.806252E+05,2.152717E+00,0.000000E+00,0.000000E+00,2.391907E-01,4.635285E+03,4.679745E-01,5.104121E+03,4.809040E+03,2.391907E-01,2.006946E+04,2.391907E-01,0.000000E+00,0.000000E+00,4.783815E-01,9.270570E+03,5.177843E-01,5.586136E+03,4.813798E+03,4.783815E-01,4.013893E+04,4.783815E-01,0.000000E+00,0.000000E+00
11:20:00,2.152717E+00,4.143275E+04,2.153554E+00,2.347178E+04,1.991072E+04,2.152717E+00,1.806252E+05,2.152717E+00,0.000000E+00,0.000000E+00,2.391907E-01,4.603639E+03,4.517359E-01,4.956272E+03,4.658497E+03,2.391907E-01,2.006946E+04,2.391907E-01,0.000000E+00,0.000000E+00,4.783815E-01,9.207277E+03,5.332158E-01,5.819998E+03,5.058285E+03,4.783815E-01,4.013893E+04,4.783815E-01,0.000000E+00,0.000000E+00
11:30:00,2.152717E+00,4.114793E+04,2.214477E+00,2.443000E+04,2.091471E+04,2.152717E+00,1.806252E+05,2.152717E+00,0.000000E+00,0.000000E+00,2.391907E-01,4.571992E+03,4.356750E-01,4.810389E+03,4.509045E+03,2.391907E-01,2.006946E+04,2.391907E-01,0.000000E+00,0.000000E+00,4.783815E-01,9.143984E+03,5.475486E-01,6.041715E+03,5.290627E+03,4.783815E-01,4.013893E+04,4.783815E-01,0.000000E+00,0.000000E+00
11:40:00,2.152717E+00,4.086311E+04,2.270448E+00,2.533348E+04,2.186247E+04,2.152717E+00,1.806252E+05,2.152717E+00,0.000000E+00,0.000000E+00,2.391907E-01,4.540346E+03,4.207850E-01,4.677450E+03,4.372323E+03,2.391907E-01,2.006946E+04,2.391907E-01,0.000000E+00,0.000000E+00,4.783815E-01,9.080692E+03,5.605985E-01,6.249250E+03,5.508397E+03,4.783815E-01,4.013893E+04,4.783815E-01,0.000000E+00,0.000000E+00
11:50:00,2.152717E+00,4.057829E+04,2.321362E+00,2.618106E+04,2.275196E+04,2.152717E+00,1.806252E+05,2.152717E+00,0.000000E+00,0.000000E+00,2.391907E-01,4.508699E+03,4.075170E-01,4.562439E+03,4.253672E+03,2.391907E-01,2.006946E+04,2.391907E-01,0.000000E+00,0.000000E+00,4.783815E-01,9.017399E+03,5.724263E-01,6.443277E+03,5.712086E+03,4.783815E-01,4.013893E+04,4.783815E-01,0.000000E+00,0.000000E+00
12:00:00,2.152717E+00,4.029348E+04,2.367306E+00,2.697370E+04,2.358354E+04,2.152717E+00,1.806252E+05,2.152717E+00,0.000000E+00,0.000000E+00,2.391907E-01,4.477053E+03,3.961189E-01,4.468099E+03,4.156072E+03,2.391907E-01,2.006946E+04,2.391907E-01,0.000000E+00,0.000000E+00,4.783815E-01,8.954106E+03,5.830829E-01,6.624357E+03,5.902127E+03,4.783815E-01,4.013893E+04,4.783815E-01,0.000000E+00,0.000000E+00
12:10:00,2.152717E+00,4.006562E+04,2.418440E+00,2.776675E+04,2.441883E+04,2.152717E+00,1.806252E+05,2.152717E+00,0.000000E+00,0.000000E+00,2.391907E-01,4.451736E+03,3.879651E-01,4.403290E+03,4.089144E+03,2.391907E-01,2.006946E+04,2.391907E-01,0.000000E+00,0.000000E+00,4.783815E-01,8.903471E+03,5.948284E-01,6.804816E+03,6.092021E+03,4.783815E-01,4.013893E+04,4.783815E-01,0.000000E+00,0.000000E+00
12:20:00,2.152717E+00,3.983777E+04,2.465476E+00,2.851450E+04,2.521189E+04,2.152717E+00,1.806252E+05,2.152717E+00,0.000000E+00,0.000000E+00,2.391907E-01,4.426419E+03,3.819455E-01,4.362069E+03,4.049282E+03,2.391907E-01,2.006946E+04,2.391907E-01,0.000000E+00,0.000000E+00,4.783815E-01,8.852837E+03,6.056128E-01,6.974651E+03,6.273035E+03,4.783815E-01,4.013893E+04,4.783815E-01,0.000000E+00,0.000000E+00
12:30:00,2.152717E+00,3.960991E+04,2.508159E+00,2.921413E+04,2.595860E+04,2.152717E+00,1.806252E+05,2.152717E+00,0.000000E+00,0.000000E+00,2.391907E-01,4.401101E+03,3.776141E-01,4.339509E+03,4.029774E+03,2.391907E-01,2.006946E+04,2.391907E-01,0.000000E+00,0.000000E+00,4.783815E-01,8.802203E+03,6.153637E-01,7.133063E+03,6.443513E+03,4.783815E-01,4.013893E+04,4.783815E-01,0.000000E+00,0.000000E+00
12:40:00,2.152717E+00,3.938206E+04,2.546480E+00,2.986555E+04,2.665587E+04,2.152717E+00,1.806252E+05,2.152717E+00,0.000000E+00,0.000000E+00,2.391907E-01,4.375784E+03,3.745107E-01,4.330523E+03,4.024041E+03,2.391907E-01,2.006946E+04,2.391907E-01,0.000000E+00,0.000000E+00,4.783815E-01,8.751568E+03,6.240727E-01,7.279956E+03,6.602113E+03,4.783815E-01,4.013893E+04,4.783815E-01,0.000000E+00,0.000000E+00
12:50:00,2.152717E+00,3.915420E+04,2.580615E+00,3.047070E+04,2.730363E+04,2.152717E+00,1.806252E+05,2.152717E+00,0.000000E+00,0.000000E+00,2.391907E-01,4.350467E+03,3.724204E-01,4.332733E+03,4.029234E+03,2.391907E-01,2.006946E+04,2.391907E-01,0.000000E+00,0.000000E+00,4.783815E-01,8.700934E+03,6.319021E-01,7.417129E+03,6.750048E+03,4.783815E-01,4.013893E+04,4.783815E-01,0.000000E+00,0.000000E+00
13:00:00,2.152717E+00,3.892635E+04,2.610582E+00,3.102978E+04,2.790121E+04,2.152717E+00,1.806252E+05,2.152717E+00,0.000000E+00,0.000000E+00,2.391907E-01,4.325150E+03,3.711209E-01,4.343685E+03,4.042860E+03,2.391907E-01,2.006946E+04,2.391907E-01,0.000000E+00,0.000000E+00,4.783815E-01,8.650300E+03,6.391230E-01,7.547574E+03,6.890308E+03,4.783815E-01,4.013893E+04,4.783815E-01,0.000000E+00,0.000000E+00
13:10:00,2.152717E+00,3.878394E+04,2.626400E+00,3.134701E+04,2.824249E+04,2.152717E+00,1.806252E+05,2.152717E+00,0.000000E+00,0.000000E+00,2.391907E-01,4.309327E+03,3.692171E-01,4.338463E+03,4.039087E+03,2.391907E-01,2.006946E+04,2.391907E-01,0.000000E+00,0.000000E+00,4.783815E-01,8.618653E+03,6.435494E-01,7.628143E+03,6.977714E+03,4.783815E-01,4.013893E+04,4.783815E-01,0.000000E+00,0.000000E+00
13:20:00,2.152717E+00,3.864153E+04,2.637424E+00,3.161127E+04,2.852554E+04,2.152717E+00,1.806252E+05,2.152717E+00,0.000000E+00,0.000000E+00,2.391907E-01,4.293503E+03,3.675634E-01,4.336005E+03,4.037734E+03,2.391907E-01,2.006946E+04,2.391907E-01,0.000000E+00,0.000000E+00,4.783815E-01,8.587007E+03,6.472566E-01,7.700763E+03,7.056124E+03,4.783815E-01,4.013893E+04,4.783815E-01,0.000000E+00,0.000000E+00
13:30:00,2.152717E+00,3.849912E+04,2.643987E+00,3.182621E+04,2.875445E+04,2.152717E+00,1.806252E+05,2.152717E+00,0.000000E+00,0.000000E+00,2.391907E-01,4.277680E+03,3.661778E-01,4.336512E+03,4.039154E+03,2.391907E-01,2.006946E+04,2.391907E-01,0.000000E+00,0.000000E+00,4.783815E-01,8.555360E+03,6.504597E-01,7.767811E+03,7.128183E+03,4.783815E-01,4.013893E+04,4.783815E-01,0.000000E+00,0.000000E+00
13:40:00,2.152717E+00,3.835671E+04,2.646114E+00,3.199212E+04,2.892953E+04,2.152717E+00,1.806252E+05,2.152717E+00,0.000000E+00,0.000000E+00,2.391907E-01,4.261857E+03,3.650064E-01,4.339385E+03,4.042799E+03,2.391907E-01,2.006946E+04,2.391907E-01,0.000000E+00,0.000000E+00,4.783815E-01,8.523714E+03,6.535270E-01,7.833358E+03,7.198312E+03,4.783815E-01,4.013893E+04,4.783815E-01,0.000000E+00,0.000000E+00
13:50:00,2.152717E+00,3.821430E+04,2.643783E+00,3.210876E+04,2.905061E+04,2.152717E+00,1.806252E+05,2.152717E+00,0.000000E+00,0.000000E+00,2.391907E-01,4.246034E+03,3.637646E-01,4.341481E+03,4.045386E+03,2.391907E-01,2.006946E+04,2.391907E-01,0.000000E+00,0.000000E+00,4.783815E-01,8.492067E+03,6.567086E-01,7.900169E+03,7.269525E+03,4.783815E-01,4.013893E+04,4.783815E-01,0.000000E+00,0.000000E+00
14:00:00,2.152717E+00,3.807189E+04,2.636889E+00,3.217496E+04,2.911654E+04,2.152717E+00,1.806252E+05,2.152717E+00,0.000000E+00,0.000000E+00,2.391907E-01,4.230210E+03,3.622641E-01,4.340719E+03,4.044747E+03,2.391907E-01,2.006946E+04,2.391907E-01,0.000000E+00,0.000000E+00,4.783815E-01,8.460421E+03,6.603168E-01,7.971695E+03,7.345550E+03,4.783815E-01,4.013893E+04,4.783815E-01,0.000000E+00,0.000000E+00
14:10:00,2.152717E+00,3.807189E+04,2.625422E+00,3.204823E+04,2.898269E+04,2.152717E+00,1.806252E+05,2.152717E+00,0.000000E+00,0.000000E+00,2.391907E-01,4.230210E+03,3.604047E-01,4.320166E+03,4.023670E+03,2.391907E-01,2.006946E+04,2.391907E-01,0.000000E+00,0.000000E+00,4.783815E-01,8.460421E+03,6.649622E-01,8.023040E+03,7.401509E+03,4.783815E-01,4.013893E+04,4.783815E-01,0.000000E+00,0.000000E+00
14:20:00,2.152717E+00,3.807189E+04,2.609372E+00,3.187082E+04,2.879350E+04,2.152717E+00,1.806252E+05,2.152717E+00,0.000000E+00,0.000000E+00,2.391907E-01,4.230210E+03,3.581276E-01,4.294996E+03,3.997557E+03,2.391907E-01,2.006946E+04,2.391907E-01,0.000000E+00,0.000000E+00,4.783815E-01,8.460421E+03,6.712629E-01,8.092680E+03,7.476843E+03,4.783815E-01,4.013893E+04,4.783815E-01,0.000000E+00,0.000000E+00
14:30:00,2.152717E+00,3.807189E+04,2.588704E+00,3.164237E+04,2.854859E+04,2.152717E+00,1.806252E+05,2.152717E+00,0.000000E+00,0.000000E+00,2.391907E-01,4.230210E+03,3.553886E-01,4.264721E+03,3.965912E+03,2.391907E-01,2.006946E+04,2.391907E-01,0.000000E+00,0.000000E+00,4.783815E-01,8.460421E+03,6.796193E-01,8.185042E+03,7.576269E+03,4.783815E-01,4.013893E+04,4.783815E-01,0.000000E+00,0.000000E+00
14:40:00,2.152717E+00,3.807189E+04,2.563524E+00,3.136406E+04,2.824921E+04,2.152717E+00,1.806252E+05,2.152717E+00,0.000000E+00,0.000000E+00,2.391907E-01,4.230210E+03,3.521625E-01,4.229063E+03,3.928454E+03,2.391907E-01,2.006946E+04,2.391907E-01,0.000000E+00,0.000000E+00,4.783815E-01,8.460421E+03,6.900853E-01,8.300723E+03,7.700363E+03,4.783815E-01,4.013893E+04,4.783815E-01,0.000000E+00,0.000000E+00
14:50:00,2.152717E+00,3.807189E+04,2.533927E+00,3.103692E+04,2.789646E+04,2.152717E+00,1.806252E+05,2.152717E+00,0.000000E+00,0.000000E+00,2.391907E-01,4.230210E+03,3.484317E-01,4.187826E+03,3.884986E+03,2.391907E-01,2.006946E+04,2.391907E-01,0.000000E+00,0.000000E+00,4.783815E-01,8.460421E+03,7.026216E-01,8.439286E+03,7.848593E+03,4.783815E-01,4.013893E+04,4.783815E-01,0.000000E+00,0.000000E+00
15:00:00,2.152717E+00,3.807189E+04,2.500092E+00,3.066294E+04,2.749239E+04,2.152717E+00,1.806252E+05,2.152717E+00,0.000000E+00,0.000000E+00,2.391907E-01,4.230210E+03,3.440587E-01,4.139490E+03,3.833880E+03,2.391907E-01,2.006946E+04,2.391907E-01,0.000000E+00,0.000000E+00,4.783815E-01,8.460421E+03,7.170808E-01,8.599101E+03,8.019147E+03,4.783815E-01,4.013893E+04,4.783815E-01,0.000000E+00,0.000000E+00
15:10:00,2.152717E+00,3.824278E+04,2.462209E+00,3.007333E+04,2.686579E+04,2.152717E+00,1.806252E+05,2.152717E+00,0.000000E+00,0.000000E+00,2.391907E-01,4.249198E+03,3.391212E-01,4.065928E+03,3.756799E+03,2.391907E-01,2.006946E+04,2.391907E-01,0.000000E+00,0.000000E+00,4.783815E-01,8.498397E+03,7.325657E-01,8.732279E+03,8.162747E+03,4.783815E-01,4.013893E+04,4.783815E-01,0.000000E+00,0.000000E+00
15:20:00,2.152717E+00,3.841368E+04,2.420520E+00,2.944165E+04,2.619279E+04,2.152717E+00,1.806252E+05,2.152717E+00,0.000000E+00,0.000000E+00,2.391907E-01,4.268186E+03,3.336761E-01,3.986755E+03,3.673675E+03,2.391907E-01,2.006946E+04,2.391907E-01,0.000000E+00,0.000000E+00,4.783815E-01,8.536372E+03,7.482222E-01,8.867353E+03,8.307817E+03,4.783815E-01,4.013893E+04,4.783815E-01,0.000000E+00,0.000000E+00
15:30:00,2.152717E+00,3.858457E+04,2.375448E+00,2.877257E+04,2.547834E+04,2.152717E+00,1.806252E+05,2.152717E+00,0.000000E+00,0.000000E+00,2.391907E-01,4.287174E+03,3.277654E-01,3.902435E+03,3.584995E+03,2.391907E-01,2.006946E+04,2.391907E-01,0.000000E+00,0.000000E+00,4.783815E-01,8.574348E+03,7.632718E-01,8.995719E+03,8.445251E+03,4.783815E-01,4.013893E+04,4.783815E-01,0.000000E+00,0.000000E+00
15:40:00,2.152717E+00,3.875546E+04,2.327496E+00,2.807166E+04,2.472830E+04,2.152717E+00,1.806252E+05,2.152717E+00,0.000000E+00,0.000000E+00,2.391907E-01,4.306162E+03,3.214473E-01,3.813613E+03,3.491423E+03,2.391907E-01,2.006946E+04,2.391907E-01,0.000000E+00,0.000000E+00,4.783815E-01,8.612324E+03,7.770486E-01,9.110018E+03,8.567308E+03,4.783815E-01,4.013893E+04,4.783815E-01,0.000000E+00,0.000000E+00
15:50:00,2.152717E+00,3.892635E+04,2.277270E+00,2.734563E+04,2.394972E+04,2.152717E+00,1.806252E+05,2.152717E+00,0.000000E+00,0.000000E+00,2.391907E-01,4.325150E+03,3.147914E-01,3.721057E+03,3.393760E+03,2.391907E-01,2.006946E+04,2.391907E-01,0.000000E+00,0.000000E+00,4.783815E-01,8.650300E+03,7.889755E-01,9.203870E+03,8.667323E+03,4.783815E-01,4.013893E+04,4.783815E-01,0.000000E+00,0.000000E+00
16:00:00,2.152717E+00,3.909724E+04,2.225495E+00,2.660246E+04,2.315119E+04,2.152717E+00,1.806252E+05,2.152717E+00,0.000000E+00,0.000000E+00,2.391907E-01,4.344138E+03,3.080152E-01,3.627171E+03,3.294577E+03,2.391907E-01,2.006946E+04,2.391907E-01,0.000000E+00,0.000000E+00,4.783815E-01,8.688275E+03,7.984200E-01,9.270284E+03,8.737994E+03,4.783815E-01,4.013893E+04,4.783815E-01,0.000000E+00,0.000000E+00
16:10:00,2.152717E+00,3.932509E+04,2.177956E+00,2.584915E+04,2.234483E+04,2.152717E+00,1.806252E+05,2.152717E+00,0.000000E+00,0.000000E+00,2.391907E-01,4.369455E+03,3.016860E-01,3.531897E+03,3.194196E+03,2.391907E-01,2.006946E+04,2.391907E-01,0.000000E+00,0.000000E+00,4.783815E-01,8.738910E+03,8.066400E-01,9.310505E+03,8.781499E+03,4.783815E-01,4.013893E+04,4.783815E-01,0.000000E+00,0.000000E+00
16:20:00,2.152717E+00,3.955295E+04,2.152717E+00,2.534233E+04,2.180775E+04,2.152717E+00,1.806252E+05,2.152717E+00,0.000000E+00,0.000000E+00,2.391907E-01,4.394772E+03,2.953714E-01,3.436785E+03,3.094409E+03,2.391907E-01,2.006946E+04,2.391907E-01,0.000000E+00,0.000000E+00,4.783815E-01,8.789544E+03,8.127935E-01,9.327886E+03,8.803900E+03,4.783815E-01,4.013893E+04,4.783815E-01,0.000000E+00,0.000000E+00
16:30:00,2.152717E+00,3.978080E+04,2.152717E+00,2.511447E+04,2.157659E+04,2.152717E+00,1.806252E+05,2.152717E+00,0.000000E+00,0.000000E+00,2.391907E-01,4.420089E+03,2.891457E-01,3.342653E+03,2.995674E+03,2.391907E-01,2.006946E+04,2.391907E-01,0.000000E+00,0.000000E+00,4.783815E-01,8.840178E+03,8.171044E-01,9.324901E+03,8.806313E+03,4.783815E-01,4.013893E+04,4.783815E-01,0.000000E+00,0.000000E+00
16:40:00,2.152717E+00,4.000866E+04,2.152717E+00,2.488662E+04,2.134546E+04,2.152717E+00,1.806252E+05,2.152717E+00,0.000000E+00,0.000000E+00,2.391907E-01,4.445406E+03,2.830827E-01,3.250322E+03,2.898587E+03,2.391907E-01,2.006946E+04,2.391907E-01,0.000000E+00,0.000000E+00,4.783815E-01,8.890813E+03,8.198946E-01,9.305107E+03,8.790936E+03,4.783815E-01,4.013893E+04,4.783815E-01,0.000000E+00,0.000000E+00
16:50:00,2.152717E+00,4.023651E+04,2.152717E+00,2.465876E+04,2.111433E+04,2.152717E+00,1.806252E+05,2.152717E+00,0.000000E+00,0.000000E+00,2.391907E-01,4.470724E+03,2.772396E-01,3.160421E+03,2.803760E+03,2.391907E-01,2.006946E+04,2.391907E-01,0.000000E+00,0.000000E+00,4.783815E-01,8.941447E+03,8.214670E-01,9.271852E+03,8.760660E+03,4.783815E-01,4.013893E+04,4.783815E-01,0.000000E+00,0.000000E+00
17:00:00,2.152717E+00,4.046437E+04,2.152717E+00,2.443091E+04,2.088321E+04,2.152717E+00,1.806252E+05,2.152717E+00,0.000000E+00,0.000000E+00,2.391907E-01,4.496041E+03,2.716568E-01,3.073395E+03,2.711710E+03,2.391907E-01,2.006946E+04,2.391907E-01,0.000000E+00,0.000000E+00,4.783815E-01,8.992081E+03,8.220947E-01,9.228155E+03,8.718659E+03,4.783815E-01,4.013893E+04,4.783815E-01,0.000000E+00,0.000000E+00
17:10:00,2.152717E+00,4.074918E+04,2.152717E+00,2.414609E+04,2.059429E+04,2.152717E+00,1.806252E+05,2.152717E+00,0.000000E+00,0.000000E+00,2.391907E-01,4.527687E+03,2.653247E-01,2.971760E+03,2.603881E+03,2.391907E-01,2.006946E+04,2.391907E-01,0.000000E+00,0.000000E+00,4.783815E-01,9.055374E+03,8.198452E-01,9.139997E+03,8.629289E+03,4.783815E-01,4.013893E+04,4.783815E-01,0.000000E+00,0.000000E+00
17:20:00,2.152717E+00,4.103400E+04,2.152717E+00,2.386127E+04,2.030538E+04,2.152717E+00,1.806252E+05,2.152717E+00,0.000000E+00,0.000000E+00,2.391907E-01,4.559334E+03,2.592392E-01,2.872850E+03,2.498535E+03,2.391907E-01,2.006946E+04,2.391907E-01,0.000000E+00,0.000000E+00,4.783815E-01,9.118667E+03,8.168571E-01,9.043675E+03,8.527793E+03,4.783815E-01,4.013893E+04,4.783815E-01,0.000000E+00,0.000000E+00
17:30:00,2.152717E+00,4.131882E+04,2.152717E+00,2.357645E+04,2.001646E+04,2.152717E+00,1.806252E+05,2.152717E+00,0.000000E+00,0.000000E+00,2.391907E-01,4.590980E+03,2.533982E-01,2.776642E+03,2.395914E+03,2.391907E-01,2.006946E+04,2.391907E-01,0.000000E+00,0.000000E+00,4.783815E-01,9.181960E+03,8.131633E-01,8.939555E+03,8.416434E+03,4.783815E-01,4.013893E+04,4.783815E-01,0.000000E+00,0.000000E+00
17:40:00,2.152717E+00,4.160364E+04,2.152717E+00,2.329163E+04,1.972754E+04,2.152717E+00,1.806252E+05,2.152717E+00,0.000000E+00,0.000000E+00,2.391907E-01,4.622627E+03,2.477654E-01,2.682736E+03,2.295724E+03,2.391907E-01,2.006946E+04,2.391907E-01,0.000000E+00,0.000000E+00,4.783815E-01,9.245253E+03,8.086601E-01,8.826487E+03,8.295700E+03,4.783815E-01,4.013893E+04,4.783815E-01,0.000000E+00,0.000000E+00
17:50:00,2.152717E+00,4.188846E+04,2.152717E+00,2.300682E+04,1.943866E+04,2.152717E+00,1.806252E+05,2.152717E+00,0.000000E+00,0.000000E+00,2.391907E-01,4.654273E+03,2.421116E-01,2.588598E+03,2.195222E+03,2.391907E-01,2.006946E+04,2.391907E-01,0.000000E+00,0.000000E+00,4.783815E-01,9.308546E+03,8.032745E-01,8.703668E+03,8.165412E+03,4.783815E-01,4.013893E+04,4.783815E-01,0.000000E+00,0.000000E+00
18:00:00,2.152717E+00,4.217328E+04,2.152717E+00,2.272200E+04,1.914974E+04,2.152717E+00,1.806252E+05,2.152717E+00,0.000000E+00,0.000000E+00,2.391907E-01,4.685919E+03,2.391907E-01,2.524667E+03,2.127749E+03,2.391907E-01,2.006946E+04,2.391907E-01,0.000000E+00,0.000000E+00,4.783815E-01,9.371839E+03,7.968280E-01,8.569124E+03,8.023471E+03,4.783815E-01,4.013893E+04,4.783815E-01,0.000000E+00,0.000000E+00
18:10:00,2.152717E+00,4.260050E+04,2.152717E+00,2.229477E+04,1.871635E+04,2.152717E+00,1.806252E+05,2.152717E+00,0.000000E+00,0.000000E+00,2.391907E-01,4.733389E+03,2.391907E-01,2.477197E+03,2.079594E+03,2.391907E-01,2.006946E+04,2.391907E-01,0.000000E+00,0.000000E+00,4.783815E-01,9.466778E+03,7.881005E-01,8.377722E+03,7.823162E+03,4.783815E-01,4.013893E+04,4.783815E-01,0.000000E+00,0.000000E+00
18:20:00,2.152717E+00,4.302773E+04,2.152717E+00,2.186754E+04,1.828299E+04,2.152717E+00,1.806252E+05,2.152717E+00,0.000000E+00,0.000000E+00,2.391907E-01,4.780859E+03,2.391907E-01,2.429727E+03,2.031443E+03,2.391907E-01,2.006946E+04,2.391907E-01,0.000000E+00,0.000000E+00,4.783815E-01,9.561718E+03,7.780560E-01,8.171763E+03,7.602298E+03,4.783815E-01,4.013893E+04,4.783815E-01,0.000000E+00,0.000000E+00
18:30:00,2.152717E+00,4.345496E+04,2.152717E+00,2.144032E+04,1.784963E+04,2.152717E+00,1.806252E+05,2.152717E+00,0.000000E+00,0.000000E+00,2.391907E-01,4.828329E+03,2.391907E-01,2.382257E+03,1.983293E+03,2.391907E-01,2.006946E+04,2.391907E-01,0.000000E+00,0.000000E+00,4.783815E-01,9.656657E+03,7.666866E-01,7.951160E+03,7.364119E+03,4.783815E-01,4.013893E+04,4.783815E-01,0.000000E+00,0.000000E+00
18:40:00,2.152717E+00,4.388218E+04,2.152717E+00,2.101309E+04,1.741624E+04,2.152717E+00,1.806252E+05,2.152717E+00,0.000000E+00,0.000000E+00,2.391907E-01,4.875798E+03,2.391907E-01,2.334788E+03,1.935138E+03,2.391907E-01,2.006946E+04,2.391907E-01,0.000000E+00,0.000000E+00,4.783815E-01,9.751597E+03,7.539586E-01,7.715542E+03,7.111136E+03,4.783815E-01,4.013893E+04,4.783815E-01,0.000000E+00,0.000000E+00
18:50:00,2.152717E+00,4.430941E+04,2.152717E+00,2.058586E+04,1.698288E+04,2.152717E+00,1.806252E+05,2.152717E+00,0.000000E+00,0.000000E+00,2.391907E-01,4.923268E+03,2.391907E-01,2.287318E+03,1.886987E+03,2.391907E-01,2.006946E+04,2.391907E-01,0.000000E+00,0.000000E+00,4.783815E-01,9.846536E+03,7.398494E-01,7.464657E+03,6.844055E+03,4.783815E-01,4.013893E+04,4.783815E-01,0.000000E+00,0.000000E+00
19:00:00,2.152717E+00,4.473664E+04,2.152717E+00,2.015864E+04,1.654949E+04,2.152717E+00,1.806252E+05,2.152717E+00,0.000000E+00,0.000000E+00,2.391907E-01,4.970738E+03,2.391907E-01,2.239848E+03,1.838832E+03,2.391907E-01,2.006946E+04,2.391907E-01,0.000000E+00,0.000000E+00,4.783815E-01,9.941475E+03,7.244875E-01,7.199926E+03,6.564206E+03,4.783815E-01,4.013893E+04,4.783815E-01,0.000000E+00,0.000000E+00
19:10:00,2.152717E+00,4.504994E+04,2.152717E+00,1.984534E+04,1.623171E+04,2.152717E+00,1.806252E+05,2.152717E+00,0.000000E+00,0.000000E+00,2.391907E-01,5.005549E+03,2.391907E-01,2.205037E+03,1.803524E+03,2.391907E-01,2.006946E+04,2.391907E-01,0.000000E+00,0.000000E+00,4.783815E-01,1.001110E+04,7.009283E-01,6.869906E+03,6.215429E+03,4.783815E-01,4.013893E+04,4.783815E-01,0.000000E+00,0.000000E+00
19:20:00,2.152717E+00,4.536324E+04,2.152717E+00,1.953204E+04,1.591390E+04,2.152717E+00,1.806252E+05,2.152717E+00,0.000000E+00,0.000000E+00,2.391907E-01,5.040360E+03,2.391907E-01,2.170226E+03,1.768211E+03,2.391907E-01,2.006946E+04,2.391907E-01,0.000000E+00,0.000000E+00,4.783815E-01,1.008072E+04,6.749978E-01,6.513675E+03,5.836729E+03,4.783815E-01,4.013893E+04,4.783815E-01,0.000000E+00,0.000000E+00
19:30:00,2.152717E+00,4.567654E+04,2.152717E+00,1.921874E+04,1.559609E+04,2.152717E+00,1.806252E+05,2.152717E+00,0.000000E+00,0.000000E+00,2.391907E-01,5.075171E+03,2.391907E-01,2.135415E+03,1.732899E+03,2.391907E-01,2.006946E+04,2.391907E-01,0.000000E+00,0.000000E+00,4.783815E-01,1.015034E+04,6.476707E-01,6.142008E+03,5.441974E+03,4.783815E-01,4.013893E+04,4.783815E-01,0.000000E+00,0.000000E+00
19:40:00,2.152717E+00,4.598984E+04,2.152717E+00,1.890544E+04,1.527828E+04,2.152717E+00,1.806252E+05,2.152717E+00,0.000000E+00,0.000000E+00,2.391907E-01,5.109982E+03,2.391907E-01,2.100604E+03,1.697586E+03,2.391907E-01,2.006946E+04,2.391907E-01,0.000000E+00,0.000000E+00,4.783815E-01,1.021996E+04,6.192165E-01,5.757880E+03,5.035870E+03,4.783815E-01,4.013893E+04,4.783815E-01,0.000000E+00,0.000000E+00
19:50:00,2.152717E+00,4.630314E+04,2.152717E+00,1.859214E+04,1.496046E+04,2.152717E+00,1.806252E+05,2.152717E+00,0.000000E+00,0.000000E+00,2.391907E-01,5.144793E+03,2.391907E-01,2.065793E+03,1.662274E+03,2.391907E-01,2.006946E+04,2.391907E-01,0.000000E+00,0.000000E+00,4.783815E-01,1.028959E+04,5.898383E-01,5.363538E+03,4.620951E+03,4.783815E-01,4.013893E+04,4.783815E-01,0.000000E+00,0.000000E+00
20:00:00,2.152717E+00,4.661644E+04,2.152717E+00,1.827884E+04,1.464269E+04,2.152717E+00,1.806252E+05,2.152717E+00,0.000000E+00,0.000000E+00,2.391907E-01,5.179604E+03,2.391907E-01,2.030982E+03,1.626965E+03,2.391907E-01,2.006946E+04,2.391907E-01,0.000000E+00,0.000000E+00,4.783815E-01,1.035921E+04,5.595733E-01,4.959393E+03,4.197234E+03,4.783815E-01,4.013893E+04,4.783815E-01,0.000000E+00,0.000000E+00
20:10:00,2.152717E+00,4.687277E+04,2.152717E+00,1.802250E+04,1.438267E+04,2.152717E+00,1.806252E+05,2.152717E+00,0.000000E+00,0.000000E+00,2.391907E-01,5.208086E+03,2.391907E-01,2.002500E+03,1.598074E+03,2.391907E-01,2.006946E+04,2.391907E-01,0.000000E+00,0.000000E+00,4.783815E-01,1.041617E+04,5.352988E-01,4.634120E+03,3.856914E+03,4.783815E-01,4.013893E+04,4.783815E-01,0.000000E+00,0.000000E+00
20:20:00,2.152717E+00,4.712911E+04,2.152717E+00,1.776616E+04,1.412264E+04,2.152717E+00,1.806252E+05,2.152717E+00,0.000000E+00,0.000000E+00,2.391907E-01,5.236568E+03,2.391907E-01,1.974018E+03,1.569183E+03,2.391907E-01,2.006946E+04,2.391907E-01,0.000000E+00,0.000000E+00,4.783815E-01,1.047314E+04,5.109343E-01,4.307850E+03,3.516116E+03,4.783815E-01,4.013893E+04,4.783815E-01,0.000000E+00,0.000000E+00
20:30:00,2.152717E+00,4.738545E+04,2.152717E+00,1.750983E+04,1.386262E+04,2.152717E+00,1.806252E+05,2.152717E+00,0.000000E+00,0.000000E+00,2.391907E-01,5.265050E+03,2.391907E-01,1.945536E+03,1.540291E+03,2.391907E-01,2.006946E+04,2.391907E-01,0.000000E+00,0.000000E+00,4.783815E-01,1.053010E+04,4.855918E-01,3.970770E+03,3.164240E+03,4.783815E-01,4.013893E+04,4.783815E-01,0.000000E+00,0.000000E+00
20:40:00,2.152717E+00,4.764178E+04,2.152717E+00,1.725349E+04,1.360260E+04,2.152717E+00,1.806252E+05,2.152717E+00,0.000000E+00,0.000000E+00,2.391907E-01,5.293532E+03,2.391907E-01,1.917054E+03,1.511400E+03,2.391907E-01,2.006946E+04,2.391907E-01,0.000000E+00,0.000000E+00,4.783815E-01,1.058706E+04,4.783815E-01,3.834109E+03,3.022800E+03,4.783815E-01,4.013893E+04,4.783815E-01,0.000000E+00,0.000000E+00
20:50:00,2.152717E+00,4.789812E+04,2.152717E+00,1.699715E+04,1.334258E+04,2.152717E+00,1.806252E+05,2.152717E+00,0.000000E+00,0.000000E+00,2.391907E-01,5.322013E+03,2.391907E-01,1.888573E+03,1.482509E+03,2.391907E-01,2.006946E+04,2.391907E-01,0.000000E+00,0.000000E+00,4.783815E-01,1.064403E+04,4.783815E-01,3.777145E+03,2.965018E+03,4.783815E-01,4.013893E+04,4.783815E-01,0.000000E+00,0.000000E+00
21:00:00,2.152717E+00,4.815446E+04,2.152717E+00,1.674082E+04,1.308256E+04,2.152717E+00,1.806252E+05,2.152717E+00,0.000000E+00,0.000000E+00,2.391907E-01,5.350495E+03,2.391907E-01,1.860091E+03,1.453617E+03,2.391907E-01,2.006946E+04,2.391907E-01,0.000000E+00,0.000000E+00,4.783815E-01,1.070099E+04,4.783815E-01,3.720182E+03,2.907235E+03,4.783815E-01,4.013893E+04,4.783815E-01,0.000000E+00,0.000000E+00
21:10:00,2.152717E+00,4.841079E+04,2.152717E+00,1.648448E+04,1.282253E+04,2.152717E+00,1.806252E+05,2.152717E+00,0.000000E+00,0.000000E+00,2.391907E-01,5.378977E+03,2.391907E-01,1.831609E+03,1.424726E+03,2.391907E-01,2.006946E+04,2.391907E-01,0.000000E+00,0.000000E+00,4.783815E-01,1.075795E+04,4.783815E-01,3.663218E+03,2.849452E+03,4.783815E-01,4.013893E+04,4.783815E-01,0.000000E+00,0.000000E+00
21:20:00,2.152717E+00,4.866713E+04,2.152717E+00,1.622814E+04,1.256251E+04,2.152717E+00,1.806252E+05,2.152717E+00,0.000000E+00,0.000000E+00,2.391907E-01,5.407459E+03,2.391907E-01,1.803127E+03,1.395835E+03,2.391907E-01,2.006946E+04,2.391907E-01,0.000000E+00,0.000000E+00,4.783815E-01,1.081492E+04,4.783815E-01,3.606254E+03,2.791670E+03,4.783815E-01,4.013893E+04,4.783815E-01,0.000000E+00,0.000000E+00
21:30:00,2.152717E+00,4.892347E+04,2.152717E+00,1.597181E+04,1.230249E+04,2.152717E+00,1.806252E+05,2.152717E+00,0.000000E+00,0.000000E+00,2.391907E-01,5.435941E+03,2.391907E-01,1.774645E+03,1.366944E+03,2.391907E-01,2.006946E+04,2.391907E-01,0.000000E+00,0.000000E+00,4.783815E-01,1.087188E+04,4.783815E-01,3.549291E+03,2.733887E+03,4.783815E-01,4.013893E+04,4.783815E-01,0.000000E+00,0.000000E+00
21:40:00,2.152717E+00,4.917980E+04,2.152717E+00,1.571547E+04,1.204247E+04,2.152717E+00,1.806252E+05,2.152717E+00,0.000000E+00,0.000000E+00,2.391907E-01,5.464422E+03,2.391907E-01,1.746164E+03,1.338052E+03,2.391907E-01,2.006946E+04,2.391907E-01,0.000000E+00,0.000000E+00,4.783815E-01,1.092884E+04,4.783815E-01,3.492327E+03,2.676104E+03,4.783815E-01,4.013893E+04,4.783815E-01,0.000000E+00,0.000000E+00
21:50:00,2.152717E+00,4.943614E+04,2.152717E+00,1.545914E+04,1.178245E+04,2.152717E+00,1.806252E+05,2.152717E+00,0.000000E+00,0.000000E+00,2.391907E-01,5.492904E+03,2.391907E-01,1.717682E+03,1.309161E+03,2.391907E-01,2.006946E+04,2.391907E-01,0.000000E+00,0.000000E+00,4.783815E-01,1.098581E+04,4.783815E-01,3.435364E+03,2.618322E+03,4.783815E-01,4.013893E+04,4.783815E-01,0.000000E+00,0.000000E+00
22:00:00,2.152717E+00,4.969247E+04,2.152717E+00,1.520280E+04,1.152243E+04,2.152717E+00,1.806252E+05,2.152717E+00,0.000000E+00,0.000000E+00,2.391907E-01,5.521386E+03,2.391907E-01,1.689200E+03,1.280270E+03,2.391907E-01,2.006946E+04,2.391907E-01,0.000000E+00,0.000000E+00,4.783815E-01,1.104277E+04,4.783815E-01,3.378400E+03,2.560539E+03,4.783815E-01,4.013893E+04,4.783815E-01,0.000000E+00,0.000000E+00
22:10:00,2.152717E+00,4.989185E+04,2.152717E+00,1.500343E+04,1.132016E+04,2.152717E+00,1.806252E+05,2.152717E+00,0.000000E+00,0.000000E+00,2.391907E-01,5.543539E+03,2.391907E-01,1.667047E+03,1.257796E+03,2.391907E-01,2.006946E+04,2.391907E-01,0.000000E+00,0.000000E+00,4.783815E-01,1.108708E+04,4.783815E-01,3.334095E+03,2.515591E+03,4.783815E-01,4.013893E+04,4.783815E-01,0.000000E+00,0.000000E+00
22:20:00,2.152717E+00,5.009122E+04,2.152717E+00,1.480405E+04,1.111793E+04,2.152717E+00,1.806252E+05,2.152717E+00,0.000000E+00,0.000000E+00,2.391907E-01,5.565691E+03,2.391907E-01,1.644895E+03,1.235326E+03,2.391907E-01,2.006946E+04,2.391907E-01,0.000000E+00,0.000000E+00,4.783815E-01,1.113138E+04,4.783815E-01,3.289790E+03,2.470651E+03,4.783815E-01,4.013893E+04,4.783815E-01,0.000000E+00,0.000000E+00
22:30:00,2.152717E+00,5.029059E+04,2.152717E+00,1.460468E+04,1.091570E+04,2.152717E+00,1.806252E+05,2.152717E+00,0.000000E+00,0.000000E+00,2.391907E-01,5.587844E+03,2.391907E-01,1.622742E+03,1.212855E+03,2.391907E-01,2.006946E+04,2.391907E-01,0.000000E+00,0.000000E+00,4.783815E-01,1.117569E+04,4.783815E-01,3.245485E+03,2.425711E+03,4.783815E-01,4.013893E+04,4.783815E-01,0.000000E+00,0.000000E+00
22:40:00,2.152717E+00,5.048997E+04,2.152717E+00,1.440531E+04,1.071347E+04,2.152717E+00,1.806252E+05,2.152717E+00,0.000000E+00,0.000000E+00,2.391907E-01,5.609996E+03,2.391907E-01,1.600590E+03,1.190385E+03,2.391907E-01,2.006946E+04,2.391907E-01,0.000000E+00,0.000000E+00,4.783815E-01,1.121999E+04,4.783815E-01,3.201180E+03,2.380770E+03,4.783815E-01,4.013893E+04,4.783815E-01,0.000000E+00,0.000000E+00
22:50:00,2.152717E+00,5.068934E+04,2.152717E+00,1.420594E+04,1.051120E+04,2.152717E+00,1.806252E+05,2.152717E+00,0.000000E+00,0.000000E+00,2.391907E-01,5.632149E+03,2.391907E-01,1.578437E+03,1.167911E+03,2.391907E-01,2.006946E+04,2.391907E-01,0.000000E+00,0.000000E+00,4.783815E-01,1.126430E+04,4.783815E-01,3.156875E+03,2.335822E+03,4.783815E-01,4.013893E+04,4.783815E-01,0.000000E+00,0.000000E+00
23:00:00,2.152717E+00,5.088871E+04,2.152717E+00,1.400656E+04,1.030897E+04,2.152717E+00,1.806252E+05,2.152717E+00,0.000000E+00,0.000000E+00,2.391907E-01,5.654301E+03,2.391907E-01,1.556285E+03,1.145441E+03,2.391907E-01,2.006946E+04,2.391907E-01,0.000000E+00,0.000000E+00,4.783815E-01,1.130860E+04,4.783815E-01,3.112570E+03,2.290882E+03,4.783815E-01,4.013893E+04,4.783815E-01,0.000000E+00,0.000000E+00
23:10:00,2.152717E+00,5.108808E+04,2.152717E+00,1.380719E+04,1.010674E+04,2.152717E+00,1.806252E+05,2.152717E+00,0.000000E+00,0.000000E+00,2.391907E-01,5.676454E+03,2.391907E-01,1.534132E+03,1.122971E+03,2.391907E-01,2.006946E+04,2.391907E-01,0.000000E+00,0.000000E+00,4.783815E-01,1.135291E+04,4.783815E-01,3.068265E+03,2.245942E+03,4.783815E-01,4.013893E+04,4.783815E-01,0.000000E+00,0.000000E+00
23:20:00,2.152717E+00,5.128746E+04,2.152717E+00,1.360782E+04,9.904507E+03,2.152717E+00,1.806252E+05,2.152717E+00,0.000000E+00,0.000000E+00,2.391907E-01,5.698606E+03,2.391907E-01,1.511980E+03,1.100501E+03,2.391907E-01,2.006946E+04,2.391907E-01,0.000000E+00,0.000000E+00,4.783815E-01,1.139721E+04,4.783815E-01,3.023960E+03,2.201002E+03,4.783815E-01,4.013893E+04,4.783815E-01,0.000000E+00,0.000000E+00
23:30:00,2.152717E+00,5.148683E+04,2.152717E+00,1.340845E+04,9.702240E+03,2.152717E+00,1.806252E+05,2.152717E+00,0.000000E+00,0.000000E+00,2.391907E-01,5.720759E+03,2.391907E-01,1.489827E+03,1.078027E+03,2.391907E-01,2.006946E+04,2.391907E-01,0.000000E+00,0.000000E+00,4.783815E-01,1.144152E+04,4.783815E-01,2.979654E+03,2.156053E+03,4.783815E-01,4.013893E+04,4.783815E-01,0.000000E+00,0.000000E+00
23:40:00,2.152717E+00,5.168620E+04,2.152717E+00,1.320907E+04,9.500009E+03,2.152717E+00,1.806252E+05,2.152717E+00,0.000000E+00,0.000000E+00,2.391907E-01,5.742911E+03,2.391907E-01,1.467675E+03,1.055557E+03,2.391907E-01,2.006946E+04,2.391907E-01,0.000000E+00,0.000000E+00,4.783815E-01,1.148582E+04,4.783815E-01,2.935349E+03,2.111113E+03,4.783815E-01,4.013893E+04,4.783815E-01,0.000000E+00,0.000000E+00
23:50:00,2.152717E+00,5.188557E+04,2.152717E+00,1.300970E+04,9.297777E+03,2.152717E+00,1.806252E+05,2.152717E+00,0.000000E+00,0.000000E+00,2.391907E-01,5.765064E+03,2.391907E-01,1.445522E+03,1.033086E+03,2.391907E-01,2.006946E+04,2.391907E-01,0.000000E+00,0.000000E+00,4.783815E-01,1.153013E+04,4.783815E-01,2.891044E+03,2.066173E+03,4.783815E-01,4.013893E+04,4.783815E-01,0.000000E+00,0.000000E+00
24:00:00,2.152717E+00,5.208495E+04,2.152717E+00,1.281033E+04,9.095545E+03,2.152717E+00,1.806252E+05,2.152717E+00,0.000000E+00,0.000000E+00,2.391907E-01,5.787216E+03,2.391907E-01,1.423370E+03,1.010616E+03,2.391907E-01,2.006946E+04,2.391907E-01,0.000000E+00,0.000000E+00,4.783815E-01,1.157443E+04,4.783815E-01,2.846739E+03,2.021232E+03,4.783815E-01,4.013893E+04,4.783815E-01,0.000000E+00,0.000000E+00
Coinc Peak   ,2.152717E+00,2.646114E+00,1.806252E+05,3.199212E+04,3.107411E-01,7.231411E-01,2.149310E+04,6.916587E+03,4.790461E-01,8.220947E-01,4.013893E+04,9.228155E+03
NonCoinc Peak,2.152717E+00,2.646114E+00,1.806252E+05,3.199212E+04,3.041159E-01,7.231411E-01,2.149310E+04,6.916587E+03,4.783815E-01,8.220947E-01,4.013893E+04,9.228155E+03
