<measure>
  <schema_version>3.0</schema_version>
  <name>btap_view_model</name>
  <uid>f4669f10-fda5-489d-8e1c-7ca3c2d40378</uid>
  <version_id>b381aaf5-97c4-40a6-9bf7-f1c3d80ddef4</version_id>
  <version_modified>20180228T202816Z</version_modified>
  <xml_checksum>1E1F8B97</xml_checksum>
  <class_name>BTAPViewModel</class_name>
  <display_name>ViewModel</display_name>
  <description>Visualize an OpenStudio model in a web based viewer</description>
  <modeler_description>Converts the OpenStudio model to vA3C JSON format and renders using Three.js</modeler_description>
  <arguments/>
  <outputs/>
  <provenances/>
  <tags>
    <tag>Reporting.QAQC</tag>
  </tags>
  <attributes>
    <attribute>
      <name>Measure Type</name>
      <value>ModelMeasure</value>
      <datatype>string</datatype>
    </attribute>
    <attribute>
      <name>Uses SketchUp API</name>
      <value>false</value>
      <datatype>boolean</datatype>
    </attribute>
  </attributes>
  <files>
    <file>
      <filename>report.html.in</filename>
      <filetype>in</filetype>
      <usage_type>resource</usage_type>
      <checksum>64866EE7</checksum>
    </file>
    <file>
      <filename>ViewModel_Test.rb</filename>
      <filetype>rb</filetype>
      <usage_type>test</usage_type>
      <checksum>705A2705</checksum>
    </file>
    <file>
      <filename>ExampleModel.osm</filename>
      <filetype>osm</filetype>
      <usage_type>test</usage_type>
      <checksum>10636DB9</checksum>
    </file>
    <file>
      <filename>SimpleModel.osm</filename>
      <filetype>osm</filetype>
      <usage_type>test</usage_type>
      <checksum>AC094EF8</checksum>
    </file>
    <file>
      <filename>va3c.rb</filename>
      <filetype>rb</filetype>
      <usage_type>resource</usage_type>
      <checksum>254BCDED</checksum>
    </file>
    <file>
      <version>
        <software_program>OpenStudio</software_program>
        <identifier>1.6.3</identifier>
        <min_compatible>1.8.0</min_compatible>
      </version>
      <filename>measure.rb</filename>
      <filetype>rb</filetype>
      <usage_type>script</usage_type>
      <checksum>F3F5AB72</checksum>
    </file>
  </files>
</measure>
