Time,SYS_3_PSZ ALL_ST=OFFICE ENCLOSED <= 25 M2_FL=BUILDING STORY 1_SCH=A:DesPer 1:Des Heat Mass Flow [kg/s],SYS_3_PSZ ALL_ST=OFFICE ENCLOSED <= 25 M2_FL=BUILDING STORY 1_SCH=A:DesPer 1:Des Heat Cap [W],SYS_3_PSZ ALL_ST=OFFICE ENCLOSED <= 25 M2_FL=BUILDING STORY 1_SCH=A:DesPer 1:Des Cool Mass Flow [kg/s],SYS_3_PSZ ALL_ST=OFFICE ENCLOSED <= 25 M2_FL=BUILDING STORY 1_SCH=A:DesPer 1:Des Sens Cool Cap [W],SYS_3_PSZ ALL_ST=OFFICE ENCLOSED <= 25 M2_FL=BUILDING STORY 1_SCH=A:DesPer 1:Des Tot Cool Cap [W],SYS_3_PSZ ALL_ST=OFFICE ENCLOSED <= 25 M2_FL=BUILDING STORY 1_SCH=A:DesPer 2:Des Heat Mass Flow [kg/s],SYS_3_PSZ ALL_ST=OFFICE ENCLOSED <= 25 M2_FL=BUILDING STORY 1_SCH=A:DesPer 2:Des Heat Cap [W],SYS_3_PSZ ALL_ST=OFFICE ENCLOSED <= 25 M2_FL=BUILDING STORY 1_SCH=A:DesPer 2:Des Cool Mass Flow [kg/s],SYS_3_PSZ ALL_ST=OFFICE ENCLOSED <= 25 M2_FL=BUILDING STORY 1_SCH=A:DesPer 2:Des Sens Cool Cap [W],SYS_3_PSZ ALL_ST=OFFICE ENCLOSED <= 25 M2_FL=BUILDING STORY 1_SCH=A:DesPer 2:Des Tot Cool Cap [W],SYS_4_PSZ_ALL_ST=WAREHOUSE STORAGE AREA MEDIUM TO BULKY PALLETIZED ITEMS_FL=BUILDING STORY 1_SCH=A:DesPer 1:Des Heat Mass Flow [kg/s],SYS_4_PSZ_ALL_ST=WAREHOUSE STORAGE AREA MEDIUM TO BULKY PALLETIZED ITEMS_FL=BUILDING STORY 1_SCH=A:DesPer 1:Des Heat Cap [W],SYS_4_PSZ_ALL_ST=WAREHOUSE STORAGE AREA MEDIUM TO BULKY PALLETIZED ITEMS_FL=BUILDING STORY 1_SCH=A:DesPer 1:Des Cool Mass Flow [kg/s],SYS_4_PSZ_ALL_ST=WAREHOUSE STORAGE AREA MEDIUM TO BULKY PALLETIZED ITEMS_FL=BUILDING STORY 1_SCH=A:DesPer 1:Des Sens Cool Cap [W],SYS_4_PSZ_ALL_ST=WAREHOUSE STORAGE AREA MEDIUM TO BULKY PALLETIZED ITEMS_FL=BUILDING STORY 1_SCH=A:DesPer 1:Des Tot Cool Cap [W],SYS_4_PSZ_ALL_ST=WAREHOUSE STORAGE AREA MEDIUM TO BULKY PALLETIZED ITEMS_FL=BUILDING STORY 1_SCH=A:DesPer 2:Des Heat Mass Flow [kg/s],SYS_4_PSZ_ALL_ST=WAREHOUSE STORAGE AREA MEDIUM TO BULKY PALLETIZED ITEMS_FL=BUILDING STORY 1_SCH=A:DesPer 2:Des Heat Cap [W],SYS_4_PSZ_ALL_ST=WAREHOUSE STORAGE AREA MEDIUM TO BULKY PALLETIZED ITEMS_FL=BUILDING STORY 1_SCH=A:DesPer 2:Des Cool Mass Flow [kg/s],SYS_4_PSZ_ALL_ST=WAREHOUSE STORAGE AREA MEDIUM TO BULKY PALLETIZED ITEMS_FL=BUILDING STORY 1_SCH=A:DesPer 2:Des Sens Cool Cap [W],SYS_4_PSZ_ALL_ST=WAREHOUSE STORAGE AREA MEDIUM TO BULKY PALLETIZED ITEMS_FL=BUILDING STORY 1_SCH=A:DesPer 2:Des Tot Cool Cap [W],SYS_4_PSZ_ALL_ST=WAREHOUSE STORAGE AREA SMALL HAND-CARRIED ITEMS(4)_FL=BUILDING STORY 1_SCH=A:DesPer 1:Des Heat Mass Flow [kg/s],SYS_4_PSZ_ALL_ST=WAREHOUSE STORAGE AREA SMALL HAND-CARRIED ITEMS(4)_FL=BUILDING STORY 1_SCH=A:DesPer 1:Des Heat Cap [W],SYS_4_PSZ_ALL_ST=WAREHOUSE STORAGE AREA SMALL HAND-CARRIED ITEMS(4)_FL=BUILDING STORY 1_SCH=A:DesPer 1:Des Cool Mass Flow [kg/s],SYS_4_PSZ_ALL_ST=WAREHOUSE STORAGE AREA SMALL HAND-CARRIED ITEMS(4)_FL=BUILDING STORY 1_SCH=A:DesPer 1:Des Sens Cool Cap [W],SYS_4_PSZ_ALL_ST=WAREHOUSE STORAGE AREA SMALL HAND-CARRIED ITEMS(4)_FL=BUILDING STORY 1_SCH=A:DesPer 1:Des Tot Cool Cap [W],SYS_4_PSZ_ALL_ST=WAREHOUSE STORAGE AREA SMALL HAND-CARRIED ITEMS(4)_FL=BUILDING STORY 1_SCH=A:DesPer 2:Des Heat Mass Flow [kg/s],SYS_4_PSZ_ALL_ST=WAREHOUSE STORAGE AREA SMALL HAND-CARRIED ITEMS(4)_FL=BUILDING STORY 1_SCH=A:DesPer 2:Des Heat Cap [W],SYS_4_PSZ_ALL_ST=WAREHOUSE STORAGE AREA SMALL HAND-CARRIED ITEMS(4)_FL=BUILDING STORY 1_SCH=A:DesPer 2:Des Cool Mass Flow [kg/s],SYS_4_PSZ_ALL_ST=WAREHOUSE STORAGE AREA SMALL HAND-CARRIED ITEMS(4)_FL=BUILDING STORY 1_SCH=A:DesPer 2:Des Sens Cool Cap [W],SYS_4_PSZ_ALL_ST=WAREHOUSE STORAGE AREA SMALL HAND-CARRIED ITEMS(4)_FL=BUILDING STORY 1_SCH=A:DesPer 2:Des Tot Cool Cap [W]
00:10:00,1.197714E-01,2.453642E+03,1.197714E-01,1.156956E+03,2.711044E+03,1.197714E-01,7.955352E+03,1.197714E-01,0.000000E+00,0.000000E+00,1.171400E+00,2.399735E+04,1.171400E+00,1.131537E+04,2.651481E+04,2.504000E+00,1.112837E+05,1.171400E+00,0.000000E+00,0.000000E+00,5.093042E-01,1.043363E+04,5.093042E-01,4.919728E+03,1.152818E+04,1.069594E+00,4.790604E+04,5.093042E-01,0.000000E+00,0.000000E+00
00:20:00,1.197714E-01,2.464354E+03,1.197714E-01,1.146245E+03,2.700063E+03,1.197714E-01,7.955352E+03,1.197714E-01,0.000000E+00,0.000000E+00,1.171400E+00,2.410211E+04,1.171400E+00,1.121061E+04,2.640742E+04,2.523396E+00,1.117710E+05,1.171400E+00,0.000000E+00,0.000000E+00,5.093042E-01,1.047918E+04,5.093042E-01,4.874180E+03,1.148149E+04,1.078688E+00,4.813455E+04,5.093042E-01,0.000000E+00,0.000000E+00
00:30:00,1.197714E-01,2.475065E+03,1.197714E-01,1.135533E+03,2.689085E+03,1.197714E-01,7.955352E+03,1.197714E-01,0.000000E+00,0.000000E+00,1.171400E+00,2.420687E+04,1.171400E+00,1.110585E+04,2.630005E+04,2.537065E+00,1.121144E+05,1.171400E+00,0.000000E+00,0.000000E+00,5.093042E-01,1.052473E+04,5.093042E-01,4.828632E+03,1.143480E+04,1.086314E+00,4.832615E+04,5.093042E-01,0.000000E+00,0.000000E+00
00:40:00,1.197714E-01,2.485777E+03,1.197714E-01,1.124822E+03,2.678105E+03,1.197714E-01,7.955352E+03,1.197714E-01,0.000000E+00,0.000000E+00,1.171400E+00,2.431164E+04,1.171400E+00,1.100109E+04,2.619266E+04,2.547581E+00,1.123786E+05,1.171400E+00,0.000000E+00,0.000000E+00,5.093042E-01,1.057028E+04,5.093042E-01,4.783083E+03,1.138811E+04,1.092749E+00,4.848784E+04,5.093042E-01,0.000000E+00,0.000000E+00
00:50:00,1.197714E-01,2.496488E+03,1.197714E-01,1.114110E+03,2.667125E+03,1.197714E-01,7.955352E+03,1.197714E-01,0.000000E+00,0.000000E+00,1.171400E+00,2.441640E+04,1.171400E+00,1.089633E+04,2.608527E+04,2.555499E+00,1.125776E+05,1.171400E+00,0.000000E+00,0.000000E+00,5.093042E-01,1.061582E+04,5.093042E-01,4.737535E+03,1.134142E+04,1.098194E+00,4.862466E+04,5.093042E-01,0.000000E+00,0.000000E+00
01:00:00,1.197714E-01,2.507200E+03,1.197714E-01,1.103399E+03,2.656147E+03,1.197714E-01,7.955352E+03,1.197714E-01,0.000000E+00,0.000000E+00,1.171400E+00,2.452116E+04,1.171400E+00,1.079157E+04,2.597791E+04,2.561485E+00,1.127280E+05,1.171400E+00,0.000000E+00,0.000000E+00,5.093042E-01,1.066137E+04,5.093042E-01,4.691987E+03,1.129474E+04,1.102828E+00,4.874107E+04,5.093042E-01,0.000000E+00,0.000000E+00
01:10:00,1.197714E-01,2.514340E+03,1.197714E-01,1.096258E+03,2.648826E+03,1.197714E-01,7.955352E+03,1.197714E-01,0.000000E+00,0.000000E+00,1.171400E+00,2.459100E+04,1.171400E+00,1.072173E+04,2.590630E+04,2.566115E+00,1.128443E+05,1.171400E+00,0.000000E+00,0.000000E+00,5.093042E-01,1.069174E+04,5.093042E-01,4.661621E+03,1.126361E+04,1.106842E+00,4.884193E+04,5.093042E-01,0.000000E+00,0.000000E+00
01:20:00,1.197714E-01,2.521481E+03,1.197714E-01,1.089117E+03,2.641507E+03,1.197714E-01,7.955352E+03,1.197714E-01,0.000000E+00,0.000000E+00,1.171400E+00,2.466084E+04,1.171400E+00,1.065189E+04,2.583472E+04,2.569699E+00,1.129343E+05,1.171400E+00,0.000000E+00,0.000000E+00,5.093042E-01,1.072210E+04,5.093042E-01,4.631256E+03,1.123249E+04,1.110339E+00,4.892979E+04,5.093042E-01,0.000000E+00,0.000000E+00
01:30:00,1.197714E-01,2.528622E+03,1.197714E-01,1.081976E+03,2.634186E+03,1.197714E-01,7.955352E+03,1.197714E-01,0.000000E+00,0.000000E+00,1.171400E+00,2.473068E+04,1.171400E+00,1.058205E+04,2.576312E+04,2.572481E+00,1.130042E+05,1.171400E+00,0.000000E+00,0.000000E+00,5.093042E-01,1.075247E+04,5.093042E-01,4.600890E+03,1.120136E+04,1.113407E+00,4.900688E+04,5.093042E-01,0.000000E+00,0.000000E+00
01:40:00,1.197714E-01,2.535763E+03,1.197714E-01,1.074835E+03,2.626867E+03,1.197714E-01,7.955352E+03,1.197714E-01,0.000000E+00,0.000000E+00,1.171400E+00,2.480052E+04,1.171400E+00,1.051221E+04,2.569154E+04,2.574657E+00,1.130589E+05,1.171400E+00,0.000000E+00,0.000000E+00,5.093042E-01,1.078283E+04,5.093042E-01,4.570525E+03,1.117024E+04,1.116127E+00,4.907522E+04,5.093042E-01,0.000000E+00,0.000000E+00
01:50:00,1.197714E-01,2.542904E+03,1.197714E-01,1.067694E+03,2.619546E+03,1.197714E-01,7.955352E+03,1.197714E-01,0.000000E+00,0.000000E+00,1.171400E+00,2.487036E+04,1.171400E+00,1.044237E+04,2.561994E+04,2.576378E+00,1.131021E+05,1.171400E+00,0.000000E+00,0.000000E+00,5.093042E-01,1.081320E+04,5.093042E-01,4.540159E+03,1.113911E+04,1.118565E+00,4.913646E+04,5.093042E-01,0.000000E+00,0.000000E+00
02:00:00,1.197714E-01,2.550045E+03,1.197714E-01,1.060553E+03,2.612228E+03,1.197714E-01,7.955352E+03,1.197714E-01,0.000000E+00,0.000000E+00,1.171400E+00,2.494020E+04,1.171400E+00,1.037252E+04,2.554836E+04,2.577753E+00,1.131367E+05,1.171400E+00,0.000000E+00,0.000000E+00,5.093042E-01,1.084357E+04,5.093042E-01,4.509793E+03,1.110798E+04,1.120773E+00,4.919194E+04,5.093042E-01,0.000000E+00,0.000000E+00
02:10:00,1.197714E-01,2.555401E+03,1.197714E-01,1.055197E+03,2.606737E+03,1.197714E-01,7.955352E+03,1.197714E-01,0.000000E+00,0.000000E+00,1.171400E+00,2.499258E+04,1.171400E+00,1.032014E+04,2.549466E+04,2.578865E+00,1.131646E+05,1.171400E+00,0.000000E+00,0.000000E+00,5.093042E-01,1.086634E+04,5.093042E-01,4.487019E+03,1.108463E+04,1.122794E+00,4.924271E+04,5.093042E-01,0.000000E+00,0.000000E+00
02:20:00,1.197714E-01,2.560757E+03,1.197714E-01,1.049842E+03,2.601248E+03,1.197714E-01,7.955352E+03,1.197714E-01,0.000000E+00,0.000000E+00,1.171400E+00,2.504496E+04,1.171400E+00,1.026776E+04,2.544098E+04,2.579775E+00,1.131875E+05,1.171400E+00,0.000000E+00,0.000000E+00,5.093042E-01,1.088911E+04,5.093042E-01,4.464245E+03,1.106129E+04,1.124661E+00,4.928962E+04,5.093042E-01,0.000000E+00,0.000000E+00
02:30:00,1.197714E-01,2.566112E+03,1.197714E-01,1.044486E+03,2.595758E+03,1.197714E-01,7.955352E+03,1.197714E-01,0.000000E+00,0.000000E+00,1.171400E+00,2.509734E+04,1.171400E+00,1.021538E+04,2.538729E+04,2.580530E+00,1.132065E+05,1.171400E+00,0.000000E+00,0.000000E+00,5.093042E-01,1.091189E+04,5.093042E-01,4.441471E+03,1.103795E+04,1.126402E+00,4.933337E+04,5.093042E-01,0.000000E+00,0.000000E+00
02:40:00,1.197714E-01,2.571468E+03,1.197714E-01,1.039130E+03,2.590267E+03,1.197714E-01,7.955352E+03,1.197714E-01,0.000000E+00,0.000000E+00,1.171400E+00,2.514972E+04,1.171400E+00,1.016300E+04,2.533359E+04,2.581165E+00,1.132224E+05,1.171400E+00,0.000000E+00,0.000000E+00,5.093042E-01,1.093466E+04,5.093042E-01,4.418697E+03,1.101460E+04,1.128039E+00,4.937449E+04,5.093042E-01,0.000000E+00,0.000000E+00
02:50:00,1.197714E-01,2.576824E+03,1.197714E-01,1.033774E+03,2.584778E+03,1.197714E-01,7.955352E+03,1.197714E-01,0.000000E+00,0.000000E+00,1.171400E+00,2.520210E+04,1.171400E+00,1.011062E+04,2.527990E+04,2.581705E+00,1.132360E+05,1.171400E+00,0.000000E+00,0.000000E+00,5.093042E-01,1.095744E+04,5.093042E-01,4.395923E+03,1.099126E+04,1.129589E+00,4.941343E+04,5.093042E-01,0.000000E+00,0.000000E+00
03:00:00,1.197714E-01,2.582180E+03,1.197714E-01,1.028419E+03,2.579289E+03,1.197714E-01,7.955352E+03,1.197714E-01,0.000000E+00,0.000000E+00,1.171400E+00,2.525449E+04,1.171400E+00,1.005824E+04,2.522622E+04,2.582172E+00,1.132477E+05,1.171400E+00,0.000000E+00,0.000000E+00,5.093042E-01,1.098021E+04,5.093042E-01,4.373149E+03,1.096792E+04,1.131065E+00,4.945052E+04,5.093042E-01,0.000000E+00,0.000000E+00
03:10:00,1.197714E-01,2.587535E+03,1.197714E-01,1.023063E+03,2.573798E+03,1.197714E-01,7.955352E+03,1.197714E-01,0.000000E+00,0.000000E+00,1.171400E+00,2.530687E+04,1.171400E+00,1.000586E+04,2.517251E+04,2.582579E+00,1.132580E+05,1.171400E+00,0.000000E+00,0.000000E+00,5.093042E-01,1.100299E+04,5.093042E-01,4.350374E+03,1.094457E+04,1.132480E+00,4.948605E+04,5.093042E-01,0.000000E+00,0.000000E+00
03:20:00,1.197714E-01,2.592891E+03,1.197714E-01,1.017707E+03,2.568309E+03,1.197714E-01,7.955352E+03,1.197714E-01,0.000000E+00,0.000000E+00,1.171400E+00,2.535925E+04,1.171400E+00,9.953481E+03,2.511883E+04,2.582940E+00,1.132670E+05,1.171400E+00,0.000000E+00,0.000000E+00,5.093042E-01,1.102576E+04,5.093042E-01,4.327600E+03,1.092123E+04,1.133840E+00,4.952024E+04,5.093042E-01,0.000000E+00,0.000000E+00
03:30:00,1.197714E-01,2.598247E+03,1.197714E-01,1.012352E+03,2.562820E+03,1.197714E-01,7.955352E+03,1.197714E-01,0.000000E+00,0.000000E+00,1.171400E+00,2.541163E+04,1.171400E+00,9.901100E+03,2.506514E+04,2.583262E+00,1.132751E+05,1.171400E+00,0.000000E+00,0.000000E+00,5.093042E-01,1.104853E+04,5.093042E-01,4.304826E+03,1.089789E+04,1.135155E+00,4.955327E+04,5.093042E-01,0.000000E+00,0.000000E+00
03:40:00,1.197714E-01,2.603602E+03,1.197714E-01,1.006996E+03,2.557329E+03,1.197714E-01,7.955352E+03,1.197714E-01,0.000000E+00,0.000000E+00,1.171400E+00,2.546401E+04,1.171400E+00,9.848720E+03,2.501144E+04,2.583554E+00,1.132824E+05,1.171400E+00,0.000000E+00,0.000000E+00,5.093042E-01,1.107131E+04,5.093042E-01,4.282052E+03,1.087454E+04,1.136430E+00,4.958529E+04,5.093042E-01,0.000000E+00,0.000000E+00
03:50:00,1.197714E-01,2.608958E+03,1.197714E-01,1.001640E+03,2.551840E+03,1.197714E-01,7.955352E+03,1.197714E-01,0.000000E+00,0.000000E+00,1.171400E+00,2.551639E+04,1.171400E+00,9.796339E+03,2.495775E+04,2.583819E+00,1.132891E+05,1.171400E+00,0.000000E+00,0.000000E+00,5.093042E-01,1.109408E+04,5.093042E-01,4.259278E+03,1.085120E+04,1.137668E+00,4.961642E+04,5.093042E-01,0.000000E+00,0.000000E+00
04:00:00,1.197714E-01,2.614314E+03,1.197714E-01,9.962844E+02,2.546351E+03,1.197714E-01,7.955352E+03,1.197714E-01,0.000000E+00,0.000000E+00,1.171400E+00,2.556877E+04,1.171400E+00,9.743958E+03,2.490407E+04,2.584063E+00,1.132953E+05,1.171400E+00,0.000000E+00,0.000000E+00,5.093042E-01,1.111686E+04,5.093042E-01,4.236504E+03,1.082785E+04,1.138876E+00,4.964675E+04,5.093042E-01,0.000000E+00,0.000000E+00
04:10:00,1.197714E-01,2.617884E+03,1.197714E-01,9.927140E+02,2.542689E+03,1.197714E-01,7.955352E+03,1.197714E-01,0.000000E+00,0.000000E+00,1.171400E+00,2.560369E+04,1.171400E+00,9.709038E+03,2.486826E+04,2.584287E+00,1.133009E+05,1.171400E+00,0.000000E+00,0.000000E+00,5.093042E-01,1.113204E+04,5.093042E-01,4.221321E+03,1.081229E+04,1.140041E+00,4.967602E+04,5.093042E-01,0.000000E+00,0.000000E+00
04:20:00,1.197714E-01,2.621455E+03,1.197714E-01,9.891435E+02,2.539030E+03,1.197714E-01,7.955352E+03,1.197714E-01,0.000000E+00,0.000000E+00,1.171400E+00,2.563861E+04,1.171400E+00,9.674118E+03,2.483247E+04,2.584493E+00,1.133061E+05,1.171400E+00,0.000000E+00,0.000000E+00,5.093042E-01,1.114722E+04,5.093042E-01,4.206138E+03,1.079672E+04,1.141172E+00,4.970444E+04,5.093042E-01,0.000000E+00,0.000000E+00
04:30:00,1.197714E-01,2.625025E+03,1.197714E-01,9.855730E+02,2.535370E+03,1.197714E-01,7.955352E+03,1.197714E-01,0.000000E+00,0.000000E+00,1.171400E+00,2.567353E+04,1.171400E+00,9.639197E+03,2.479668E+04,2.584685E+00,1.133109E+05,1.171400E+00,0.000000E+00,0.000000E+00,5.093042E-01,1.116240E+04,5.093042E-01,4.190955E+03,1.078116E+04,1.142276E+00,4.973217E+04,5.093042E-01,0.000000E+00,0.000000E+00
04:40:00,1.197714E-01,2.628596E+03,1.197714E-01,9.820025E+02,2.531711E+03,1.197714E-01,7.955352E+03,1.197714E-01,0.000000E+00,0.000000E+00,1.171400E+00,2.570845E+04,1.171400E+00,9.604277E+03,2.476089E+04,2.584865E+00,1.133154E+05,1.171400E+00,0.000000E+00,0.000000E+00,5.093042E-01,1.117759E+04,5.093042E-01,4.175773E+03,1.076560E+04,1.143355E+00,4.975928E+04,5.093042E-01,0.000000E+00,0.000000E+00
04:50:00,1.197714E-01,2.632166E+03,1.197714E-01,9.784320E+02,2.528050E+03,1.197714E-01,7.955352E+03,1.197714E-01,0.000000E+00,0.000000E+00,1.171400E+00,2.574337E+04,1.171400E+00,9.569357E+03,2.472508E+04,2.585034E+00,1.133197E+05,1.171400E+00,0.000000E+00,0.000000E+00,5.093042E-01,1.119277E+04,5.093042E-01,4.160590E+03,1.075003E+04,1.144410E+00,4.978581E+04,5.093042E-01,0.000000E+00,0.000000E+00
05:00:00,1.197714E-01,2.635737E+03,1.197714E-01,9.748616E+02,2.524390E+03,1.197714E-01,7.955352E+03,1.197714E-01,0.000000E+00,0.000000E+00,1.171400E+00,2.577829E+04,1.171400E+00,9.534436E+03,2.468929E+04,2.585194E+00,1.133237E+05,1.171400E+00,0.000000E+00,0.000000E+00,5.093042E-01,1.120795E+04,5.093042E-01,4.145407E+03,1.073447E+04,1.145444E+00,4.981178E+04,5.093042E-01,0.000000E+00,0.000000E+00
05:10:00,1.197714E-01,2.632166E+03,1.197714E-01,9.784320E+02,2.528050E+03,1.197714E-01,7.955352E+03,1.197714E-01,0.000000E+00,0.000000E+00,1.171400E+00,2.574337E+04,1.171400E+00,9.569357E+03,2.472508E+04,2.585348E+00,1.133275E+05,1.171400E+00,0.000000E+00,0.000000E+00,5.093042E-01,1.119277E+04,5.093042E-01,4.160590E+03,1.075003E+04,1.146471E+00,4.983758E+04,5.093042E-01,0.000000E+00,0.000000E+00
05:20:00,1.197714E-01,2.628596E+03,1.197714E-01,9.820025E+02,2.531711E+03,1.197714E-01,7.955352E+03,1.197714E-01,0.000000E+00,0.000000E+00,1.171400E+00,2.570845E+04,1.171400E+00,9.604277E+03,2.476089E+04,2.585496E+00,1.133313E+05,1.171400E+00,0.000000E+00,0.000000E+00,5.093042E-01,1.117759E+04,5.093042E-01,4.175773E+03,1.076560E+04,1.147486E+00,4.986307E+04,5.093042E-01,0.000000E+00,0.000000E+00
05:30:00,1.197714E-01,2.625025E+03,1.197714E-01,9.855730E+02,2.535370E+03,1.197714E-01,7.955352E+03,1.197714E-01,0.000000E+00,0.000000E+00,1.171400E+00,2.567353E+04,1.171400E+00,9.639197E+03,2.479668E+04,2.585638E+00,1.133348E+05,1.171400E+00,0.000000E+00,0.000000E+00,5.093042E-01,1.116240E+04,5.093042E-01,4.190955E+03,1.078116E+04,1.148484E+00,4.988817E+04,5.093042E-01,0.000000E+00,0.000000E+00
05:40:00,1.197714E-01,2.621455E+03,1.197714E-01,9.891435E+02,2.539030E+03,1.197714E-01,7.955352E+03,1.197714E-01,0.000000E+00,0.000000E+00,1.171400E+00,2.563861E+04,1.171400E+00,9.674118E+03,2.483247E+04,2.585774E+00,1.133382E+05,1.171400E+00,0.000000E+00,0.000000E+00,5.093042E-01,1.114722E+04,5.093042E-01,4.206138E+03,1.079672E+04,1.149467E+00,4.991286E+04,5.093042E-01,0.000000E+00,0.000000E+00
05:50:00,1.197714E-01,2.617884E+03,1.197714E-01,9.927140E+02,2.542689E+03,1.197714E-01,7.955352E+03,1.197714E-01,0.000000E+00,0.000000E+00,1.171400E+00,2.560369E+04,1.171400E+00,9.709038E+03,2.486826E+04,2.585905E+00,1.133415E+05,1.171400E+00,0.000000E+00,0.000000E+00,5.093042E-01,1.113204E+04,5.093042E-01,4.221321E+03,1.081229E+04,1.150434E+00,4.993715E+04,5.093042E-01,0.000000E+00,0.000000E+00
06:00:00,1.197714E-01,2.614314E+03,1.197714E-01,9.962844E+02,2.546351E+03,1.197714E-01,7.955352E+03,1.197714E-01,0.000000E+00,0.000000E+00,1.171400E+00,2.556877E+04,1.171400E+00,9.743958E+03,2.490407E+04,2.586031E+00,1.133447E+05,1.171400E+00,0.000000E+00,0.000000E+00,5.093042E-01,1.111686E+04,5.093042E-01,4.236504E+03,1.082785E+04,1.151385E+00,4.996104E+04,5.093042E-01,0.000000E+00,0.000000E+00
06:10:00,1.197714E-01,2.601817E+03,1.197714E-01,1.008781E+03,2.559158E+03,1.197714E-01,7.955352E+03,1.197714E-01,0.000000E+00,0.000000E+00,1.171400E+00,2.544655E+04,1.171400E+00,9.866180E+03,2.502933E+04,4.475744E+00,1.608189E+05,1.171400E+00,0.000000E+00,0.000000E+00,5.093042E-01,1.106372E+04,5.093042E-01,4.289643E+03,1.088232E+04,1.397539E+00,5.597297E+04,5.093042E-01,0.000000E+00,0.000000E+00
06:20:00,1.197714E-01,2.589321E+03,1.197714E-01,1.021278E+03,2.571968E+03,1.374486E-01,8.393082E+03,1.197714E-01,0.000000E+00,0.000000E+00,1.171400E+00,2.532433E+04,1.404301E+00,1.249240E+04,2.902021E+04,4.458943E+00,1.598415E+05,1.171400E+00,0.000000E+00,0.000000E+00,5.093042E-01,1.101058E+04,7.089044E-01,6.681784E+03,1.508044E+04,1.528944E+00,5.890431E+04,5.093042E-01,0.000000E+00,0.000000E+00
06:30:00,1.197714E-01,2.576824E+03,1.197714E-01,1.033774E+03,2.584778E+03,1.881196E-01,9.624921E+03,1.197714E-01,0.000000E+00,0.000000E+00,1.171400E+00,2.520210E+04,2.251959E+00,2.189059E+04,4.324295E+04,5.609639E+00,1.870683E+05,1.171400E+00,0.000000E+00,0.000000E+00,5.093042E-01,1.095744E+04,1.102874E+00,1.132721E+04,2.252702E+04,1.664176E+00,6.184276E+04,5.093042E-01,0.000000E+00,0.000000E+00
06:40:00,1.197714E-01,2.564327E+03,1.197714E-01,1.046271E+03,2.597588E+03,2.049570E-01,1.000771E+04,1.197714E-01,0.000000E+00,0.000000E+00,1.171400E+00,2.507988E+04,3.012392E+00,3.049540E+04,5.598103E+04,5.661337E+00,1.868385E+05,1.171400E+00,0.000000E+00,0.000000E+00,5.093042E-01,1.090430E+04,1.425629E+00,1.503941E+04,2.810619E+04,1.746970E+00,6.343673E+04,5.093042E-01,0.000000E+00,0.000000E+00
06:50:00,1.197714E-01,2.551831E+03,1.342788E-01,1.220378E+03,2.840278E+03,2.244701E-01,1.044278E+04,1.197714E-01,0.000000E+00,0.000000E+00,1.171400E+00,2.495766E+04,3.828165E+00,3.973688E+04,6.916954E+04,5.778097E+00,1.881308E+05,1.171400E+00,0.000000E+00,0.000000E+00,5.093042E-01,1.085116E+04,1.769372E+00,1.881133E+04,3.254464E+04,1.822426E+00,6.480205E+04,5.093042E-01,0.000000E+00,0.000000E+00
07:00:00,1.197714E-01,2.539334E+03,1.536697E-01,1.443974E+03,3.149639E+03,2.433344E-01,1.084959E+04,1.197714E-01,0.000000E+00,0.000000E+00,1.171400E+00,2.483544E+04,4.683104E+00,4.929778E+04,8.240995E+04,5.900437E+00,1.894768E+05,1.171400E+00,0.000000E+00,0.000000E+00,5.093042E-01,1.079802E+04,2.128945E+00,2.248103E+04,3.627039E+04,1.891992E+00,6.597982E+04,5.093042E-01,0.000000E+00,0.000000E+00
07:10:00,1.197714E-01,2.508985E+03,1.262040E-01,1.172513E+03,2.753332E+03,2.741361E-01,1.149576E+04,1.197714E-01,0.000000E+00,0.000000E+00,1.171400E+00,2.453862E+04,4.744935E+00,5.026421E+04,8.276868E+04,6.097573E+00,1.924819E+05,1.171400E+00,0.000000E+00,0.000000E+00,5.093042E-01,1.066896E+04,2.088548E+00,2.211207E+04,3.426876E+04,1.985773E+00,6.758522E+04,5.093042E-01,0.000000E+00,0.000000E+00
07:20:00,1.197714E-01,2.478636E+03,1.441831E-01,1.401775E+03,3.057965E+03,3.083038E-01,1.221825E+04,1.197714E-01,0.000000E+00,0.000000E+00,1.171400E+00,2.424179E+04,5.135402E+00,5.488219E+04,8.827195E+04,6.322133E+00,1.949526E+05,1.171400E+00,0.000000E+00,0.000000E+00,5.093042E-01,1.053991E+04,2.217580E+00,2.368812E+04,3.518227E+04,2.065686E+00,6.889245E+04,5.093042E-01,0.000000E+00,0.000000E+00
07:30:00,1.197714E-01,2.448287E+03,1.243594E-01,1.213021E+03,2.785823E+03,3.255839E-01,1.254005E+04,1.197714E-01,0.000000E+00,0.000000E+00,1.171400E+00,2.394497E+04,5.261176E+00,5.656852E+04,8.952887E+04,6.569785E+00,1.987771E+05,1.171400E+00,0.000000E+00,0.000000E+00,5.093042E-01,1.041086E+04,2.244316E+00,2.411254E+04,3.489471E+04,2.130514E+00,6.981003E+04,5.093042E-01,0.000000E+00,0.000000E+00
07:40:00,1.197714E-01,2.417937E+03,1.365099E-01,1.377666E+03,2.997782E+03,3.517298E-01,1.304476E+04,1.197714E-01,0.000000E+00,0.000000E+00,1.171400E+00,2.364815E+04,5.499095E+00,5.949498E+04,9.246650E+04,6.636181E+00,1.984343E+05,1.171400E+00,0.000000E+00,0.000000E+00,5.093042E-01,1.028180E+04,2.354138E+00,2.545642E+04,3.592066E+04,2.190535E+00,7.057883E+04,5.093042E-01,0.000000E+00,0.000000E+00
07:50:00,1.197714E-01,2.387588E+03,1.446932E-01,1.498460E+03,3.147292E+03,3.748464E-01,1.346654E+04,1.197714E-01,0.000000E+00,0.000000E+00,1.171400E+00,2.335133E+04,5.702600E+00,6.204103E+04,9.482981E+04,6.757621E+00,1.992438E+05,1.171400E+00,0.000000E+00,0.000000E+00,5.093042E-01,1.015275E+04,2.453144E+00,2.668062E+04,3.692324E+04,2.246607E+00,7.122243E+04,5.093042E-01,0.000000E+00,0.000000E+00
08:00:00,1.197714E-01,2.357239E+03,1.531601E-01,1.622390E+03,3.298496E+03,3.971098E-01,1.385467E+04,1.197714E-01,0.000000E+00,0.000000E+00,1.171400E+00,2.305450E+04,5.883892E+00,6.434164E+04,9.683337E+04,6.864443E+00,1.996591E+05,1.171400E+00,0.000000E+00,0.000000E+00,5.093042E-01,1.002370E+04,2.544872E+00,2.782428E+04,3.792297E+04,2.300039E+00,7.177254E+04,5.093042E-01,0.000000E+00,0.000000E+00
08:10:00,1.197714E-01,2.323320E+03,1.727234E-01,1.872533E+03,3.611646E+03,3.409344E-01,1.261950E+04,1.197714E-01,0.000000E+00,0.000000E+00,1.171400E+00,2.272276E+04,6.082605E+00,6.686975E+04,9.911226E+04,4.960066E+00,1.576289E+05,1.171400E+00,0.000000E+00,0.000000E+00,5.093042E-01,9.879460E+03,2.657238E+00,2.921102E+04,3.926778E+04,2.049345E+00,6.632829E+04,5.093042E-01,0.000000E+00,0.000000E+00
08:20:00,1.197714E-01,2.289400E+03,1.931040E-01,2.131706E+03,3.934505E+03,3.175629E-01,1.212946E+04,1.197714E-01,0.000000E+00,0.000000E+00,1.171400E+00,2.239102E+04,6.265782E+00,6.922617E+04,1.011623E+05,4.923247E+00,1.569817E+05,1.171400E+00,0.000000E+00,0.000000E+00,5.093042E-01,9.735224E+03,2.765196E+00,3.054889E+04,4.071571E+04,1.918434E+00,6.356848E+04,5.093042E-01,0.000000E+00,0.000000E+00
08:30:00,1.197714E-01,2.255481E+03,2.138484E-01,2.394897E+03,4.261303E+03,2.780099E-01,1.129475E+04,1.197714E-01,0.000000E+00,0.000000E+00,1.171400E+00,2.205927E+04,6.429454E+00,7.136704E+04,1.029387E+05,3.689956E+00,1.309555E+05,1.171400E+00,0.000000E+00,0.000000E+00,5.093042E-01,9.590988E+03,2.865955E+00,3.180705E+04,4.214426E+04,1.793715E+00,6.093643E+04,5.093042E-01,0.000000E+00,0.000000E+00
08:40:00,1.197714E-01,2.221561E+03,2.348434E-01,2.660853E+03,4.589632E+03,2.622895E-01,1.096295E+04,1.197714E-01,0.000000E+00,0.000000E+00,1.171400E+00,2.172753E+04,6.572125E+00,7.327583E+04,1.044369E+05,3.732234E+00,1.318469E+05,1.171400E+00,0.000000E+00,0.000000E+00,5.093042E-01,9.446752E+03,2.959050E+00,3.298038E+04,4.347700E+04,1.722133E+00,5.942543E+04,5.093042E-01,0.000000E+00,0.000000E+00
08:50:00,1.197714E-01,2.187641E+03,2.560005E-01,2.928600E+03,4.917470E+03,2.459164E-01,1.061740E+04,1.197714E-01,0.000000E+00,0.000000E+00,1.171400E+00,2.139579E+04,6.692309E+00,7.493611E+04,1.056526E+05,3.651038E+00,1.301334E+05,1.171400E+00,0.000000E+00,0.000000E+00,5.093042E-01,9.302515E+03,3.043689E+00,3.406013E+04,4.468309E+04,1.658691E+00,5.808632E+04,5.093042E-01,0.000000E+00,0.000000E+00
09:00:00,1.197714E-01,2.153722E+03,2.772495E-01,3.197359E+03,5.243595E+03,2.301424E-01,1.028450E+04,1.197714E-01,0.000000E+00,0.000000E+00,1.171400E+00,2.106404E+04,6.788015E+00,7.632585E+04,1.065726E+05,3.576338E+00,1.285570E+05,1.171400E+00,0.000000E+00,0.000000E+00,5.093042E-01,9.158279E+03,3.118919E+00,3.503582E+04,4.575857E+04,1.601270E+00,5.687431E+04,5.093042E-01,0.000000E+00,0.000000E+00
09:10:00,1.197714E-01,2.123373E+03,2.880770E-01,3.347364E+03,5.416645E+03,2.215603E-01,1.010338E+04,1.197714E-01,0.000000E+00,0.000000E+00,1.171400E+00,2.076722E+04,6.810257E+00,7.686873E+04,1.065081E+05,3.537393E+00,1.277351E+05,1.171400E+00,0.000000E+00,0.000000E+00,5.093042E-01,9.029225E+03,3.149902E+00,3.550726E+04,4.626252E+04,1.569491E+00,5.620353E+04,5.093042E-01,0.000000E+00,0.000000E+00
09:20:00,1.197714E-01,2.093024E+03,2.980561E-01,3.488000E+03,5.580649E+03,2.138482E-01,9.940620E+03,1.197714E-01,0.000000E+00,0.000000E+00,1.171400E+00,2.047040E+04,6.794848E+00,7.699551E+04,1.060125E+05,3.507323E+00,1.271005E+05,1.171400E+00,0.000000E+00,0.000000E+00,5.093042E-01,8.900172E+03,3.163354E+00,3.578496E+04,4.660557E+04,1.544025E+00,5.566599E+04,5.093042E-01,0.000000E+00,0.000000E+00
09:30:00,1.197714E-01,2.062675E+03,3.075469E-01,3.623240E+03,5.739494E+03,2.066565E-01,9.788846E+03,1.197714E-01,0.000000E+00,0.000000E+00,1.171400E+00,2.017357E+04,6.744153E+00,7.673231E+04,1.051227E+05,3.481757E+00,1.265609E+05,1.171400E+00,0.000000E+00,0.000000E+00,5.093042E-01,8.771118E+03,3.161673E+00,3.589541E+04,4.678441E+04,1.522000E+00,5.520112E+04,5.093042E-01,0.000000E+00,0.000000E+00
09:40:00,1.197714E-01,2.032326E+03,3.165896E-01,3.753526E+03,5.892088E+03,1.998657E-01,9.645536E+03,1.197714E-01,0.000000E+00,0.000000E+00,1.171400E+00,1.987675E+04,6.656556E+00,7.606123E+04,1.038192E+05,3.459755E+00,1.260966E+05,1.171400E+00,0.000000E+00,0.000000E+00,5.093042E-01,8.642065E+03,3.144298E+00,3.583243E+04,4.676620E+04,1.502698E+00,5.479371E+04,5.093042E-01,0.000000E+00,0.000000E+00
09:50:00,1.197714E-01,2.001977E+03,3.252370E-01,3.879444E+03,6.038416E+03,1.933935E-01,9.508951E+03,1.197714E-01,0.000000E+00,0.000000E+00,1.171400E+00,1.957993E+04,6.532236E+00,7.498425E+04,1.021064E+05,3.440248E+00,1.256849E+05,1.171400E+00,0.000000E+00,0.000000E+00,5.093042E-01,8.513011E+03,3.111595E+00,3.560007E+04,4.655125E+04,1.485379E+00,5.442816E+04,5.093042E-01,0.000000E+00,0.000000E+00
10:00:00,1.197714E-01,1.971627E+03,3.336561E-01,4.002839E+03,6.180730E+03,1.871749E-01,9.377718E+03,1.197714E-01,0.000000E+00,0.000000E+00,1.171400E+00,1.928310E+04,6.373672E+00,7.352876E+04,1.000171E+05,3.422611E+00,1.253127E+05,1.171400E+00,0.000000E+00,0.000000E+00,5.093042E-01,8.383958E+03,3.065459E+00,3.521923E+04,4.616851E+04,1.469577E+00,5.409464E+04,5.093042E-01,0.000000E+00,0.000000E+00
10:10:00,1.197714E-01,1.944849E+03,3.385062E-01,4.083218E+03,6.269070E+03,1.834604E-01,9.299330E+03,1.197714E-01,0.000000E+00,0.000000E+00,1.171400E+00,1.902120E+04,6.168724E+00,7.152567E+04,9.735342E+04,3.415506E+00,1.251628E+05,1.171400E+00,0.000000E+00,0.000000E+00,5.093042E-01,8.270087E+03,2.995837E+00,3.456367E+04,4.547703E+04,1.461970E+00,5.393407E+04,5.093042E-01,0.000000E+00,0.000000E+00
10:20:00,1.197714E-01,1.918070E+03,3.430990E-01,4.160755E+03,6.353345E+03,1.800383E-01,9.227111E+03,1.197714E-01,0.000000E+00,0.000000E+00,1.171400E+00,1.875930E+04,5.939351E+00,6.925258E+04,9.443617E+04,3.410637E+00,1.250600E+05,1.171400E+00,0.000000E+00,0.000000E+00,5.093042E-01,8.156216E+03,2.916203E+00,3.379746E+04,4.466524E+04,1.456119E+00,5.381056E+04,5.093042E-01,0.000000E+00,0.000000E+00
10:30:00,1.197714E-01,1.891292E+03,3.475761E-01,4.237014E+03,6.435624E+03,1.768254E-01,9.159309E+03,1.197714E-01,0.000000E+00,0.000000E+00,1.171400E+00,1.849739E+04,5.697056E+00,6.683665E+04,9.140715E+04,3.406813E+00,1.249793E+05,1.171400E+00,0.000000E+00,0.000000E+00,5.093042E-01,8.042346E+03,2.831706E+00,3.297751E+04,4.379496E+04,1.451210E+00,5.370695E+04,5.093042E-01,0.000000E+00,0.000000E+00
10:40:00,1.197714E-01,1.864513E+03,3.520015E-01,4.312701E+03,6.516886E+03,1.737865E-01,9.095179E+03,1.197714E-01,0.000000E+00,0.000000E+00,1.171400E+00,1.823549E+04,5.452284E+00,6.439329E+04,8.839203E+04,3.403839E+00,1.249165E+05,1.171400E+00,0.000000E+00,0.000000E+00,5.093042E-01,7.928475E+03,2.746494E+00,3.214966E+04,4.291363E+04,1.447066E+00,5.361948E+04,5.093042E-01,0.000000E+00,0.000000E+00
10:50:00,1.197714E-01,1.837734E+03,3.564070E-01,4.388170E+03,6.597656E+03,1.708949E-01,9.034157E+03,1.197714E-01,0.000000E+00,0.000000E+00,1.171400E+00,1.797359E+04,5.216454E+00,6.204875E+04,8.552927E+04,3.401516E+00,1.248675E+05,1.171400E+00,0.000000E+00,0.000000E+00,5.093042E-01,7.814604E+03,2.664961E+00,3.136247E+04,4.207335E+04,1.443521E+00,5.354467E+04,5.093042E-01,0.000000E+00,0.000000E+00
11:00:00,1.197714E-01,1.810956E+03,3.606904E-01,4.462289E+03,6.676596E+03,1.681338E-01,8.975890E+03,1.197714E-01,0.000000E+00,0.000000E+00,1.171400E+00,1.771169E+04,4.999727E+00,5.991530E+04,8.294158E+04,3.399694E+00,1.248291E+05,1.171400E+00,0.000000E+00,0.000000E+00,5.093042E-01,7.700733E+03,2.590246E+00,3.065063E+04,4.131112E+04,1.440467E+00,5.348020E+04,5.093042E-01,0.000000E+00,0.000000E+00
11:10:00,1.197714E-01,1.793103E+03,3.647530E-01,4.525042E+03,6.743319E+03,1.654863E-01,8.920022E+03,1.197714E-01,0.000000E+00,0.000000E+00,1.171400E+00,1.753708E+04,4.811798E+00,5.801284E+04,8.065816E+04,3.398248E+00,1.247985E+05,1.171400E+00,0.000000E+00,0.000000E+00,5.093042E-01,7.624820E+03,2.526240E+00,3.001916E+04,4.063622E+04,1.437789E+00,5.342368E+04,5.093042E-01,0.000000E+00,0.000000E+00
11:20:00,1.197714E-01,1.775251E+03,3.685982E-01,4.585392E+03,6.807076E+03,1.629391E-01,8.866270E+03,1.197714E-01,0.000000E+00,0.000000E+00,1.171400E+00,1.736248E+04,4.655494E+00,5.645989E+04,7.879861E+04,3.397086E+00,1.247740E+05,1.171400E+00,0.000000E+00,0.000000E+00,5.093042E-01,7.548906E+03,2.473919E+00,2.951683E+04,4.009963E+04,1.435402E+00,5.337331E+04,5.093042E-01,0.000000E+00,0.000000E+00
11:30:00,1.197714E-01,1.757399E+03,3.722165E-01,4.643235E+03,6.867821E+03,1.604822E-01,8.814423E+03,1.197714E-01,0.000000E+00,0.000000E+00,1.171400E+00,1.718788E+04,4.531033E+00,5.525888E+04,7.736113E+04,3.396139E+00,1.247540E+05,1.171400E+00,0.000000E+00,0.000000E+00,5.093042E-01,7.472992E+03,2.433177E+00,2.914245E+04,3.969988E+04,1.433246E+00,5.332780E+04,5.093042E-01,0.000000E+00,0.000000E+00
11:40:00,1.197714E-01,1.739546E+03,3.755927E-01,4.698402E+03,6.925413E+03,1.581076E-01,8.764313E+03,1.197714E-01,0.000000E+00,0.000000E+00,1.171400E+00,1.701328E+04,4.435371E+00,5.437617E+04,7.630299E+04,3.395359E+00,1.247376E+05,1.171400E+00,0.000000E+00,0.000000E+00,5.093042E-01,7.397078E+03,2.402876E+00,2.888347E+04,3.942334E+04,1.431274E+00,5.328618E+04,5.093042E-01,0.000000E+00,0.000000E+00
11:50:00,1.197714E-01,1.721694E+03,3.786984E-01,4.750581E+03,6.979531E+03,1.558088E-01,8.715803E+03,1.197714E-01,0.000000E+00,0.000000E+00,1.171400E+00,1.683868E+04,4.362367E+00,5.374389E+04,7.554256E+04,3.394707E+00,1.247238E+05,1.171400E+00,0.000000E+00,0.000000E+00,5.093042E-01,7.321164E+03,2.380537E+00,2.871247E+04,3.924037E+04,1.429451E+00,5.324771E+04,5.093042E-01,0.000000E+00,0.000000E+00
12:00:00,1.197714E-01,1.703841E+03,3.815033E-01,4.799434E+03,7.029823E+03,1.535770E-01,8.668708E+03,1.197714E-01,0.000000E+00,0.000000E+00,1.171400E+00,1.666408E+04,4.306529E+00,5.330134E+04,7.500772E+04,3.394143E+00,1.247119E+05,1.171400E+00,0.000000E+00,0.000000E+00,5.093042E-01,7.245250E+03,2.363885E+00,2.860431E+04,3.912490E+04,1.427726E+00,5.321132E+04,5.093042E-01,0.000000E+00,0.000000E+00
12:10:00,1.197714E-01,1.689559E+03,3.800002E-01,4.797105E+03,7.018414E+03,1.542313E-01,8.682515E+03,1.197714E-01,0.000000E+00,0.000000E+00,1.171400E+00,1.652439E+04,4.257169E+00,5.289545E+04,7.452281E+04,3.402095E+00,1.248797E+05,1.171400E+00,0.000000E+00,0.000000E+00,5.093042E-01,7.184519E+03,2.342871E+00,2.843278E+04,3.893213E+04,1.433265E+00,5.332822E+04,5.093042E-01,0.000000E+00,0.000000E+00
12:20:00,1.197714E-01,1.675278E+03,3.781981E-01,4.791475E+03,6.988405E+03,1.550301E-01,8.699370E+03,1.197714E-01,0.000000E+00,0.000000E+00,1.171400E+00,1.638471E+04,4.224092E+00,5.266955E+04,7.423512E+04,3.410797E+00,1.250633E+05,1.171400E+00,0.000000E+00,0.000000E+00,5.093042E-01,7.123788E+03,2.326090E+00,2.830804E+04,3.871063E+04,1.439381E+00,5.345729E+04,5.093042E-01,0.000000E+00,0.000000E+00
12:30:00,1.197714E-01,1.660996E+03,3.761276E-01,4.782880E+03,6.948159E+03,1.559350E-01,8.718464E+03,1.197714E-01,0.000000E+00,0.000000E+00,1.171400E+00,1.624503E+04,4.205035E+00,5.259859E+04,7.411995E+04,3.419788E+00,1.252531E+05,1.171400E+00,0.000000E+00,0.000000E+00,5.093042E-01,7.063057E+03,2.312753E+00,2.822138E+04,3.850238E+04,1.445769E+00,5.359212E+04,5.093042E-01,0.000000E+00,0.000000E+00
12:40:00,1.197714E-01,1.646714E+03,3.738001E-01,4.771446E+03,6.905524E+03,1.569318E-01,8.739496E+03,1.197714E-01,0.000000E+00,0.000000E+00,1.171400E+00,1.610535E+04,4.199459E+00,5.267665E+04,7.417597E+04,3.428987E+00,1.254472E+05,1.171400E+00,0.000000E+00,0.000000E+00,5.093042E-01,7.002326E+03,2.302582E+00,2.816973E+04,3.834711E+04,1.452370E+00,5.373147E+04,5.093042E-01,0.000000E+00,0.000000E+00
12:50:00,1.197714E-01,1.632432E+03,3.713116E-01,4.758236E+03,6.864857E+03,1.580115E-01,8.762280E+03,1.197714E-01,0.000000E+00,0.000000E+00,1.171400E+00,1.596567E+04,4.209555E+00,5.292792E+04,7.443440E+04,3.438338E+00,1.256445E+05,1.171400E+00,0.000000E+00,0.000000E+00,5.093042E-01,6.941595E+03,2.296336E+00,2.816146E+04,3.826711E+04,1.459142E+00,5.387443E+04,5.093042E-01,0.000000E+00,0.000000E+00
13:00:00,1.197714E-01,1.618150E+03,3.688838E-01,4.745697E+03,6.829195E+03,1.591673E-01,8.786669E+03,1.197714E-01,0.000000E+00,0.000000E+00,1.171400E+00,1.582599E+04,4.238673E+00,5.338944E+04,7.493899E+04,3.447808E+00,1.258444E+05,1.171400E+00,0.000000E+00,0.000000E+00,5.093042E-01,6.880864E+03,2.295119E+00,2.820879E+04,3.827157E+04,1.466053E+00,5.402032E+04,5.093042E-01,0.000000E+00,0.000000E+00
13:10:00,1.197714E-01,1.609224E+03,3.707051E-01,4.774765E+03,6.846778E+03,1.575711E-01,8.752987E+03,1.197714E-01,0.000000E+00,0.000000E+00,1.171400E+00,1.573869E+04,4.297385E+00,5.412569E+04,7.577268E+04,3.448927E+00,1.258680E+05,1.171400E+00,0.000000E+00,0.000000E+00,5.093042E-01,6.842907E+03,2.308661E+00,2.839647E+04,3.845330E+04,1.465905E+00,5.401723E+04,5.093042E-01,0.000000E+00,0.000000E+00
13:20:00,1.197714E-01,1.600297E+03,3.730349E-01,4.809452E+03,6.872910E+03,1.559575E-01,8.718939E+03,1.197714E-01,0.000000E+00,0.000000E+00,1.171400E+00,1.565139E+04,4.376790E+00,5.509064E+04,7.686988E+04,3.449429E+00,1.258786E+05,1.171400E+00,0.000000E+00,0.000000E+00,5.093042E-01,6.804950E+03,2.328168E+00,2.865005E+04,3.871341E+04,1.465357E+00,5.400572E+04,5.093042E-01,0.000000E+00,0.000000E+00
13:30:00,1.197714E-01,1.591371E+03,3.761568E-01,4.852892E+03,6.910575E+03,1.543584E-01,8.685195E+03,1.197714E-01,0.000000E+00,0.000000E+00,1.171400E+00,1.556408E+04,4.482736E+00,5.634895E+04,7.830349E+04,3.449749E+00,1.258854E+05,1.171400E+00,0.000000E+00,0.000000E+00,5.093042E-01,6.766993E+03,2.355486E+00,2.898995E+04,3.906991E+04,1.464689E+00,5.399165E+04,5.093042E-01,0.000000E+00,0.000000E+00
13:40:00,1.197714E-01,1.582445E+03,3.803553E-01,4.908231E+03,6.962850E+03,1.527822E-01,8.651936E+03,1.197714E-01,0.000000E+00,0.000000E+00,1.171400E+00,1.547678E+04,4.620968E+00,5.796410E+04,8.014392E+04,3.449948E+00,1.258896E+05,1.171400E+00,0.000000E+00,0.000000E+00,5.093042E-01,6.729036E+03,2.392654E+00,2.943870E+04,3.954452E+04,1.463938E+00,5.397585E+04,5.093042E-01,0.000000E+00,0.000000E+00
13:50:00,1.197714E-01,1.573519E+03,3.857817E-01,4.977138E+03,7.031176E+03,1.512328E-01,8.619241E+03,1.197714E-01,0.000000E+00,0.000000E+00,1.171400E+00,1.538948E+04,4.794911E+00,5.997396E+04,8.243060E+04,3.450064E+00,1.258920E+05,1.171400E+00,0.000000E+00,0.000000E+00,5.093042E-01,6.691079E+03,2.441173E+00,3.001288E+04,4.015330E+04,1.463133E+00,5.395887E+04,5.093042E-01,0.000000E+00,0.000000E+00
14:00:00,1.197714E-01,1.564593E+03,3.926545E-01,5.062030E+03,7.117953E+03,1.497128E-01,8.587167E+03,1.197714E-01,0.000000E+00,0.000000E+00,1.171400E+00,1.530218E+04,5.006782E+00,6.240302E+04,8.518651E+04,3.450119E+00,1.258932E+05,1.171400E+00,0.000000E+00,0.000000E+00,5.093042E-01,6.653122E+03,2.502413E+00,3.072763E+04,4.091144E+04,1.462291E+00,5.394111E+04,5.093042E-01,0.000000E+00,0.000000E+00
14:10:00,1.197714E-01,1.564593E+03,4.049923E-01,5.198395E+03,7.264981E+03,1.454001E-01,8.496162E+03,1.197714E-01,0.000000E+00,0.000000E+00,1.171400E+00,1.530218E+04,5.262945E+00,6.523433E+04,8.839822E+04,3.441567E+00,1.257127E+05,1.171400E+00,0.000000E+00,0.000000E+00,5.093042E-01,6.653122E+03,2.585024E+00,3.164059E+04,4.188795E+04,1.454174E+00,5.376983E+04,5.093042E-01,0.000000E+00,0.000000E+00
14:20:00,1.197714E-01,1.564593E+03,4.187182E-01,5.350099E+03,7.447006E+03,1.410374E-01,8.404102E+03,1.197714E-01,0.000000E+00,0.000000E+00,1.171400E+00,1.530218E+04,5.543367E+00,6.833375E+04,9.191106E+04,3.432345E+00,1.255181E+05,1.171400E+00,0.000000E+00,0.000000E+00,5.093042E-01,6.653122E+03,2.677289E+00,3.266024E+04,4.306589E+04,1.445582E+00,5.358850E+04,5.093042E-01,0.000000E+00,0.000000E+00
14:30:00,1.197714E-01,1.564593E+03,4.335713E-01,5.514259E+03,7.652797E+03,1.366616E-01,8.311766E+03,1.197714E-01,0.000000E+00,0.000000E+00,1.171400E+00,1.530218E+04,5.837433E+00,7.158396E+04,9.557932E+04,3.422907E+00,1.253189E+05,1.171400E+00,0.000000E+00,0.000000E+00,5.093042E-01,6.653122E+03,2.776292E+00,3.375433E+04,4.435259E+04,1.436811E+00,5.340338E+04,5.093042E-01,0.000000E+00,0.000000E+00
14:40:00,1.197714E-01,1.564593E+03,4.492466E-01,5.687502E+03,7.869220E+03,1.322833E-01,8.219375E+03,1.197714E-01,0.000000E+00,0.000000E+00,1.171400E+00,1.530218E+04,6.134226E+00,7.486431E+04,9.925336E+04,3.413297E+00,1.251161E+05,1.171400E+00,0.000000E+00,0.000000E+00,5.093042E-01,6.653122E+03,2.878761E+00,3.488672E+04,4.565533E+04,1.427896E+00,5.321520E+04,5.093042E-01,0.000000E+00,0.000000E+00
14:50:00,1.197714E-01,1.564593E+03,4.653925E-01,5.865940E+03,8.087345E+03,1.279086E-01,8.127062E+03,1.197714E-01,0.000000E+00,0.000000E+00,1.171400E+00,1.530218E+04,6.422609E+00,7.805169E+04,1.027874E+05,3.403560E+00,1.249106E+05,1.171400E+00,0.000000E+00,0.000000E+00,5.093042E-01,6.653122E+03,2.980876E+00,3.601515E+04,4.691285E+04,1.418873E+00,5.302475E+04,5.093042E-01,0.000000E+00,0.000000E+00
15:00:00,1.197714E-01,1.564593E+03,4.814521E-01,6.043421E+03,8.299314E+03,1.235421E-01,8.034921E+03,1.197714E-01,0.000000E+00,0.000000E+00,1.171400E+00,1.530218E+04,6.689928E+00,8.100626E+04,1.060228E+05,3.393730E+00,1.247032E+05,1.171400E+00,0.000000E+00,0.000000E+00,5.093042E-01,6.653122E+03,3.078016E+00,3.708860E+04,4.807823E+04,1.409771E+00,5.283263E+04,5.093042E-01,0.000000E+00,0.000000E+00
15:10:00,1.197714E-01,1.575304E+03,4.930586E-01,6.160970E+03,8.438592E+03,1.220105E-01,8.002602E+03,1.197714E-01,0.000000E+00,0.000000E+00,1.171400E+00,1.540694E+04,6.917302E+00,8.341457E+04,1.086188E+05,3.392395E+00,1.246750E+05,1.171400E+00,0.000000E+00,0.000000E+00,5.093042E-01,6.698671E+03,3.157385E+00,3.792011E+04,4.895990E+04,1.407864E+00,5.279233E+04,5.093042E-01,0.000000E+00,0.000000E+00
15:20:00,1.197714E-01,1.586016E+03,5.038648E-01,6.269675E+03,8.564597E+03,1.205744E-01,7.972297E+03,1.197714E-01,0.000000E+00,0.000000E+00,1.171400E+00,1.551170E+04,7.112302E+00,8.546507E+04,1.107890E+05,3.391645E+00,1.246592E+05,1.171400E+00,0.000000E+00,0.000000E+00,5.093042E-01,6.744219E+03,3.226636E+00,3.863981E+04,4.971595E+04,1.406378E+00,5.276094E+04,5.093042E-01,0.000000E+00,0.000000E+00
15:30:00,1.197714E-01,1.596727E+03,5.136792E-01,6.367418E+03,8.675865E+03,1.197714E-01,7.955352E+03,1.197714E-01,0.000000E+00,0.000000E+00,1.171400E+00,1.561646E+04,7.273011E+00,8.713659E+04,1.125180E+05,3.391050E+00,1.246466E+05,1.171400E+00,0.000000E+00,0.000000E+00,5.093042E-01,6.789767E+03,3.284458E+00,3.923323E+04,5.033708E+04,1.405038E+00,5.273263E+04,5.093042E-01,0.000000E+00,0.000000E+00
15:40:00,1.197714E-01,1.607438E+03,5.223911E-01,6.452981E+03,8.771700E+03,1.197714E-01,7.955352E+03,1.197714E-01,0.000000E+00,0.000000E+00,1.171400E+00,1.572123E+04,7.399037E+00,8.842477E+04,1.138087E+05,3.390582E+00,1.246367E+05,1.171400E+00,0.000000E+00,0.000000E+00,5.093042E-01,6.835316E+03,3.330250E+00,3.969375E+04,5.081824E+04,1.403825E+00,5.270699E+04,5.093042E-01,0.000000E+00,0.000000E+00
15:50:00,1.197714E-01,1.618150E+03,5.300057E-01,6.526418E+03,8.852702E+03,1.197714E-01,7.955352E+03,1.197714E-01,0.000000E+00,0.000000E+00,1.171400E+00,1.582599E+04,7.491756E+00,8.934484E+04,1.146855E+05,3.390207E+00,1.246288E+05,1.171400E+00,0.000000E+00,0.000000E+00,5.093042E-01,6.880864E+03,3.364217E+00,4.002361E+04,5.116231E+04,1.402712E+00,5.268348E+04,5.093042E-01,0.000000E+00,0.000000E+00
16:00:00,1.197714E-01,1.628861E+03,5.365551E-01,6.588086E+03,8.919700E+03,1.197714E-01,7.955352E+03,1.197714E-01,0.000000E+00,0.000000E+00,1.171400E+00,1.593075E+04,7.553172E+00,8.991894E+04,1.151789E+05,3.389902E+00,1.246224E+05,1.171400E+00,0.000000E+00,0.000000E+00,5.093042E-01,6.926412E+03,3.386838E+00,4.022810E+04,5.137490E+04,1.401679E+00,5.266167E+04,5.093042E-01,0.000000E+00,0.000000E+00
16:10:00,1.197714E-01,1.643143E+03,5.420621E-01,6.634665E+03,8.969682E+03,1.197714E-01,7.955352E+03,1.197714E-01,0.000000E+00,0.000000E+00,1.171400E+00,1.607043E+04,7.585905E+00,9.014110E+04,1.152904E+05,3.389649E+00,1.246170E+05,1.171400E+00,0.000000E+00,0.000000E+00,5.093042E-01,6.987143E+03,3.398453E+00,4.029577E+04,5.144421E+04,1.400713E+00,5.264127E+04,5.093042E-01,0.000000E+00,0.000000E+00
16:20:00,1.197714E-01,1.657425E+03,5.466083E-01,6.670628E+03,9.007658E+03,1.197714E-01,7.955352E+03,1.197714E-01,0.000000E+00,0.000000E+00,1.171400E+00,1.621011E+04,7.592551E+00,9.007494E+04,1.150917E+05,3.389437E+00,1.246126E+05,1.171400E+00,0.000000E+00,0.000000E+00,5.093042E-01,7.047874E+03,3.400117E+00,4.025348E+04,5.139982E+04,1.399801E+00,5.262202E+04,5.093042E-01,0.000000E+00,0.000000E+00
16:30:00,1.197714E-01,1.671707E+03,5.502362E-01,6.696442E+03,9.034383E+03,1.197714E-01,7.955352E+03,1.197714E-01,0.000000E+00,0.000000E+00,1.171400E+00,1.634979E+04,7.574848E+00,8.973965E+04,1.146067E+05,3.389257E+00,1.246087E+05,1.171400E+00,0.000000E+00,0.000000E+00,5.093042E-01,7.108605E+03,3.392553E+00,4.010920E+04,5.125004E+04,1.398936E+00,5.260374E+04,5.093042E-01,0.000000E+00,0.000000E+00
16:40:00,1.197714E-01,1.685989E+03,5.529525E-01,6.712182E+03,9.050082E+03,1.197714E-01,7.955352E+03,1.197714E-01,0.000000E+00,0.000000E+00,1.171400E+00,1.648947E+04,7.534531E+00,8.915442E+04,1.138585E+05,3.389100E+00,1.246054E+05,1.171400E+00,0.000000E+00,0.000000E+00,5.093042E-01,7.169337E+03,3.376088E+00,3.986655E+04,5.099762E+04,1.398109E+00,5.258629E+04,5.093042E-01,0.000000E+00,0.000000E+00
16:50:00,1.197714E-01,1.700271E+03,5.547400E-01,6.717659E+03,9.054655E+03,1.197714E-01,7.955352E+03,1.197714E-01,0.000000E+00,0.000000E+00,1.171400E+00,1.662916E+04,7.473108E+00,8.833591E+04,1.128665E+05,3.388962E+00,1.246025E+05,1.171400E+00,0.000000E+00,0.000000E+00,5.093042E-01,7.230068E+03,3.350799E+00,3.952637E+04,5.064278E+04,1.397316E+00,5.256955E+04,5.093042E-01,0.000000E+00,0.000000E+00
17:00:00,1.197714E-01,1.714553E+03,5.555606E-01,6.712450E+03,9.047727E+03,1.197714E-01,7.955352E+03,1.197714E-01,0.000000E+00,0.000000E+00,1.171400E+00,1.676884E+04,7.390456E+00,8.728276E+04,1.116291E+05,3.388840E+00,1.245999E+05,1.171400E+00,0.000000E+00,0.000000E+00,5.093042E-01,7.290799E+03,3.316538E+00,3.908704E+04,5.018352E+04,1.396553E+00,5.255344E+04,5.093042E-01,0.000000E+00,0.000000E+00
17:10:00,1.197714E-01,1.732405E+03,5.527187E-01,6.663191E+03,8.991253E+03,1.197714E-01,7.955352E+03,1.197714E-01,0.000000E+00,0.000000E+00,1.171400E+00,1.694344E+04,7.274099E+00,8.582214E+04,1.099549E+05,3.396557E+00,1.247628E+05,1.171400E+00,0.000000E+00,0.000000E+00,5.093042E-01,7.366712E+03,3.263677E+00,3.842696E+04,4.948282E+04,1.402257E+00,5.267382E+04,5.093042E-01,0.000000E+00,0.000000E+00
17:20:00,1.197714E-01,1.750258E+03,5.486549E-01,6.600431E+03,8.907996E+03,1.197714E-01,7.955352E+03,1.197714E-01,0.000000E+00,0.000000E+00,1.171400E+00,1.711804E+04,7.133034E+00,8.408843E+04,1.079788E+05,3.405360E+00,1.249486E+05,1.171400E+00,0.000000E+00,0.000000E+00,5.093042E-01,7.442626E+03,3.200284E+00,3.765049E+04,4.860838E+04,1.408802E+00,5.281195E+04,5.093042E-01,0.000000E+00,0.000000E+00
17:30:00,1.197714E-01,1.768110E+03,5.433734E-01,6.524214E+03,8.805456E+03,1.197714E-01,7.955352E+03,1.197714E-01,0.000000E+00,0.000000E+00,1.171400E+00,1.729264E+04,6.966827E+00,8.207683E+04,1.057026E+05,3.414479E+00,1.251410E+05,1.171400E+00,0.000000E+00,0.000000E+00,5.093042E-01,7.518540E+03,3.126578E+00,3.676007E+04,4.760392E+04,1.415659E+00,5.295668E+04,5.093042E-01,0.000000E+00,0.000000E+00
17:40:00,1.197714E-01,1.785962E+03,5.368268E-01,6.434018E+03,8.689632E+03,1.197714E-01,7.955352E+03,1.197714E-01,0.000000E+00,0.000000E+00,1.171400E+00,1.746724E+04,6.773991E+00,7.977089E+04,1.031138E+05,3.423869E+00,1.253391E+05,1.171400E+00,0.000000E+00,0.000000E+00,5.093042E-01,7.594454E+03,3.042282E+00,3.575260E+04,4.649213E+04,1.422777E+00,5.310692E+04,5.093042E-01,0.000000E+00,0.000000E+00
17:50:00,1.197714E-01,1.803815E+03,5.289684E-01,6.329324E+03,8.562186E+03,1.197714E-01,7.955352E+03,1.197714E-01,0.000000E+00,0.000000E+00,1.171400E+00,1.764185E+04,6.552706E+00,7.715050E+04,1.001910E+05,3.433461E+00,1.255416E+05,1.171400E+00,0.000000E+00,0.000000E+00,5.093042E-01,7.670368E+03,2.947151E+00,3.462541E+04,4.527188E+04,1.430099E+00,5.326146E+04,5.093042E-01,0.000000E+00,0.000000E+00
18:00:00,1.197714E-01,1.821667E+03,5.197661E-01,6.209779E+03,8.422414E+03,1.197714E-01,7.955352E+03,1.197714E-01,0.000000E+00,0.000000E+00,1.171400E+00,1.781645E+04,6.303052E+00,7.421655E+04,9.693350E+04,3.443205E+00,1.257472E+05,1.171400E+00,0.000000E+00,0.000000E+00,5.093042E-01,7.746282E+03,2.841161E+00,3.337821E+04,4.393462E+04,1.437580E+00,5.341937E+04,5.093042E-01,0.000000E+00,0.000000E+00
18:10:00,1.197714E-01,1.848446E+03,5.024732E-01,5.991890E+03,8.174799E+03,1.197714E-01,7.955352E+03,1.197714E-01,0.000000E+00,0.000000E+00,1.171400E+00,1.807835E+04,5.997656E+00,7.057917E+04,9.290695E+04,3.469474E+00,1.263016E+05,1.171400E+00,0.000000E+00,0.000000E+00,5.093042E-01,7.860152E+03,2.705859E+00,3.176909E+04,4.219766E+04,1.456569E+00,5.382015E+04,5.093042E-01,0.000000E+00,0.000000E+00
18:20:00,1.197714E-01,1.875224E+03,4.830536E-01,5.750498E+03,7.884289E+03,1.252388E-01,8.070723E+03,1.197714E-01,0.000000E+00,0.000000E+00,1.171400E+00,1.834025E+04,5.651162E+00,6.648754E+04,8.836218E+04,3.498281E+00,1.269095E+05,1.171400E+00,0.000000E+00,0.000000E+00,5.093042E-01,7.974023E+03,2.553791E+00,2.997470E+04,4.018631E+04,1.477351E+00,5.425878E+04,5.093042E-01,0.000000E+00,0.000000E+00
18:30:00,1.197714E-01,1.902003E+03,4.618653E-01,5.489560E+03,7.567758E+03,1.310152E-01,8.192613E+03,1.197714E-01,0.000000E+00,0.000000E+00,1.171400E+00,1.860216E+04,5.272534E+00,6.204073E+04,8.342002E+04,3.527670E+00,1.275297E+05,1.171400E+00,0.000000E+00,0.000000E+00,5.093042E-01,8.087894E+03,2.388501E+00,2.803418E+04,3.800549E+04,1.498730E+00,5.471004E+04,5.093042E-01,0.000000E+00,0.000000E+00
18:40:00,1.197714E-01,1.928782E+03,4.389982E-01,5.210065E+03,7.235827E+03,1.369405E-01,8.317647E+03,1.197714E-01,0.000000E+00,0.000000E+00,1.171400E+00,1.886406E+04,4.863303E+00,5.725565E+04,7.810158E+04,3.557616E+00,1.281616E+05,1.171400E+00,0.000000E+00,0.000000E+00,5.093042E-01,8.201765E+03,2.211047E+00,2.595922E+04,3.569587E+04,1.520632E+00,5.517233E+04,5.093042E-01,0.000000E+00,0.000000E+00
18:50:00,1.197714E-01,1.955560E+03,4.145063E-01,4.912609E+03,6.891508E+03,1.429924E-01,8.445350E+03,1.197714E-01,0.000000E+00,0.000000E+00,1.171400E+00,1.912596E+04,4.422339E+00,5.211981E+04,7.238708E+04,3.587991E+00,1.288027E+05,1.171400E+00,0.000000E+00,0.000000E+00,5.093042E-01,8.315635E+03,2.021950E+00,2.375556E+04,3.325713E+04,1.542951E+00,5.564344E+04,5.093042E-01,0.000000E+00,0.000000E+00
19:00:00,1.197714E-01,1.982339E+03,3.884443E-01,4.597797E+03,6.534200E+03,1.491538E-01,8.575366E+03,1.197714E-01,0.000000E+00,0.000000E+00,1.171400E+00,1.938786E+04,3.947499E+00,4.660950E+04,6.624030E+04,3.618645E+00,1.294496E+05,1.171400E+00,0.000000E+00,0.000000E+00,5.093042E-01,8.429506E+03,1.821746E+00,2.142912E+04,3.067798E+04,1.565570E+00,5.612088E+04,5.093042E-01,0.000000E+00,0.000000E+00
19:10:00,1.197714E-01,2.001977E+03,3.644565E-01,4.313050E+03,6.214454E+03,1.529726E-01,8.655949E+03,1.197714E-01,0.000000E+00,0.000000E+00,1.171400E+00,1.957993E+04,3.435704E+00,4.076056E+04,5.968206E+04,3.639258E+00,1.298846E+05,1.171400E+00,0.000000E+00,0.000000E+00,5.093042E-01,8.513011E+03,1.619797E+00,1.911375E+04,2.809423E+04,1.581020E+00,5.644701E+04,5.093042E-01,0.000000E+00,0.000000E+00
19:20:00,1.197714E-01,2.021614E+03,3.396039E-01,4.018739E+03,5.881008E+03,1.567740E-01,8.736165E+03,1.197714E-01,0.000000E+00,0.000000E+00,1.171400E+00,1.977199E+04,2.898199E+00,3.462741E+04,5.276923E+04,3.658691E+00,1.302947E+05,1.171400E+00,0.000000E+00,0.000000E+00,5.093042E-01,8.596517E+03,1.413898E+00,1.675469E+04,2.542427E+04,1.595778E+00,5.675854E+04,5.093042E-01,0.000000E+00,0.000000E+00
19:30:00,1.197714E-01,2.041252E+03,3.142546E-01,3.718934E+03,5.541782E+03,1.605880E-01,8.816647E+03,1.197714E-01,0.000000E+00,0.000000E+00,1.171400E+00,1.996405E+04,2.346911E+00,2.834188E+04,4.563984E+04,3.677960E+00,1.307013E+05,1.171400E+00,0.000000E+00,0.000000E+00,5.093042E-01,8.680022E+03,1.207232E+00,1.438712E+04,2.270761E+04,1.610374E+00,5.706667E+04,5.093042E-01,0.000000E+00,0.000000E+00
19:40:00,1.197714E-01,2.060889E+03,2.891971E-01,3.422350E+03,5.208619E+03,1.644247E-01,8.897609E+03,1.197714E-01,0.000000E+00,0.000000E+00,1.171400E+00,2.015611E+04,1.811186E+00,2.222835E+04,3.865299E+04,3.697058E+00,1.311044E+05,1.171400E+00,0.000000E+00,0.000000E+00,5.093042E-01,8.763527E+03,1.007023E+00,1.209086E+04,2.002770E+04,1.624863E+00,5.737250E+04,5.093042E-01,0.000000E+00,0.000000E+00
19:50:00,1.197714E-01,2.080527E+03,2.654051E-01,3.139750E+03,4.893393E+03,1.682875E-01,8.979123E+03,1.197714E-01,0.000000E+00,0.000000E+00,1.171400E+00,2.034817E+04,1.328163E+00,1.669731E+04,3.227608E+04,3.716031E+00,1.315048E+05,1.171400E+00,0.000000E+00,0.000000E+00,5.093042E-01,8.847032E+03,8.235409E-01,9.979457E+03,1.751003E+04,1.639275E+00,5.767673E+04,5.093042E-01,0.000000E+00,0.000000E+00
20:00:00,1.197714E-01,2.100165E+03,2.433683E-01,2.876547E+03,4.601149E+03,1.721777E-01,9.061215E+03,1.197714E-01,0.000000E+00,0.000000E+00,1.171400E+00,2.054024E+04,1.171400E+00,1.477249E+04,3.005847E+04,3.734911E+00,1.319032E+05,1.171400E+00,0.000000E+00,0.000000E+00,5.093042E-01,8.930537E+03,6.616851E-01,8.107040E+03,1.521740E+04,1.653631E+00,5.797977E+04,5.093042E-01,0.000000E+00,0.000000E+00
20:10:00,1.197714E-01,2.116232E+03,2.292728E-01,2.704688E+03,4.411259E+03,1.726356E-01,9.070881E+03,1.197714E-01,0.000000E+00,0.000000E+00,1.171400E+00,2.069738E+04,1.171400E+00,1.461535E+04,2.989740E+04,3.739749E+00,1.320053E+05,1.171400E+00,0.000000E+00,0.000000E+00,5.093042E-01,8.998860E+03,5.444488E-01,6.742945E+03,1.350297E+04,1.657547E+00,5.806245E+04,5.093042E-01,0.000000E+00,0.000000E+00
20:20:00,1.197714E-01,2.132299E+03,2.179031E-01,2.562954E+03,4.255250E+03,1.728857E-01,9.076162E+03,1.197714E-01,0.000000E+00,0.000000E+00,1.171400E+00,2.085452E+04,1.171400E+00,1.445821E+04,2.973632E+04,3.742376E+00,1.320608E+05,1.171400E+00,0.000000E+00,0.000000E+00,5.093042E-01,9.067182E+03,5.093042E-01,6.286177E+03,1.292884E+04,1.659835E+00,5.811078E+04,5.093042E-01,0.000000E+00,0.000000E+00
20:30:00,1.197714E-01,2.148366E+03,2.087728E-01,2.445971E+03,4.126972E+03,1.730337E-01,9.079286E+03,1.197714E-01,0.000000E+00,0.000000E+00,1.171400E+00,2.101166E+04,1.171400E+00,1.430107E+04,2.957525E+04,3.744454E+00,1.321046E+05,1.171400E+00,0.000000E+00,0.000000E+00,5.093042E-01,9.135505E+03,5.093042E-01,6.217855E+03,1.285880E+04,1.661643E+00,5.814896E+04,5.093042E-01,0.000000E+00,0.000000E+00
20:40:00,1.197714E-01,2.164433E+03,2.012957E-01,2.347259E+03,4.019121E+03,1.731098E-01,9.080895E+03,1.197714E-01,0.000000E+00,0.000000E+00,1.171400E+00,2.116880E+04,1.171400E+00,1.414392E+04,2.941418E+04,3.746021E+00,1.321377E+05,1.171400E+00,0.000000E+00,0.000000E+00,5.093042E-01,9.203827E+03,5.093042E-01,6.149532E+03,1.278877E+04,1.663006E+00,5.817773E+04,5.093042E-01,0.000000E+00,0.000000E+00
20:50:00,1.197714E-01,2.180501E+03,1.947296E-01,2.258618E+03,3.922480E+03,1.731329E-01,9.081387E+03,1.197714E-01,0.000000E+00,0.000000E+00,1.171400E+00,2.132594E+04,1.171400E+00,1.398678E+04,2.925310E+04,3.747195E+00,1.321625E+05,1.171400E+00,0.000000E+00,0.000000E+00,5.093042E-01,9.272150E+03,5.093042E-01,6.081210E+03,1.271874E+04,1.664023E+00,5.819920E+04,5.093042E-01,0.000000E+00,0.000000E+00
21:00:00,1.197714E-01,2.196568E+03,1.888013E-01,2.177025E+03,3.833641E+03,1.731181E-01,9.081075E+03,1.197714E-01,0.000000E+00,0.000000E+00,1.171400E+00,2.148309E+04,1.171400E+00,1.382964E+04,2.909203E+04,3.748122E+00,1.321820E+05,1.171400E+00,0.000000E+00,0.000000E+00,5.093042E-01,9.340472E+03,5.093042E-01,6.012887E+03,1.264871E+04,1.664811E+00,5.821585E+04,5.093042E-01,0.000000E+00,0.000000E+00
21:10:00,1.197714E-01,2.212635E+03,1.548628E-01,1.786408E+03,3.396556E+03,1.442583E-01,8.472077E+03,1.197714E-01,0.000000E+00,0.000000E+00,1.171400E+00,2.164023E+04,1.171400E+00,1.367250E+04,2.893095E+04,3.123827E+00,1.190076E+05,1.171400E+00,0.000000E+00,0.000000E+00,5.093042E-01,9.408795E+03,5.093042E-01,5.944565E+03,1.257867E+04,1.387675E+00,5.236683E+04,5.093042E-01,0.000000E+00,0.000000E+00
21:20:00,1.197714E-01,2.228702E+03,1.220368E-01,1.407176E+03,2.970324E+03,1.197714E-01,7.955352E+03,1.197714E-01,0.000000E+00,0.000000E+00,1.171400E+00,2.179737E+04,1.171400E+00,1.351536E+04,2.876988E+04,2.499322E+00,1.058287E+05,1.171400E+00,0.000000E+00,0.000000E+00,5.093042E-01,9.477117E+03,5.093042E-01,5.876242E+03,1.250864E+04,1.110358E+00,4.651397E+04,5.093042E-01,0.000000E+00,0.000000E+00
21:30:00,1.197714E-01,2.244769E+03,1.197714E-01,1.365829E+03,2.925146E+03,1.197714E-01,7.955352E+03,1.197714E-01,0.000000E+00,0.000000E+00,1.171400E+00,2.195451E+04,1.171400E+00,1.335822E+04,2.860880E+04,1.874654E+00,9.264643E+04,1.171400E+00,0.000000E+00,0.000000E+00,5.093042E-01,9.545439E+03,5.093042E-01,5.807920E+03,1.243861E+04,8.879783E-01,4.205931E+04,5.093042E-01,0.000000E+00,0.000000E+00
21:40:00,1.197714E-01,2.260836E+03,1.197714E-01,1.349762E+03,2.908677E+03,1.197714E-01,7.955352E+03,1.197714E-01,0.000000E+00,0.000000E+00,1.171400E+00,2.211165E+04,1.171400E+00,1.320107E+04,2.844773E+04,1.249860E+00,7.946145E+04,1.171400E+00,0.000000E+00,0.000000E+00,5.093042E-01,9.613762E+03,5.093042E-01,5.739598E+03,1.236858E+04,7.081040E-01,3.827717E+04,5.093042E-01,0.000000E+00,0.000000E+00
21:50:00,1.197714E-01,2.276904E+03,1.197714E-01,1.333695E+03,2.892208E+03,1.197714E-01,7.955352E+03,1.197714E-01,0.000000E+00,0.000000E+00,1.171400E+00,2.226879E+04,1.171400E+00,1.304393E+04,2.828665E+04,1.171400E+00,7.780571E+04,1.171400E+00,0.000000E+00,0.000000E+00,5.093042E-01,9.682084E+03,5.093042E-01,5.671275E+03,1.229854E+04,5.444778E-01,3.463921E+04,5.093042E-01,0.000000E+00,0.000000E+00
22:00:00,1.197714E-01,2.292971E+03,1.197714E-01,1.317628E+03,2.875738E+03,1.197714E-01,7.955352E+03,1.197714E-01,0.000000E+00,0.000000E+00,1.171400E+00,2.242594E+04,1.171400E+00,1.288679E+04,2.812558E+04,1.171400E+00,7.780571E+04,1.171400E+00,0.000000E+00,0.000000E+00,5.093042E-01,9.750407E+03,5.093042E-01,5.602953E+03,1.222851E+04,5.093042E-01,3.382857E+04,5.093042E-01,0.000000E+00,0.000000E+00
22:10:00,1.197714E-01,2.305467E+03,1.197714E-01,1.305131E+03,2.862928E+03,1.197714E-01,7.955352E+03,1.197714E-01,0.000000E+00,0.000000E+00,1.171400E+00,2.254816E+04,1.171400E+00,1.276457E+04,2.800029E+04,1.171400E+00,7.780571E+04,1.171400E+00,0.000000E+00,0.000000E+00,5.093042E-01,9.803547E+03,5.093042E-01,5.549813E+03,1.217404E+04,5.449049E-01,3.469673E+04,5.093042E-01,0.000000E+00,0.000000E+00
22:20:00,1.197714E-01,2.317964E+03,1.197714E-01,1.292634E+03,2.850119E+03,1.197714E-01,7.955352E+03,1.197714E-01,0.000000E+00,0.000000E+00,1.171400E+00,2.267038E+04,1.171400E+00,1.264235E+04,2.787501E+04,1.171400E+00,7.780571E+04,1.171400E+00,0.000000E+00,0.000000E+00,5.093042E-01,9.856686E+03,5.093042E-01,5.496673E+03,1.211957E+04,6.931474E-01,3.843489E+04,5.093042E-01,0.000000E+00,0.000000E+00
22:30:00,1.197714E-01,2.330461E+03,1.197714E-01,1.280138E+03,2.837309E+03,1.197714E-01,7.955352E+03,1.197714E-01,0.000000E+00,0.000000E+00,1.171400E+00,2.279260E+04,1.171400E+00,1.252013E+04,2.774973E+04,1.171400E+00,7.780571E+04,1.171400E+00,0.000000E+00,0.000000E+00,5.093042E-01,9.909826E+03,5.093042E-01,5.443534E+03,1.206510E+04,7.913501E-01,4.090649E+04,5.093042E-01,0.000000E+00,0.000000E+00
22:40:00,1.197714E-01,2.342957E+03,1.197714E-01,1.267641E+03,2.824499E+03,1.197714E-01,7.955352E+03,1.197714E-01,0.000000E+00,0.000000E+00,1.171400E+00,2.291482E+04,1.171400E+00,1.239791E+04,2.762444E+04,1.171400E+00,7.780571E+04,1.171400E+00,0.000000E+00,0.000000E+00,5.093042E-01,9.962966E+03,5.093042E-01,5.390394E+03,1.201063E+04,8.512891E-01,4.242026E+04,5.093042E-01,0.000000E+00,0.000000E+00
22:50:00,1.197714E-01,2.355454E+03,1.197714E-01,1.255144E+03,2.811691E+03,1.197714E-01,7.955352E+03,1.197714E-01,0.000000E+00,0.000000E+00,1.171400E+00,2.303704E+04,1.171400E+00,1.227568E+04,2.749918E+04,1.171400E+00,7.780571E+04,1.171400E+00,0.000000E+00,0.000000E+00,5.093042E-01,1.001611E+04,5.093042E-01,5.337254E+03,1.195616E+04,8.987724E-01,4.361324E+04,5.093042E-01,0.000000E+00,0.000000E+00
23:00:00,1.197714E-01,2.367951E+03,1.197714E-01,1.242648E+03,2.798881E+03,1.197714E-01,7.955352E+03,1.197714E-01,0.000000E+00,0.000000E+00,1.171400E+00,2.315926E+04,1.171400E+00,1.215346E+04,2.737389E+04,1.171400E+00,7.780571E+04,1.171400E+00,0.000000E+00,0.000000E+00,5.093042E-01,1.006924E+04,5.093042E-01,5.284115E+03,1.190169E+04,9.279863E-01,4.434725E+04,5.093042E-01,0.000000E+00,0.000000E+00
23:10:00,1.197714E-01,2.380447E+03,1.197714E-01,1.230151E+03,2.786071E+03,1.197714E-01,7.955352E+03,1.197714E-01,0.000000E+00,0.000000E+00,1.171400E+00,2.328148E+04,1.171400E+00,1.203124E+04,2.724860E+04,1.290363E+00,8.055152E+04,1.171400E+00,0.000000E+00,0.000000E+00,5.093042E-01,1.012238E+04,5.093042E-01,5.230975E+03,1.184722E+04,9.562698E-01,4.505797E+04,5.093042E-01,0.000000E+00,0.000000E+00
23:20:00,1.197714E-01,2.392944E+03,1.197714E-01,1.217654E+03,2.773261E+03,1.197714E-01,7.955352E+03,1.197714E-01,0.000000E+00,0.000000E+00,1.171400E+00,2.340371E+04,1.171400E+00,1.190902E+04,2.712332E+04,1.696732E+00,9.028291E+04,1.171400E+00,0.000000E+00,0.000000E+00,5.093042E-01,1.017552E+04,5.093042E-01,5.177835E+03,1.179275E+04,9.817246E-01,4.569764E+04,5.093042E-01,0.000000E+00,0.000000E+00
23:30:00,1.197714E-01,2.405441E+03,1.197714E-01,1.205158E+03,2.760451E+03,1.197714E-01,7.955352E+03,1.197714E-01,0.000000E+00,0.000000E+00,1.171400E+00,2.352593E+04,1.171400E+00,1.178680E+04,2.699804E+04,2.109867E+00,1.007240E+05,1.171400E+00,0.000000E+00,0.000000E+00,5.093042E-01,1.022866E+04,5.093042E-01,5.124696E+03,1.173828E+04,1.004415E+00,4.626790E+04,5.093042E-01,0.000000E+00,0.000000E+00
23:40:00,1.197714E-01,2.417937E+03,1.197714E-01,1.192661E+03,2.747642E+03,1.197714E-01,7.955352E+03,1.197714E-01,0.000000E+00,0.000000E+00,1.171400E+00,2.364815E+04,1.171400E+00,1.166458E+04,2.687275E+04,2.526949E+00,1.118176E+05,1.171400E+00,0.000000E+00,0.000000E+00,5.093042E-01,1.028180E+04,5.093042E-01,5.071556E+03,1.168381E+04,1.024640E+00,4.677621E+04,5.093042E-01,0.000000E+00,0.000000E+00
23:50:00,1.197714E-01,2.430434E+03,1.197714E-01,1.180164E+03,2.734833E+03,1.197714E-01,7.955352E+03,1.197714E-01,0.000000E+00,0.000000E+00,1.171400E+00,2.377037E+04,1.171400E+00,1.154236E+04,2.674748E+04,2.584257E+00,1.133000E+05,1.171400E+00,0.000000E+00,0.000000E+00,5.093042E-01,1.033494E+04,5.093042E-01,5.018416E+03,1.162934E+04,1.042582E+00,4.722716E+04,5.093042E-01,0.000000E+00,0.000000E+00
24:00:00,1.197714E-01,2.442931E+03,1.197714E-01,1.167668E+03,2.722024E+03,1.197714E-01,7.955352E+03,1.197714E-01,0.000000E+00,0.000000E+00,1.171400E+00,2.389259E+04,1.171400E+00,1.142014E+04,2.662220E+04,2.404988E+00,1.087964E+05,1.171400E+00,0.000000E+00,0.000000E+00,5.093042E-01,1.038808E+04,5.093042E-01,4.965276E+03,1.157487E+04,1.058629E+00,4.763052E+04,5.093042E-01,0.000000E+00,0.000000E+00
Coinc Peak   ,3.971098E-01,5.555606E-01,1.385467E+04,6.712450E+03,6.864443E+00,7.592551E+00,1.996591E+05,9.007494E+04,2.300039E+00,3.400117E+00,7.177254E+04,4.025348E+04
NonCoinc Peak,3.971098E-01,5.555606E-01,1.385467E+04,6.712450E+03,6.864443E+00,7.592551E+00,1.996591E+05,9.007494E+04,2.300039E+00,3.400117E+00,7.177254E+04,4.025348E+04
