<measure>
  <schema_version>3.0</schema_version>
  <name>reduce_night_time_electric_equipment_loads</name>
  <uid>7bde0d05-3714-43e2-91b4-aa1e12e714bf</uid>
  <version_id>bfac6c82-b61f-4bc8-81e9-7ee91d13bc6b</version_id>
  <version_modified>20180515T201857Z</version_modified>
  <xml_checksum>F4EB279D</xml_checksum>
  <class_name>ReduceNightTimeElectricEquipmentLoads</class_name>
  <display_name>Reduce Night Time Electric Equipment Loads</display_name>
  <description>Many buildings have electric equipment that runs unnecessarily at night.  Turning this equipment off at night can provide energy savings without impacting the day-to-day operation of the building occupants.  Before implementing this change, make sure that equipment can be brought back online quickly enough in the morning to avoid issues with occupants overriding the controls due to productivity losses.</description>
  <modeler_description>This measure sets fractional electric equipment schedule values for all instances of the selected electric equipment definition for a specific time of day and for specific days of the week.  The new schedules values are based on the user arguments. Summer and winter design day profiles will not be altered.  This measure clones the existing schedules, modifies them, then assigns these modified schedules to the electric equipment instances. Costs can be added per each equipment object.  Quantity for costing is calculated by looking at number of instances and their quantity. Currently cost is added to the building, but in a future version cost will be associated with the instances.</modeler_description>
  <arguments>
    <argument>
      <name>elec_load_def</name>
      <display_name>Pick an Electric Equipment Definition(schedules using this will be altered)</display_name>
      <type>Choice</type>
      <required>true</required>
      <model_dependent>false</model_dependent>
    </argument>
    <argument>
      <name>fraction_value</name>
      <display_name>Fractional Value for Night Time Load.</display_name>
      <type>Double</type>
      <required>true</required>
      <model_dependent>false</model_dependent>
      <default_value>0.1</default_value>
    </argument>
    <argument>
      <name>apply_weekday</name>
      <display_name>Apply Schedule Changes to Weekday and Default Profiles?</display_name>
      <type>Boolean</type>
      <required>true</required>
      <model_dependent>false</model_dependent>
      <default_value>true</default_value>
      <choices>
        <choice>
          <value>true</value>
          <display_name>true</display_name>
        </choice>
        <choice>
          <value>false</value>
          <display_name>false</display_name>
        </choice>
      </choices>
    </argument>
    <argument>
      <name>start_weekday</name>
      <display_name>Weekday/Default Time to Start Night Time Fraction(24hr, use decimal for sub hour).</display_name>
      <type>Double</type>
      <required>true</required>
      <model_dependent>false</model_dependent>
      <default_value>18</default_value>
    </argument>
    <argument>
      <name>end_weekday</name>
      <display_name>Weekday/Default Time to End Night Time Fraction(24hr, use decimal for sub hour).</display_name>
      <type>Double</type>
      <required>true</required>
      <model_dependent>false</model_dependent>
      <default_value>9</default_value>
    </argument>
    <argument>
      <name>apply_saturday</name>
      <display_name>Apply Schedule Changes to Saturdays?</display_name>
      <type>Boolean</type>
      <required>true</required>
      <model_dependent>false</model_dependent>
      <default_value>true</default_value>
      <choices>
        <choice>
          <value>true</value>
          <display_name>true</display_name>
        </choice>
        <choice>
          <value>false</value>
          <display_name>false</display_name>
        </choice>
      </choices>
    </argument>
    <argument>
      <name>start_saturday</name>
      <display_name>Saturday Time to Start Night Time Fraction(24hr, use decimal for sub hour).</display_name>
      <type>Double</type>
      <required>true</required>
      <model_dependent>false</model_dependent>
      <default_value>18</default_value>
    </argument>
    <argument>
      <name>end_saturday</name>
      <display_name>Saturday Time to End Night Time Fraction(24hr, use decimal for sub hour).</display_name>
      <type>Double</type>
      <required>true</required>
      <model_dependent>false</model_dependent>
      <default_value>9</default_value>
    </argument>
    <argument>
      <name>apply_sunday</name>
      <display_name>Apply Schedule Changes to Sundays?</display_name>
      <type>Boolean</type>
      <required>true</required>
      <model_dependent>false</model_dependent>
      <default_value>true</default_value>
      <choices>
        <choice>
          <value>true</value>
          <display_name>true</display_name>
        </choice>
        <choice>
          <value>false</value>
          <display_name>false</display_name>
        </choice>
      </choices>
    </argument>
    <argument>
      <name>start_sunday</name>
      <display_name>Sunday Time to Start Night Time Fraction(24hr, use decimal for sub hour).</display_name>
      <type>Double</type>
      <required>true</required>
      <model_dependent>false</model_dependent>
      <default_value>18</default_value>
    </argument>
    <argument>
      <name>end_sunday</name>
      <display_name>Sunday Time to End Night Time Fraction(24hr, use decimal for sub hour).</display_name>
      <type>Double</type>
      <required>true</required>
      <model_dependent>false</model_dependent>
      <default_value>9</default_value>
    </argument>
    <argument>
      <name>material_cost</name>
      <display_name>Material and Installation Costs per Electric Equipment Quantity ($).</display_name>
      <type>Double</type>
      <required>true</required>
      <model_dependent>false</model_dependent>
      <default_value>0</default_value>
    </argument>
    <argument>
      <name>years_until_costs_start</name>
      <display_name>Years Until Costs Start (whole years).</display_name>
      <type>Integer</type>
      <required>true</required>
      <model_dependent>false</model_dependent>
      <default_value>0</default_value>
    </argument>
    <argument>
      <name>expected_life</name>
      <display_name>Expected Life (whole years).</display_name>
      <type>Integer</type>
      <required>true</required>
      <model_dependent>false</model_dependent>
      <default_value>20</default_value>
    </argument>
    <argument>
      <name>om_cost</name>
      <display_name>O &amp; M Costs Costs per Electric Equipment Quantity ($).</display_name>
      <type>Double</type>
      <required>true</required>
      <model_dependent>false</model_dependent>
      <default_value>0</default_value>
    </argument>
    <argument>
      <name>om_frequency</name>
      <display_name>O &amp; M Frequency (whole years).</display_name>
      <type>Integer</type>
      <required>true</required>
      <model_dependent>false</model_dependent>
      <default_value>1</default_value>
    </argument>
  </arguments>
  <outputs/>
  <provenances/>
  <tags>
    <tag>Equipment.Equipment Controls</tag>
  </tags>
  <attributes>
    <attribute>
      <name>Measure Type</name>
      <value>ModelMeasure</value>
      <datatype>string</datatype>
    </attribute>
    <attribute>
      <name>Measure Function</name>
      <value>Measure</value>
      <datatype>string</datatype>
    </attribute>
    <attribute>
      <name>Requires EnergyPlus Results</name>
      <value>false</value>
      <datatype>boolean</datatype>
    </attribute>
    <attribute>
      <name>Uses SketchUp API</name>
      <value>false</value>
      <datatype>boolean</datatype>
    </attribute>
  </attributes>
  <files>
    <file>
      <filename>EnvelopeAndLoadTestModel_01.osm</filename>
      <filetype>osm</filetype>
      <usage_type>test</usage_type>
      <checksum>E87EB63D</checksum>
    </file>
    <file>
      <version>
        <software_program>OpenStudio</software_program>
        <identifier>1.0.0</identifier>
        <min_compatible>1.0.0</min_compatible>
      </version>
      <filename>measure.rb</filename>
      <filetype>rb</filetype>
      <usage_type>script</usage_type>
      <checksum>2D4597A4</checksum>
    </file>
    <file>
      <filename>ReduceNightTimeElectricEquipmentLoads_Test.rb</filename>
      <filetype>rb</filetype>
      <usage_type>test</usage_type>
      <checksum>B72A9C67</checksum>
    </file>
  </files>
</measure>
