<measure xmlns:xsi="http://www.w3.org/2001/XMLSchema-instance" xsi:noNamespaceSchemaLocation="http://bcl.nrel.gov/xsd/measures/version/1.0.xsd">
 <schema_version>3.0</schema_version>
 <name>reduce_electric_equipment_loads_by_percentage</name>
 <uid>0902e302-70db-4339-99b0-17f08bc93629</uid>
 <version_id>250dee10-48ca-4552-9916-0a15d9c2075b</version_id>
 <version_modified>20180626T202329Z</version_modified>
 <xml_checksum>F9A5B8F0</xml_checksum>
 <class_name>ReduceElectricEquipmentLoadsByPercentage</class_name>
 <display_name>Reduce Electric Equipment Loads by Percentage</display_name>
 <description>Reduce electric equipment loads. This will affect equipment that have a, power, power per area (LPD), or power per person value. This can be applied to the entire building or a specific space type. A positive percentage represents an increase electric equipment power, while a negative percentage can be used for an increase in electric equipment power.</description>
 <modeler_description>Loop through all electric equipment objects in the specified space type or the entire building. Clone the definition if it has not already been cloned, rename and adjust the power based on the specified percentage. Link the new definition to the existing electric equipment instance. Loop through objects first in space types and then in spaces, but only for spaces that are in the specified space type, unless entire building has been chosen.</modeler_description>
 <arguments>
  <argument>
   <name>space_type</name>
   <display_name>Apply the Measure to a Specific Space Type or to the Entire Model.</display_name>
   <type>Choice</type>
   <required>true</required>
   <model_dependent>false</model_dependent>
   <default_value>*Entire Building*</default_value>
   <choices>
    <choice>
     <value>{d084042b-3303-4065-a6b6-ccf18322b3e0}</value>
     <display_name>*Entire Building*</display_name>
    </choice>
   </choices>
  </argument>
  <argument>
   <name>elecequip_power_reduction_percent</name>
   <display_name>Electric Equipment Power Reduction (%).</display_name>
   <type>Double</type>
   <required>true</required>
   <model_dependent>false</model_dependent>
   <default_value>30</default_value>
  </argument>
  <argument>
   <name>material_and_installation_cost</name>
   <display_name>Increase in Material and Installation Cost for Electric Equipment per Floor Area (%).</display_name>
   <type>Double</type>
   <required>true</required>
   <model_dependent>false</model_dependent>
   <default_value>0</default_value>
  </argument>
  <argument>
   <name>demolition_cost</name>
   <display_name>Increase in Demolition Costs for Electric Equipment per Floor Area (%).</display_name>
   <type>Double</type>
   <required>true</required>
   <model_dependent>false</model_dependent>
   <default_value>0</default_value>
  </argument>
  <argument>
   <name>years_until_costs_start</name>
   <display_name>Years Until Costs Start (whole years).</display_name>
   <type>Integer</type>
   <required>true</required>
   <model_dependent>false</model_dependent>
   <default_value>0</default_value>
  </argument>
  <argument>
   <name>demo_cost_initial_const</name>
   <display_name>Demolition Costs Occur During Initial Construction?</display_name>
   <type>Boolean</type>
   <required>true</required>
   <model_dependent>false</model_dependent>
   <default_value>false</default_value>
   <choices>
    <choice>
     <value>true</value>
     <display_name>true</display_name>
    </choice>
    <choice>
     <value>false</value>
     <display_name>false</display_name>
    </choice>
   </choices>
  </argument>
  <argument>
   <name>expected_life</name>
   <display_name>Expected Life (whole years).</display_name>
   <type>Integer</type>
   <required>true</required>
   <model_dependent>false</model_dependent>
   <default_value>15</default_value>
  </argument>
  <argument>
   <name>om_cost</name>
   <display_name>Increase O &amp; M Costs for Electric Equipment per Floor Area (%).</display_name>
   <type>Double</type>
   <required>true</required>
   <model_dependent>false</model_dependent>
   <default_value>0</default_value>
  </argument>
  <argument>
   <name>om_frequency</name>
   <display_name>O &amp; M Frequency (whole years).</display_name>
   <type>Integer</type>
   <required>true</required>
   <model_dependent>false</model_dependent>
   <default_value>1</default_value>
  </argument>
 </arguments>
 <tags>
  <tag>Equipment.Electric Equipment</tag>
 </tags>
 <attributes>
  <attribute>
   <name>Measure Type</name>
   <value>ModelMeasure</value>
   <datatype>string</datatype>
  </attribute>
  <attribute>
   <name>Measure Function</name>
   <value>Measure</value>
   <datatype>string</datatype>
  </attribute>
  <attribute>
   <name>Requires EnergyPlus Results</name>
   <value>false</value>
   <datatype>boolean</datatype>
  </attribute>
  <attribute>
   <name>Uses SketchUp API</name>
   <value>false</value>
   <datatype>boolean</datatype>
  </attribute>
 </attributes>
 <files>
  <file>
   <filename>EnvelopeAndLoadTestModel_01.osm</filename>
   <filetype>osm</filetype>
   <usage_type>test</usage_type>
   <checksum>138E2AAC</checksum>
  </file>
  <file>
   <filename>EnvelopeAndLoadTestModel_01_FullyCosted.osm</filename>
   <filetype>osm</filetype>
   <usage_type>test</usage_type>
   <checksum>38E06CA8</checksum>
  </file>
  <file>
   <version>
    <software_program>OpenStudio</software_program>
    <identifier>2.0.0</identifier>
    <min_compatible>2.0.0</min_compatible>
   </version>
   <filename>measure.rb</filename>
   <filetype>rb</filetype>
   <usage_type>script</usage_type>
   <checksum>0614F014</checksum>
  </file>
  <file>
   <filename>ReduceElectricEquipmentLoadsByPercentage_Test.rb</filename>
   <filetype>rb</filetype>
   <usage_type>test</usage_type>
   <checksum>B82B5383</checksum>
  </file>
  <file>
   <filename>LICENSE.md</filename>
   <filetype>md</filetype>
   <usage_type>license</usage_type>
   <checksum>9640B6CB</checksum>
  </file>
  <file>
   <filename>README.md.erb</filename>
   <filetype>erb</filetype>
   <usage_type>readmeerb</usage_type>
   <checksum>703C9964</checksum>
  </file>
  <file>
   <filename>README.md</filename>
   <filetype>md</filetype>
   <usage_type>readme</usage_type>
   <checksum>6A729965</checksum>
  </file>
 </files>
</measure>
