{
  "Increase R-value of Insulation for Exterior Walls to a Specific Value": {
    "r_value": 40.0,
    "allow_reduction": true,
    "material_cost_increase_ip": 0.0,
    "one_time_retrofit_cost_ip": 0.0,
    "years_until_retrofit_cost": 0,
    "applicable": true
  },
  "Increase R-value of Insulation for Roofs to a Specific Value": {
    "r_value": 45.0,
    "allow_reduction": true,
    "material_cost_increase_ip": 0.0,
    "one_time_retrofit_cost_ip": 0.0,
    "years_until_retrofit_cost": 0,
    "applicable": true
  },
  "Resize existing windows to match a given WWR": {
    "wwr": 0.08,
    "check_wall": true,
    "check_outdoors": true,
    "check_sunexposed": true,
    "applicable": true
  },
  "BTAPSetInfiltration": {
    "infiltration_si": 0.0004,
    "applicable": true
  },
  "AddERVPower": {
    "a_string_argument": "The Default Value",
    "applicable": true
  },
  "BTAPSetFanEff": {
    "eff_for_this_cz": 0.75,
    "applicable": true
  }
}