<measure>
  <schema_version>3.0</schema_version>
  <name>adjust_window_to_wall_ratios</name>
  <uid>aafc3640-fc91-11e3-a3ac-0800200c9a66</uid>
  <version_id>a4b82ac6-8cc7-42b9-b856-f4ab9f86a6eb</version_id>
  <version_modified>20180515T201857Z</version_modified>
  <xml_checksum>6DE831F7</xml_checksum>
  <class_name>AdjustWindowToWallRatios</class_name>
  <display_name>Adjust Window to Wall Ratios</display_name>
  <description>This measure will adjust the window to wall ratio for all exterior surfaces. If one or more windows exist on an affected wall, they will be removed and replaced with a single ribbon window. Doors will not be removed. If the requested ratio can?t be achieved then the wall will remain un-touched.</description>
  <modeler_description>This measure identifies exterior surfaces and then it runs a method that removes existing windows and applies a new window with a specified window to wall ratio and sill height. The construction chosen for the new window is defaulted to what is assigned to the space, or inherited from a higher level object, such as the building. If the baseline model uses hard assigned constructions you may not get the expected results.&#xd;&#xd;&#xd;&#xd;&#xd;&#xd;
&#xd;&#xd;&#xd;&#xd;&#xd;&#xd;
The measure doesn?t have any cost or lifecycle arguments, however If lifecycle objects exist for exterior wall and window constructions, then this measure will be able to calculate the economic impact of change in window to wall ratio.&#xd;&#xd;&#xd;&#xd;&#xd;&#xd;
  </modeler_description>
  <arguments>
    <argument>
      <name>wwr_multiplier</name>
      <display_name>Window to Wall Ratio Multiplier.</display_name>
      <type>Double</type>
      <required>true</required>
      <model_dependent>false</model_dependent>
      <default_value>1</default_value>
    </argument>
    <argument>
      <name>sillHeight</name>
      <display_name>Sill Height (in).</display_name>
      <type>Double</type>
      <required>true</required>
      <model_dependent>false</model_dependent>
      <default_value>30</default_value>
    </argument>
  </arguments>
  <outputs/>
  <provenances/>
  <tags>
    <tag>Envelope.Fenestration</tag>
  </tags>
  <attributes>
    <attribute>
      <name>Measure Type</name>
      <value>ModelMeasure</value>
      <datatype>string</datatype>
    </attribute>
    <attribute>
      <name>Measure Function</name>
      <value>Measure</value>
      <datatype>string</datatype>
    </attribute>
    <attribute>
      <name>Requires EnergyPlus Results</name>
      <value>false</value>
      <datatype>boolean</datatype>
    </attribute>
    <attribute>
      <name>Uses SketchUp API</name>
      <value>false</value>
      <datatype>boolean</datatype>
    </attribute>
  </attributes>
  <files>
    <file>
      <version>
        <software_program>OpenStudio</software_program>
        <identifier>0.10.2</identifier>
        <min_compatible>0.10.2</min_compatible>
      </version>
      <filename>measure.rb</filename>
      <filetype>rb</filetype>
      <usage_type>script</usage_type>
      <checksum>5E072E41</checksum>
    </file>
  </files>
</measure>
