<measure>
  <schema_version>3.0</schema_version>
  <name>add_energy_recovery_ventilator</name>
  <uid>9b530f72-e5ab-467b-acd6-b5c3458d7b55</uid>
  <version_id>d164ce55-1dad-4fd6-a19e-73eac59d09c9</version_id>
  <version_modified>20180515T164335Z</version_modified>
  <xml_checksum>BF75C791</xml_checksum>
  <class_name>AddEnergyRecoveryVentilator</class_name>
  <display_name>AddEnergyRecoveryVentilator</display_name>
  <description>Energy recovery ventilator transfers energy between the exhaust/relief and outdoor air streams and helps reduce building energy use. The measure adds an air-to-air heat exchanger to the air handler unit. Users can define the latent and sensible heat transfer effectiveness. </description>
  <modeler_description>The measure loops through all air loops in the baseline model and identify the air loops that contain OS:AirLoopHVAC:OutdoorAirSystem objects. Users can choose one or all air loops from the drop down list to apply this measure. If an OS:HeatExchanger:AirToAir:SensibleAndLatent object is found in the selected air loop, the measure modifies the effectiveness, heat exchanger type, and electric power setting in the model based on user inputs. If no OS:HeatExchanger:AirToAir:SensibleAndLatent object is found in the selected air loop, the measure will attach a OS:HeatExchanger:AirToAir:SensibleAndLatent object to the air loop. The economizer lockout is always set to be Yes. The initial and final values of effectiveness, the heat exchanger type, and nominal electric power are reported during simulation</modeler_description>
  <arguments>
    <argument>
      <name>info_widget</name>
      <display_name>!!!!*** This Measure is not Applicable to loaded Model. Read the description and choose an appropriate baseline model. ***!!!!</display_name>
      <type>Boolean</type>
      <required>true</required>
      <model_dependent>false</model_dependent>
      <default_value>true</default_value>
      <choices>
        <choice>
          <value>true</value>
          <display_name>true</display_name>
        </choice>
        <choice>
          <value>false</value>
          <display_name>false</display_name>
        </choice>
      </choices>
    </argument>
  </arguments>
  <outputs/>
  <provenances/>
  <tags>
    <tag>HVAC.Energy Recovery</tag>
  </tags>
  <attributes>
    <attribute>
      <name>Measure Type</name>
      <value>ModelMeasure</value>
      <datatype>string</datatype>
    </attribute>
    <attribute>
      <name>Measure Function</name>
      <value>Measure</value>
      <datatype>string</datatype>
    </attribute>
    <attribute>
      <name>Requires EnergyPlus Results</name>
      <value>false</value>
      <datatype>boolean</datatype>
    </attribute>
    <attribute>
      <name>Uses SketchUp API</name>
      <value>false</value>
      <datatype>boolean</datatype>
    </attribute>
  </attributes>
  <files>
    <file>
      <version>
        <software_program>OpenStudio</software_program>
        <identifier>1.0.0</identifier>
        <min_compatible>1.8.0</min_compatible>
      </version>
      <filename>measure.rb</filename>
      <filetype>rb</filetype>
      <usage_type>script</usage_type>
      <checksum>80D26A09</checksum>
    </file>
    <file>
      <filename>AddEnergyRecoveryVentilator_Test.rb</filename>
      <filetype>rb</filetype>
      <usage_type>test</usage_type>
      <checksum>D733854D</checksum>
    </file>
  </files>
</measure>
