<measure>
  <schema_version>3.0</schema_version>
  <name>btap_add_ashpwh</name>
  <uid>87631e5c-6a3f-4f4b-88af-c8b6fe497809</uid>
  <version_id>84bb161a-2707-4fa3-a5ae-bf34475007c1</version_id>
  <version_modified>20190804T160844Z</version_modified>
  <xml_checksum>2609226D</xml_checksum>
  <class_name>BTAPAddASHPWH</class_name>
  <display_name>BTAPAddASHPWH</display_name>
  <description>Replaces existing water heater with a ASHPWH </description>
  <modeler_description>This template measure is used to ensure consistency in BTAP measures.</modeler_description>
  <arguments>
    <argument>
      <name>wh_type</name>
      <display_name>Which type of water should be replaced?</display_name>
      <type>String</type>
      <required>true</required>
      <model_dependent>false</model_dependent>
      <default_value>All</default_value>
    </argument>
    <argument>
      <name>frac_oa_cz4</name>
      <display_name>Fraction of air from the outdoor_cz4</display_name>
      <type>Double</type>
      <required>true</required>
      <model_dependent>false</model_dependent>
      <default_value>0.8</default_value>
    </argument>
    <argument>
      <name>frac_oa_cz5</name>
      <display_name>Fraction of air from the outdoor _cz5</display_name>
      <type>Double</type>
      <required>true</required>
      <model_dependent>false</model_dependent>
      <default_value>0.8</default_value>
    </argument>
    <argument>
      <name>frac_oa_cz6</name>
      <display_name>Fraction of air from the outdoor _cz6</display_name>
      <type>Double</type>
      <required>true</required>
      <model_dependent>false</model_dependent>
      <default_value>0.8</default_value>
    </argument>
    <argument>
      <name>frac_oa_cz7A</name>
      <display_name>Fraction of air from the outdoor _cz7A</display_name>
      <type>Double</type>
      <required>true</required>
      <model_dependent>false</model_dependent>
      <default_value>0.8</default_value>
    </argument>
    <argument>
      <name>frac_oa_cz7B</name>
      <display_name>Fraction of air from the outdoor _cz7B</display_name>
      <type>Double</type>
      <required>true</required>
      <model_dependent>false</model_dependent>
      <default_value>0.8</default_value>
    </argument>
    <argument>
      <name>frac_oa_cz8</name>
      <display_name>Fraction of air from the outdoor _cz8</display_name>
      <type>Double</type>
      <required>true</required>
      <model_dependent>false</model_dependent>
      <default_value>0.8</default_value>
    </argument>
  </arguments>
  <outputs/>
  <provenances/>
  <tags>
    <tag>Envelope.Opaque</tag>
  </tags>
  <attributes>
    <attribute>
      <name>Measure Type</name>
      <value>ModelMeasure</value>
      <datatype>string</datatype>
    </attribute>
    <attribute>
      <name>Intended Software Tool</name>
      <value>Apply Measure Now</value>
      <datatype>string</datatype>
    </attribute>
    <attribute>
      <name>Intended Software Tool</name>
      <value>OpenStudio Application</value>
      <datatype>string</datatype>
    </attribute>
    <attribute>
      <name>Intended Software Tool</name>
      <value>Parametric Analysis Tool</value>
      <datatype>string</datatype>
    </attribute>
  </attributes>
  <files>
    <file>
      <filename>test.rb</filename>
      <filetype>rb</filetype>
      <usage_type>test</usage_type>
      <checksum>5E7EBF34</checksum>
    </file>
    <file>
      <filename>BTAPMeasureHelper.rb</filename>
      <filetype>rb</filetype>
      <usage_type>resource</usage_type>
      <checksum>96B8A109</checksum>
    </file>
    <file>
      <version>
        <software_program>OpenStudio</software_program>
        <identifier>2.3.0</identifier>
        <min_compatible>2.3.0</min_compatible>
      </version>
      <filename>measure.rb</filename>
      <filetype>rb</filetype>
      <usage_type>script</usage_type>
      <checksum>6EFADCA3</checksum>
    </file>
  </files>
</measure>
