<measure>
  <schema_version>3.0</schema_version>
  <name>btap_add_ashpwh</name>
  <uid>87631e5c-6a3f-4f4b-88af-c8b6fe497809</uid>
  <version_id>c7fef42f-7dd3-4e26-839f-3e57b9fe198f</version_id>
  <version_modified>20190807T205920Z</version_modified>
  <xml_checksum>2609226D</xml_checksum>
  <class_name>BTAPAddASHPWH</class_name>
  <display_name>BTAPAddASHPWH</display_name>
  <description>Replaces existing water heater with a ASHPWH </description>
  <modeler_description>This template measure is used to ensure consistency in BTAP measures.</modeler_description>
  <arguments>
    <argument>
      <name>frac_oa</name>
      <display_name>frac_oa</display_name>
      <type>Double</type>
      <required>false</required>
      <model_dependent>false</model_dependent>
      <default_value>1</default_value>
    </argument>
  </arguments>
  <outputs/>
  <provenances/>
  <tags>
    <tag>Envelope.Opaque</tag>
  </tags>
  <attributes>
    <attribute>
      <name>Measure Type</name>
      <value>ModelMeasure</value>
      <datatype>string</datatype>
    </attribute>
    <attribute>
      <name>Intended Software Tool</name>
      <value>Apply Measure Now</value>
      <datatype>string</datatype>
    </attribute>
    <attribute>
      <name>Intended Software Tool</name>
      <value>OpenStudio Application</value>
      <datatype>string</datatype>
    </attribute>
    <attribute>
      <name>Intended Software Tool</name>
      <value>Parametric Analysis Tool</value>
      <datatype>string</datatype>
    </attribute>
  </attributes>
  <files>
    <file>
      <filename>test.rb</filename>
      <filetype>rb</filetype>
      <usage_type>test</usage_type>
      <checksum>5E7EBF34</checksum>
    </file>
    <file>
      <version>
        <software_program>OpenStudio</software_program>
        <identifier>2.3.0</identifier>
        <min_compatible>2.3.0</min_compatible>
      </version>
      <filename>measure.rb</filename>
      <filetype>rb</filetype>
      <usage_type>script</usage_type>
      <checksum>54D367EA</checksum>
    </file>
    <file>
      <filename>BTAPMeasureHelper.rb</filename>
      <filetype>rb</filetype>
      <usage_type>resource</usage_type>
      <checksum>A9BF77B3</checksum>
    </file>
  </files>
</measure>
