Time,SYS_3_PSZ ALL_ST=SALES AREA_FL=BUILDING STORY 1_SCH=C:DesPer 1:Des Heat Mass Flow [kg/s],SYS_3_PSZ ALL_ST=SALES AREA_FL=BUILDING STORY 1_SCH=C:DesPer 1:Des Heat Cap [W],SYS_3_PSZ ALL_ST=SALES AREA_FL=BUILDING STORY 1_SCH=C:DesPer 1:Des Cool Mass Flow [kg/s],SYS_3_PSZ ALL_ST=SALES AREA_FL=BUILDING STORY 1_SCH=C:DesPer 1:Des Sens Cool Cap [W],SYS_3_PSZ ALL_ST=SALES AREA_FL=BUILDING STORY 1_SCH=C:DesPer 1:Des Tot Cool Cap [W],SYS_3_PSZ ALL_ST=SALES AREA_FL=BUILDING STORY 1_SCH=C:DesPer 2:Des Heat Mass Flow [kg/s],SYS_3_PSZ ALL_ST=SALES AREA_FL=BUILDING STORY 1_SCH=C:DesPer 2:Des Heat Cap [W],SYS_3_PSZ ALL_ST=SALES AREA_FL=BUILDING STORY 1_SCH=C:DesPer 2:Des Cool Mass Flow [kg/s],SYS_3_PSZ ALL_ST=SALES AREA_FL=BUILDING STORY 1_SCH=C:DesPer 2:Des Sens Cool Cap [W],SYS_3_PSZ ALL_ST=SALES AREA_FL=BUILDING STORY 1_SCH=C:DesPer 2:Des Tot Cool Cap [W],SYS_3_PSZ ALL_ST=SALES AREA_FL=BUILDING STORY 1_SCH=C 1:DesPer 1:Des Heat Mass Flow [kg/s],SYS_3_PSZ ALL_ST=SALES AREA_FL=BUILDING STORY 1_SCH=C 1:DesPer 1:Des Heat Cap [W],SYS_3_PSZ ALL_ST=SALES AREA_FL=BUILDING STORY 1_SCH=C 1:DesPer 1:Des Cool Mass Flow [kg/s],SYS_3_PSZ ALL_ST=SALES AREA_FL=BUILDING STORY 1_SCH=C 1:DesPer 1:Des Sens Cool Cap [W],SYS_3_PSZ ALL_ST=SALES AREA_FL=BUILDING STORY 1_SCH=C 1:DesPer 1:Des Tot Cool Cap [W],SYS_3_PSZ ALL_ST=SALES AREA_FL=BUILDING STORY 1_SCH=C 1:DesPer 2:Des Heat Mass Flow [kg/s],SYS_3_PSZ ALL_ST=SALES AREA_FL=BUILDING STORY 1_SCH=C 1:DesPer 2:Des Heat Cap [W],SYS_3_PSZ ALL_ST=SALES AREA_FL=BUILDING STORY 1_SCH=C 1:DesPer 2:Des Cool Mass Flow [kg/s],SYS_3_PSZ ALL_ST=SALES AREA_FL=BUILDING STORY 1_SCH=C 1:DesPer 2:Des Sens Cool Cap [W],SYS_3_PSZ ALL_ST=SALES AREA_FL=BUILDING STORY 1_SCH=C 1:DesPer 2:Des Tot Cool Cap [W],SYS_3_PSZ ALL_ST=SALES AREA_FL=BUILDING STORY 1_SCH=C 2:DesPer 1:Des Heat Mass Flow [kg/s],SYS_3_PSZ ALL_ST=SALES AREA_FL=BUILDING STORY 1_SCH=C 2:DesPer 1:Des Heat Cap [W],SYS_3_PSZ ALL_ST=SALES AREA_FL=BUILDING STORY 1_SCH=C 2:DesPer 1:Des Cool Mass Flow [kg/s],SYS_3_PSZ ALL_ST=SALES AREA_FL=BUILDING STORY 1_SCH=C 2:DesPer 1:Des Sens Cool Cap [W],SYS_3_PSZ ALL_ST=SALES AREA_FL=BUILDING STORY 1_SCH=C 2:DesPer 1:Des Tot Cool Cap [W],SYS_3_PSZ ALL_ST=SALES AREA_FL=BUILDING STORY 1_SCH=C 2:DesPer 2:Des Heat Mass Flow [kg/s],SYS_3_PSZ ALL_ST=SALES AREA_FL=BUILDING STORY 1_SCH=C 2:DesPer 2:Des Heat Cap [W],SYS_3_PSZ ALL_ST=SALES AREA_FL=BUILDING STORY 1_SCH=C 2:DesPer 2:Des Cool Mass Flow [kg/s],SYS_3_PSZ ALL_ST=SALES AREA_FL=BUILDING STORY 1_SCH=C 2:DesPer 2:Des Sens Cool Cap [W],SYS_3_PSZ ALL_ST=SALES AREA_FL=BUILDING STORY 1_SCH=C 2:DesPer 2:Des Tot Cool Cap [W]
00:10:00,2.196588E+00,4.499942E+04,2.196588E+00,2.121840E+04,4.972012E+04,2.196588E+00,1.458999E+05,2.196588E+00,0.000000E+00,0.000000E+00,2.440654E-01,4.999936E+03,2.440654E-01,2.357600E+03,5.524458E+03,2.440654E-01,1.621110E+04,2.440654E-01,0.000000E+00,0.000000E+00,4.881308E-01,9.999872E+03,4.881308E-01,4.715199E+03,1.104892E+04,4.881308E-01,3.242221E+04,4.881308E-01,0.000000E+00,0.000000E+00
00:20:00,2.196588E+00,4.519587E+04,2.196588E+00,2.102195E+04,4.951875E+04,2.196588E+00,1.458999E+05,2.196588E+00,0.000000E+00,0.000000E+00,2.440654E-01,5.021763E+03,2.440654E-01,2.335772E+03,5.502083E+03,2.440654E-01,1.621110E+04,2.440654E-01,0.000000E+00,0.000000E+00,4.881308E-01,1.004353E+04,4.881308E-01,4.671545E+03,1.100417E+04,4.881308E-01,3.242221E+04,4.881308E-01,0.000000E+00,0.000000E+00
00:30:00,2.196588E+00,4.539232E+04,2.196588E+00,2.082550E+04,4.931741E+04,2.196588E+00,1.458999E+05,2.196588E+00,0.000000E+00,0.000000E+00,2.440654E-01,5.043591E+03,2.440654E-01,2.313945E+03,5.479712E+03,2.440654E-01,1.621110E+04,2.440654E-01,0.000000E+00,0.000000E+00,4.881308E-01,1.008718E+04,4.881308E-01,4.627890E+03,1.095942E+04,4.881308E-01,3.242221E+04,4.881308E-01,0.000000E+00,0.000000E+00
00:40:00,2.196588E+00,4.558876E+04,2.196588E+00,2.062906E+04,4.911603E+04,2.196588E+00,1.458999E+05,2.196588E+00,0.000000E+00,0.000000E+00,2.440654E-01,5.065418E+03,2.440654E-01,2.292118E+03,5.457337E+03,2.440654E-01,1.621110E+04,2.440654E-01,0.000000E+00,0.000000E+00,4.881308E-01,1.013084E+04,4.881308E-01,4.584235E+03,1.091467E+04,4.881308E-01,3.242221E+04,4.881308E-01,0.000000E+00,0.000000E+00
00:50:00,2.196588E+00,4.578521E+04,2.196588E+00,2.043261E+04,4.891466E+04,2.196588E+00,1.458999E+05,2.196588E+00,0.000000E+00,0.000000E+00,2.440654E-01,5.087245E+03,2.440654E-01,2.270290E+03,5.434962E+03,2.440654E-01,1.621110E+04,2.440654E-01,0.000000E+00,0.000000E+00,4.881308E-01,1.017449E+04,4.881308E-01,4.540581E+03,1.086992E+04,4.881308E-01,3.242221E+04,4.881308E-01,0.000000E+00,0.000000E+00
01:00:00,2.196588E+00,4.598166E+04,2.196588E+00,2.023617E+04,4.871332E+04,2.196588E+00,1.458999E+05,2.196588E+00,0.000000E+00,0.000000E+00,2.440654E-01,5.109073E+03,2.440654E-01,2.248463E+03,5.412591E+03,2.440654E-01,1.621110E+04,2.440654E-01,0.000000E+00,0.000000E+00,4.881308E-01,1.021815E+04,4.881308E-01,4.496926E+03,1.082518E+04,4.881308E-01,3.242221E+04,4.881308E-01,0.000000E+00,0.000000E+00
01:10:00,2.196588E+00,4.611262E+04,2.196588E+00,2.010520E+04,4.857905E+04,2.196588E+00,1.458999E+05,2.196588E+00,0.000000E+00,0.000000E+00,2.440654E-01,5.123624E+03,2.440654E-01,2.233911E+03,5.397673E+03,2.440654E-01,1.621110E+04,2.440654E-01,0.000000E+00,0.000000E+00,4.881308E-01,1.024725E+04,4.881308E-01,4.467823E+03,1.079535E+04,4.881308E-01,3.242221E+04,4.881308E-01,0.000000E+00,0.000000E+00
01:20:00,2.196588E+00,4.624358E+04,2.196588E+00,1.997424E+04,4.844483E+04,2.196588E+00,1.458999E+05,2.196588E+00,0.000000E+00,0.000000E+00,2.440654E-01,5.138176E+03,2.440654E-01,2.219360E+03,5.382759E+03,2.440654E-01,1.621110E+04,2.440654E-01,0.000000E+00,0.000000E+00,4.881308E-01,1.027635E+04,4.881308E-01,4.438720E+03,1.076552E+04,4.881308E-01,3.242221E+04,4.881308E-01,0.000000E+00,0.000000E+00
01:30:00,2.196588E+00,4.637455E+04,2.196588E+00,1.984327E+04,4.831057E+04,2.196588E+00,1.458999E+05,2.196588E+00,0.000000E+00,0.000000E+00,2.440654E-01,5.152727E+03,2.440654E-01,2.204808E+03,5.367841E+03,2.440654E-01,1.621110E+04,2.440654E-01,0.000000E+00,0.000000E+00,4.881308E-01,1.030545E+04,4.881308E-01,4.409616E+03,1.073568E+04,4.881308E-01,3.242221E+04,4.881308E-01,0.000000E+00,0.000000E+00
01:40:00,2.196588E+00,4.650551E+04,2.196588E+00,1.971231E+04,4.817634E+04,2.196588E+00,1.458999E+05,2.196588E+00,0.000000E+00,0.000000E+00,2.440654E-01,5.167279E+03,2.440654E-01,2.190257E+03,5.352927E+03,2.440654E-01,1.621110E+04,2.440654E-01,0.000000E+00,0.000000E+00,4.881308E-01,1.033456E+04,4.881308E-01,4.380513E+03,1.070585E+04,4.881308E-01,3.242221E+04,4.881308E-01,0.000000E+00,0.000000E+00
01:50:00,2.196588E+00,4.663648E+04,2.196588E+00,1.958135E+04,4.804208E+04,2.196588E+00,1.458999E+05,2.196588E+00,0.000000E+00,0.000000E+00,2.440654E-01,5.181831E+03,2.440654E-01,2.175705E+03,5.338009E+03,2.440654E-01,1.621110E+04,2.440654E-01,0.000000E+00,0.000000E+00,4.881308E-01,1.036366E+04,4.881308E-01,4.351410E+03,1.067602E+04,4.881308E-01,3.242221E+04,4.881308E-01,0.000000E+00,0.000000E+00
02:00:00,2.196588E+00,4.676744E+04,2.196588E+00,1.945038E+04,4.790785E+04,2.196588E+00,1.458999E+05,2.196588E+00,0.000000E+00,0.000000E+00,2.440654E-01,5.196382E+03,2.440654E-01,2.161153E+03,5.323095E+03,2.440654E-01,1.621110E+04,2.440654E-01,0.000000E+00,0.000000E+00,4.881308E-01,1.039276E+04,4.881308E-01,4.322307E+03,1.064619E+04,4.881308E-01,3.242221E+04,4.881308E-01,0.000000E+00,0.000000E+00
02:10:00,2.196588E+00,4.686566E+04,2.196588E+00,1.935216E+04,4.780715E+04,2.196588E+00,1.458999E+05,2.196588E+00,0.000000E+00,0.000000E+00,2.440654E-01,5.207296E+03,2.440654E-01,2.150240E+03,5.311906E+03,2.440654E-01,1.621110E+04,2.440654E-01,0.000000E+00,0.000000E+00,4.881308E-01,1.041459E+04,4.881308E-01,4.300480E+03,1.062381E+04,4.881308E-01,3.242221E+04,4.881308E-01,0.000000E+00,0.000000E+00
02:20:00,2.196588E+00,4.696389E+04,2.196588E+00,1.925394E+04,4.770648E+04,2.196588E+00,1.458999E+05,2.196588E+00,0.000000E+00,0.000000E+00,2.440654E-01,5.218210E+03,2.440654E-01,2.139326E+03,5.300720E+03,2.440654E-01,1.621110E+04,2.440654E-01,0.000000E+00,0.000000E+00,4.881308E-01,1.043642E+04,4.881308E-01,4.278652E+03,1.060144E+04,4.881308E-01,3.242221E+04,4.881308E-01,0.000000E+00,0.000000E+00
02:30:00,2.196588E+00,4.706211E+04,2.196588E+00,1.915571E+04,4.760581E+04,2.196588E+00,1.458999E+05,2.196588E+00,0.000000E+00,0.000000E+00,2.440654E-01,5.229123E+03,2.440654E-01,2.128412E+03,5.289535E+03,2.440654E-01,1.621110E+04,2.440654E-01,0.000000E+00,0.000000E+00,4.881308E-01,1.045825E+04,4.881308E-01,4.256825E+03,1.057907E+04,4.881308E-01,3.242221E+04,4.881308E-01,0.000000E+00,0.000000E+00
02:40:00,2.196588E+00,4.716033E+04,2.196588E+00,1.905749E+04,4.750511E+04,2.196588E+00,1.458999E+05,2.196588E+00,0.000000E+00,0.000000E+00,2.440654E-01,5.240037E+03,2.440654E-01,2.117499E+03,5.278345E+03,2.440654E-01,1.621110E+04,2.440654E-01,0.000000E+00,0.000000E+00,4.881308E-01,1.048007E+04,4.881308E-01,4.234998E+03,1.055669E+04,4.881308E-01,3.242221E+04,4.881308E-01,0.000000E+00,0.000000E+00
02:50:00,2.196588E+00,4.725856E+04,2.196588E+00,1.895927E+04,4.740444E+04,2.196588E+00,1.458999E+05,2.196588E+00,0.000000E+00,0.000000E+00,2.440654E-01,5.250951E+03,2.440654E-01,2.106585E+03,5.267160E+03,2.440654E-01,1.621110E+04,2.440654E-01,0.000000E+00,0.000000E+00,4.881308E-01,1.050190E+04,4.881308E-01,4.213170E+03,1.053432E+04,4.881308E-01,3.242221E+04,4.881308E-01,0.000000E+00,0.000000E+00
03:00:00,2.196588E+00,4.735678E+04,2.196588E+00,1.886104E+04,4.730377E+04,2.196588E+00,1.458999E+05,2.196588E+00,0.000000E+00,0.000000E+00,2.440654E-01,5.261864E+03,2.440654E-01,2.095671E+03,5.255974E+03,2.440654E-01,1.621110E+04,2.440654E-01,0.000000E+00,0.000000E+00,4.881308E-01,1.052373E+04,4.881308E-01,4.191343E+03,1.051195E+04,4.881308E-01,3.242221E+04,4.881308E-01,0.000000E+00,0.000000E+00
03:10:00,2.196588E+00,4.745500E+04,2.196588E+00,1.876282E+04,4.720307E+04,2.196588E+00,1.458999E+05,2.196588E+00,0.000000E+00,0.000000E+00,2.440654E-01,5.272778E+03,2.440654E-01,2.084758E+03,5.244785E+03,2.440654E-01,1.621110E+04,2.440654E-01,0.000000E+00,0.000000E+00,4.881308E-01,1.054556E+04,4.881308E-01,4.169515E+03,1.048957E+04,4.881308E-01,3.242221E+04,4.881308E-01,0.000000E+00,0.000000E+00
03:20:00,2.196588E+00,4.755322E+04,2.196588E+00,1.866460E+04,4.710239E+04,2.196588E+00,1.458999E+05,2.196588E+00,0.000000E+00,0.000000E+00,2.440654E-01,5.283692E+03,2.440654E-01,2.073844E+03,5.233599E+03,2.440654E-01,1.621110E+04,2.440654E-01,0.000000E+00,0.000000E+00,4.881308E-01,1.056738E+04,4.881308E-01,4.147688E+03,1.046720E+04,4.881308E-01,3.242221E+04,4.881308E-01,0.000000E+00,0.000000E+00
03:30:00,2.196588E+00,4.765145E+04,2.196588E+00,1.856637E+04,4.700172E+04,2.196588E+00,1.458999E+05,2.196588E+00,0.000000E+00,0.000000E+00,2.440654E-01,5.294605E+03,2.440654E-01,2.062930E+03,5.222414E+03,2.440654E-01,1.621110E+04,2.440654E-01,0.000000E+00,0.000000E+00,4.881308E-01,1.058921E+04,4.881308E-01,4.125861E+03,1.044483E+04,4.881308E-01,3.242221E+04,4.881308E-01,0.000000E+00,0.000000E+00
03:40:00,2.196588E+00,4.774967E+04,2.196588E+00,1.846815E+04,4.690102E+04,2.196588E+00,1.458999E+05,2.196588E+00,0.000000E+00,0.000000E+00,2.440654E-01,5.305519E+03,2.440654E-01,2.052017E+03,5.211224E+03,2.440654E-01,1.621110E+04,2.440654E-01,0.000000E+00,0.000000E+00,4.881308E-01,1.061104E+04,4.881308E-01,4.104033E+03,1.042245E+04,4.881308E-01,3.242221E+04,4.881308E-01,0.000000E+00,0.000000E+00
03:50:00,2.196588E+00,4.784789E+04,2.196588E+00,1.836993E+04,4.680035E+04,2.196588E+00,1.458999E+05,2.196588E+00,0.000000E+00,0.000000E+00,2.440654E-01,5.316433E+03,2.440654E-01,2.041103E+03,5.200038E+03,2.440654E-01,1.621110E+04,2.440654E-01,0.000000E+00,0.000000E+00,4.881308E-01,1.063287E+04,4.881308E-01,4.082206E+03,1.040008E+04,4.881308E-01,3.242221E+04,4.881308E-01,0.000000E+00,0.000000E+00
04:00:00,2.196588E+00,4.794612E+04,2.196588E+00,1.827170E+04,4.669968E+04,2.196588E+00,1.458999E+05,2.196588E+00,0.000000E+00,0.000000E+00,2.440654E-01,5.327346E+03,2.440654E-01,2.030189E+03,5.188853E+03,2.440654E-01,1.621110E+04,2.440654E-01,0.000000E+00,0.000000E+00,4.881308E-01,1.065469E+04,4.881308E-01,4.060379E+03,1.037771E+04,4.881308E-01,3.242221E+04,4.881308E-01,0.000000E+00,0.000000E+00
04:10:00,2.196588E+00,4.801160E+04,2.196588E+00,1.820622E+04,4.663253E+04,2.196588E+00,1.458999E+05,2.196588E+00,0.000000E+00,0.000000E+00,2.440654E-01,5.334622E+03,2.440654E-01,2.022914E+03,5.181392E+03,2.440654E-01,1.621110E+04,2.440654E-01,0.000000E+00,0.000000E+00,4.881308E-01,1.066924E+04,4.881308E-01,4.045827E+03,1.036278E+04,4.881308E-01,3.242221E+04,4.881308E-01,0.000000E+00,0.000000E+00
04:20:00,2.196588E+00,4.807708E+04,2.196588E+00,1.814074E+04,4.656541E+04,2.196588E+00,1.458999E+05,2.196588E+00,0.000000E+00,0.000000E+00,2.440654E-01,5.341898E+03,2.440654E-01,2.015638E+03,5.173935E+03,2.440654E-01,1.621110E+04,2.440654E-01,0.000000E+00,0.000000E+00,4.881308E-01,1.068380E+04,4.881308E-01,4.031276E+03,1.034787E+04,4.881308E-01,3.242221E+04,4.881308E-01,0.000000E+00,0.000000E+00
04:30:00,2.196588E+00,4.814256E+04,2.196588E+00,1.807526E+04,4.649830E+04,2.196588E+00,1.458999E+05,2.196588E+00,0.000000E+00,0.000000E+00,2.440654E-01,5.349174E+03,2.440654E-01,2.008362E+03,5.166478E+03,2.440654E-01,1.621110E+04,2.440654E-01,0.000000E+00,0.000000E+00,4.881308E-01,1.069835E+04,4.881308E-01,4.016724E+03,1.033296E+04,4.881308E-01,3.242221E+04,4.881308E-01,0.000000E+00,0.000000E+00
04:40:00,2.196588E+00,4.820805E+04,2.196588E+00,1.800978E+04,4.643119E+04,2.196588E+00,1.458999E+05,2.196588E+00,0.000000E+00,0.000000E+00,2.440654E-01,5.356449E+03,2.440654E-01,2.001086E+03,5.159021E+03,2.440654E-01,1.621110E+04,2.440654E-01,0.000000E+00,0.000000E+00,4.881308E-01,1.071290E+04,4.881308E-01,4.002172E+03,1.031804E+04,4.881308E-01,3.242221E+04,4.881308E-01,0.000000E+00,0.000000E+00
04:50:00,2.196588E+00,4.827353E+04,2.196588E+00,1.794429E+04,4.636404E+04,2.196588E+00,1.458999E+05,2.196588E+00,0.000000E+00,0.000000E+00,2.440654E-01,5.363725E+03,2.440654E-01,1.993810E+03,5.151560E+03,2.440654E-01,1.621110E+04,2.440654E-01,0.000000E+00,0.000000E+00,4.881308E-01,1.072745E+04,4.881308E-01,3.987621E+03,1.030312E+04,4.881308E-01,3.242221E+04,4.881308E-01,0.000000E+00,0.000000E+00
05:00:00,2.196588E+00,4.833901E+04,2.196588E+00,1.787881E+04,4.629693E+04,2.196588E+00,1.458999E+05,2.196588E+00,0.000000E+00,0.000000E+00,2.440654E-01,5.371001E+03,2.440654E-01,1.986535E+03,5.144103E+03,2.440654E-01,1.621110E+04,2.440654E-01,0.000000E+00,0.000000E+00,4.881308E-01,1.074200E+04,4.881308E-01,3.973069E+03,1.028821E+04,4.881308E-01,3.242221E+04,4.881308E-01,0.000000E+00,0.000000E+00
05:10:00,2.196588E+00,4.827353E+04,2.196588E+00,1.794429E+04,4.636404E+04,2.196588E+00,1.458999E+05,2.196588E+00,0.000000E+00,0.000000E+00,2.440654E-01,5.363725E+03,2.440654E-01,1.993810E+03,5.151560E+03,2.440654E-01,1.621110E+04,2.440654E-01,0.000000E+00,0.000000E+00,4.881308E-01,1.072745E+04,4.881308E-01,3.987621E+03,1.030312E+04,4.881308E-01,3.242221E+04,4.881308E-01,0.000000E+00,0.000000E+00
05:20:00,2.196588E+00,4.820805E+04,2.196588E+00,1.800978E+04,4.643119E+04,2.196588E+00,1.458999E+05,2.196588E+00,0.000000E+00,0.000000E+00,2.440654E-01,5.356449E+03,2.440654E-01,2.001086E+03,5.159021E+03,2.440654E-01,1.621110E+04,2.440654E-01,0.000000E+00,0.000000E+00,4.881308E-01,1.071290E+04,4.881308E-01,4.002172E+03,1.031804E+04,4.881308E-01,3.242221E+04,4.881308E-01,0.000000E+00,0.000000E+00
05:30:00,2.196588E+00,4.814256E+04,2.196588E+00,1.807526E+04,4.649830E+04,2.196588E+00,1.458999E+05,2.196588E+00,0.000000E+00,0.000000E+00,2.440654E-01,5.349174E+03,2.440654E-01,2.008362E+03,5.166478E+03,2.440654E-01,1.621110E+04,2.440654E-01,0.000000E+00,0.000000E+00,4.881308E-01,1.069835E+04,4.881308E-01,4.016724E+03,1.033296E+04,4.881308E-01,3.242221E+04,4.881308E-01,0.000000E+00,0.000000E+00
05:40:00,2.196588E+00,4.807708E+04,2.196588E+00,1.814074E+04,4.656541E+04,2.196588E+00,1.458999E+05,2.196588E+00,0.000000E+00,0.000000E+00,2.440654E-01,5.341898E+03,2.440654E-01,2.015638E+03,5.173935E+03,2.440654E-01,1.621110E+04,2.440654E-01,0.000000E+00,0.000000E+00,4.881308E-01,1.068380E+04,4.881308E-01,4.031276E+03,1.034787E+04,4.881308E-01,3.242221E+04,4.881308E-01,0.000000E+00,0.000000E+00
05:50:00,2.196588E+00,4.801160E+04,2.196588E+00,1.820622E+04,4.663253E+04,2.196588E+00,1.458999E+05,2.196588E+00,0.000000E+00,0.000000E+00,2.440654E-01,5.334622E+03,2.440654E-01,2.022914E+03,5.181392E+03,2.440654E-01,1.621110E+04,2.440654E-01,0.000000E+00,0.000000E+00,4.881308E-01,1.066924E+04,4.881308E-01,4.045827E+03,1.036278E+04,4.881308E-01,3.242221E+04,4.881308E-01,0.000000E+00,0.000000E+00
06:00:00,2.196588E+00,4.794612E+04,2.196588E+00,1.827170E+04,4.669968E+04,2.196588E+00,1.458999E+05,2.196588E+00,0.000000E+00,0.000000E+00,2.440654E-01,5.327346E+03,2.440654E-01,2.030189E+03,5.188853E+03,2.440654E-01,1.621110E+04,2.440654E-01,0.000000E+00,0.000000E+00,4.881308E-01,1.065469E+04,4.881308E-01,4.060379E+03,1.037771E+04,4.881308E-01,3.242221E+04,4.881308E-01,0.000000E+00,0.000000E+00
06:10:00,2.196588E+00,4.771693E+04,2.196588E+00,1.850089E+04,4.693457E+04,2.196588E+00,1.458999E+05,2.196588E+00,0.000000E+00,0.000000E+00,2.440654E-01,5.301881E+03,2.440654E-01,2.055655E+03,5.214952E+03,2.440654E-01,1.621110E+04,2.440654E-01,0.000000E+00,0.000000E+00,4.881308E-01,1.060376E+04,4.881308E-01,4.111309E+03,1.042990E+04,4.881308E-01,3.242221E+04,4.881308E-01,0.000000E+00,0.000000E+00
06:20:00,2.196588E+00,4.748774E+04,2.196588E+00,1.873008E+04,4.716951E+04,2.196588E+00,1.458999E+05,2.196588E+00,0.000000E+00,0.000000E+00,2.440654E-01,5.276416E+03,2.440654E-01,2.081120E+03,5.241056E+03,2.440654E-01,1.621110E+04,2.440654E-01,0.000000E+00,0.000000E+00,4.881308E-01,1.055283E+04,4.881308E-01,4.162240E+03,1.048211E+04,4.881308E-01,3.242221E+04,4.881308E-01,0.000000E+00,0.000000E+00
06:30:00,2.196588E+00,4.725856E+04,2.196588E+00,1.895927E+04,4.740444E+04,2.196588E+00,1.458999E+05,2.196588E+00,0.000000E+00,0.000000E+00,2.440654E-01,5.250951E+03,2.440654E-01,2.106585E+03,5.267160E+03,2.440654E-01,1.621110E+04,2.440654E-01,0.000000E+00,0.000000E+00,4.881308E-01,1.050190E+04,4.881308E-01,4.213170E+03,1.053432E+04,4.881308E-01,3.242221E+04,4.881308E-01,0.000000E+00,0.000000E+00
06:40:00,2.196588E+00,4.702937E+04,2.196588E+00,1.918845E+04,4.763937E+04,2.196588E+00,1.458999E+05,2.196588E+00,0.000000E+00,0.000000E+00,2.440654E-01,5.225485E+03,2.440654E-01,2.132050E+03,5.293263E+03,2.440654E-01,1.621110E+04,2.440654E-01,0.000000E+00,0.000000E+00,4.881308E-01,1.045097E+04,4.881308E-01,4.264101E+03,1.058653E+04,4.881308E-01,3.242221E+04,4.881308E-01,0.000000E+00,0.000000E+00
06:50:00,2.196588E+00,4.680018E+04,2.196588E+00,1.941764E+04,4.787430E+04,2.196588E+00,1.458999E+05,2.196588E+00,0.000000E+00,0.000000E+00,2.440654E-01,5.200020E+03,2.440654E-01,2.157516E+03,5.319367E+03,2.440654E-01,1.621110E+04,2.440654E-01,0.000000E+00,0.000000E+00,4.881308E-01,1.040004E+04,4.881308E-01,4.315031E+03,1.063873E+04,4.881308E-01,3.242221E+04,4.881308E-01,0.000000E+00,0.000000E+00
07:00:00,2.196588E+00,4.657099E+04,2.196588E+00,1.964683E+04,4.810920E+04,2.196588E+00,1.458999E+05,2.196588E+00,0.000000E+00,0.000000E+00,2.440654E-01,5.174555E+03,2.440654E-01,2.182981E+03,5.345466E+03,2.440654E-01,1.621110E+04,2.440654E-01,0.000000E+00,0.000000E+00,4.881308E-01,1.034911E+04,4.881308E-01,4.365962E+03,1.069093E+04,4.881308E-01,3.242221E+04,4.881308E-01,0.000000E+00,0.000000E+00
07:10:00,2.196588E+00,4.601440E+04,2.196588E+00,2.020343E+04,4.867973E+04,2.196588E+00,1.458999E+05,2.196588E+00,0.000000E+00,0.000000E+00,2.440654E-01,5.112711E+03,3.294839E-01,3.640201E+03,7.284874E+03,2.926535E-01,1.742480E+04,2.440654E-01,0.000000E+00,0.000000E+00,4.881308E-01,1.022542E+04,4.881308E-01,4.489650E+03,1.081772E+04,4.881308E-01,3.242221E+04,4.881308E-01,0.000000E+00,0.000000E+00
07:20:00,2.196588E+00,4.545780E+04,2.196588E+00,2.076002E+04,4.925026E+04,2.196588E+00,1.458999E+05,2.196588E+00,0.000000E+00,0.000000E+00,2.440654E-01,5.050866E+03,5.573940E-01,7.184168E+03,1.174867E+04,2.690450E-01,1.682670E+04,2.440654E-01,0.000000E+00,0.000000E+00,4.881308E-01,1.010173E+04,4.881308E-01,4.613338E+03,1.094450E+04,4.881308E-01,3.242221E+04,4.881308E-01,0.000000E+00,0.000000E+00
07:30:00,2.196588E+00,4.490120E+04,2.196588E+00,2.131662E+04,4.982079E+04,2.196588E+00,1.458999E+05,2.196588E+00,0.000000E+00,0.000000E+00,2.440654E-01,4.989022E+03,8.148107E-01,1.073912E+04,1.575807E+04,2.939246E-01,1.742312E+04,2.440654E-01,0.000000E+00,0.000000E+00,4.881308E-01,9.978045E+03,4.881308E-01,4.737027E+03,1.107129E+04,4.881308E-01,3.242221E+04,4.881308E-01,0.000000E+00,0.000000E+00
07:40:00,2.196588E+00,4.434460E+04,2.196588E+00,2.187322E+04,5.039133E+04,2.196588E+00,1.458999E+05,2.196588E+00,0.000000E+00,0.000000E+00,2.440654E-01,4.927178E+03,9.748401E-01,1.238852E+04,1.791999E+04,3.091911E-01,1.777241E+04,2.440654E-01,0.000000E+00,0.000000E+00,4.881308E-01,9.854356E+03,4.881308E-01,4.860715E+03,1.119807E+04,4.881308E-01,3.242221E+04,4.881308E-01,0.000000E+00,0.000000E+00
07:50:00,2.196588E+00,4.378801E+04,2.196588E+00,2.242982E+04,5.096186E+04,2.196588E+00,1.458999E+05,2.196588E+00,0.000000E+00,0.000000E+00,2.440654E-01,4.865334E+03,1.129540E+00,1.351900E+04,1.882505E+04,3.234197E-01,1.808695E+04,2.440654E-01,0.000000E+00,0.000000E+00,4.881308E-01,9.730668E+03,4.881308E-01,4.984403E+03,1.132486E+04,5.029321E-01,3.277193E+04,4.881308E-01,0.000000E+00,0.000000E+00
08:00:00,2.196588E+00,4.323141E+04,2.196588E+00,2.298641E+04,5.153239E+04,2.196588E+00,1.458999E+05,2.196588E+00,0.000000E+00,0.000000E+00,2.440654E-01,4.803490E+03,1.279629E+00,1.409910E+04,1.907235E+04,3.361876E-01,1.835791E+04,2.440654E-01,0.000000E+00,0.000000E+00,4.881308E-01,9.606980E+03,4.881308E-01,5.108092E+03,1.145164E+04,5.217481E-01,3.320524E+04,4.881308E-01,0.000000E+00,0.000000E+00
08:10:00,2.196588E+00,4.260933E+04,2.196588E+00,2.360849E+04,5.217007E+04,2.196588E+00,1.458999E+05,2.196588E+00,0.000000E+00,0.000000E+00,2.440654E-01,4.734370E+03,1.102201E+00,1.209842E+04,1.640115E+04,3.521162E-01,1.868949E+04,2.440654E-01,0.000000E+00,0.000000E+00,4.881308E-01,9.468740E+03,4.881308E-01,5.246332E+03,1.159335E+04,5.447881E-01,3.372514E+04,4.881308E-01,0.000000E+00,0.000000E+00
08:20:00,2.196588E+00,4.198725E+04,2.196588E+00,2.423057E+04,5.280772E+04,2.196588E+00,1.458999E+05,2.196588E+00,0.000000E+00,0.000000E+00,2.440654E-01,4.665250E+03,1.024774E+00,1.131921E+04,1.533817E+04,3.610691E-01,1.885565E+04,2.440654E-01,0.000000E+00,0.000000E+00,4.881308E-01,9.330500E+03,4.881308E-01,5.384572E+03,1.173505E+04,5.514688E-01,3.385756E+04,4.881308E-01,0.000000E+00,0.000000E+00
08:30:00,2.196588E+00,4.136517E+04,2.196588E+00,2.485265E+04,5.344536E+04,2.210687E+00,1.462142E+05,2.196588E+00,0.000000E+00,0.000000E+00,2.440654E-01,4.596130E+03,9.160493E-01,1.018699E+04,1.400764E+04,3.789158E-01,1.921385E+04,2.440654E-01,0.000000E+00,0.000000E+00,4.881308E-01,9.192260E+03,4.881308E-01,5.522812E+03,1.187675E+04,5.842707E-01,3.456915E+04,4.881308E-01,0.000000E+00,0.000000E+00
08:40:00,2.196588E+00,4.074309E+04,2.196588E+00,2.547473E+04,5.408300E+04,2.222613E+00,1.464713E+05,2.196588E+00,0.000000E+00,0.000000E+00,2.440654E-01,4.527010E+03,9.028340E-01,1.011060E+04,1.387703E+04,3.867802E-01,1.934119E+04,2.440654E-01,0.000000E+00,0.000000E+00,4.881308E-01,9.054020E+03,4.881308E-01,5.661051E+03,1.201845E+04,5.917439E-01,3.470135E+04,4.881308E-01,0.000000E+00,0.000000E+00
08:50:00,2.196588E+00,4.012101E+04,2.196588E+00,2.609681E+04,5.472069E+04,2.265010E+00,1.473792E+05,2.196588E+00,0.000000E+00,0.000000E+00,2.440654E-01,4.457890E+03,8.927323E-01,1.006848E+04,1.380299E+04,3.934452E-01,1.943733E+04,2.440654E-01,0.000000E+00,0.000000E+00,4.881308E-01,8.915780E+03,4.881308E-01,5.799291E+03,1.216015E+04,6.004782E-01,3.485584E+04,4.881308E-01,0.000000E+00,0.000000E+00
09:00:00,2.196588E+00,3.949893E+04,2.196588E+00,2.671889E+04,5.535834E+04,2.294563E+00,1.479853E+05,2.196588E+00,0.000000E+00,0.000000E+00,2.440654E-01,4.388770E+03,8.845059E-01,1.004694E+04,1.376166E+04,3.994269E-01,1.951447E+04,2.440654E-01,0.000000E+00,0.000000E+00,4.881308E-01,8.777540E+03,4.881308E-01,5.937531E+03,1.230185E+04,6.078300E-01,3.497499E+04,4.881308E-01,0.000000E+00,0.000000E+00
09:10:00,2.196588E+00,3.894233E+04,2.196588E+00,2.727549E+04,5.592886E+04,2.196588E+00,1.458999E+05,2.196588E+00,0.000000E+00,0.000000E+00,2.440654E-01,4.326926E+03,8.758502E-01,1.001328E+04,1.371472E+04,3.380098E-01,1.819368E+04,2.440654E-01,0.000000E+00,0.000000E+00,4.881308E-01,8.653852E+03,4.881308E-01,6.061220E+03,1.242864E+04,4.921389E-01,3.250679E+04,4.881308E-01,0.000000E+00,0.000000E+00
09:20:00,2.196588E+00,3.838574E+04,2.196588E+00,2.783209E+04,5.649940E+04,2.196588E+00,1.458999E+05,2.196588E+00,0.000000E+00,0.000000E+00,2.440654E-01,4.265082E+03,8.655762E-01,9.961659E+03,1.365650E+04,3.648635E-01,1.876042E+04,2.440654E-01,0.000000E+00,0.000000E+00,4.881308E-01,8.530163E+03,4.881308E-01,6.184908E+03,1.255542E+04,5.625300E-01,3.399230E+04,4.881308E-01,0.000000E+00,0.000000E+00
09:30:00,2.196588E+00,3.782914E+04,2.196588E+00,2.838868E+04,5.706993E+04,2.196588E+00,1.458999E+05,2.196588E+00,0.000000E+00,0.000000E+00,2.440654E-01,4.203238E+03,8.525428E-01,9.879500E+03,1.356991E+04,3.330618E-01,1.808929E+04,2.440654E-01,0.000000E+00,0.000000E+00,4.881308E-01,8.406475E+03,4.881308E-01,6.308596E+03,1.268221E+04,5.048426E-01,3.277489E+04,4.881308E-01,0.000000E+00,0.000000E+00
09:40:00,2.196588E+00,3.727254E+04,2.196588E+00,2.894528E+04,5.764046E+04,2.196588E+00,1.458999E+05,2.196588E+00,0.000000E+00,0.000000E+00,2.440654E-01,4.141393E+03,8.359547E-01,9.758032E+03,1.344336E+04,3.198478E-01,1.781041E+04,2.440654E-01,0.000000E+00,0.000000E+00,4.881308E-01,8.282787E+03,4.881308E-01,6.432285E+03,1.280899E+04,4.881308E-01,3.242221E+04,4.881308E-01,0.000000E+00,0.000000E+00
09:50:00,2.196588E+00,3.671594E+04,2.196588E+00,2.950188E+04,5.821099E+04,2.196588E+00,1.458999E+05,2.196588E+00,0.000000E+00,0.000000E+00,2.440654E-01,4.079549E+03,8.153526E-01,9.592186E+03,1.327066E+04,3.080875E-01,1.756221E+04,2.440654E-01,0.000000E+00,0.000000E+00,4.881308E-01,8.159098E+03,5.054058E-01,6.746886E+03,1.319420E+04,4.881308E-01,3.242221E+04,4.881308E-01,0.000000E+00,0.000000E+00
10:00:00,2.196588E+00,3.615934E+04,2.196588E+00,3.005848E+04,5.878153E+04,2.196588E+00,1.458999E+05,2.196588E+00,0.000000E+00,0.000000E+00,2.440654E-01,4.017705E+03,7.907844E-01,9.382500E+03,1.305226E+04,2.978427E-01,1.734601E+04,2.440654E-01,0.000000E+00,0.000000E+00,4.881308E-01,8.035410E+03,5.333204E-01,7.179069E+03,1.372439E+04,4.881308E-01,3.242221E+04,4.881308E-01,0.000000E+00,0.000000E+00
10:10:00,2.196588E+00,3.566823E+04,2.196588E+00,3.054959E+04,5.928495E+04,2.196588E+00,1.458999E+05,2.196588E+00,0.000000E+00,0.000000E+00,2.440654E-01,3.963137E+03,7.588691E-01,9.084330E+03,1.274000E+04,2.906712E-01,1.719466E+04,2.440654E-01,0.000000E+00,0.000000E+00,4.881308E-01,7.926273E+03,5.543082E-01,7.520154E+03,1.412526E+04,4.881308E-01,3.242221E+04,4.881308E-01,0.000000E+00,0.000000E+00
10:20:00,2.196588E+00,3.517711E+04,2.196588E+00,3.104071E+04,5.978833E+04,2.196588E+00,1.458999E+05,2.196588E+00,0.000000E+00,0.000000E+00,2.440654E-01,3.908568E+03,7.233495E-01,8.746321E+03,1.239749E+04,2.848957E-01,1.707277E+04,2.440654E-01,0.000000E+00,0.000000E+00,4.881308E-01,7.817136E+03,5.733365E-01,7.839590E+03,1.449145E+04,4.881308E-01,3.242221E+04,4.881308E-01,0.000000E+00,0.000000E+00
10:30:00,2.196588E+00,3.468600E+04,2.196588E+00,3.153182E+04,6.029175E+04,2.196588E+00,1.458999E+05,2.196588E+00,0.000000E+00,0.000000E+00,2.440654E-01,3.854000E+03,6.861402E-01,8.389633E+03,1.203698E+04,2.800381E-01,1.697026E+04,2.440654E-01,0.000000E+00,0.000000E+00,4.881308E-01,7.708000E+03,5.913923E-01,8.148281E+03,1.483968E+04,4.881308E-01,3.242221E+04,4.881308E-01,0.000000E+00,0.000000E+00
10:40:00,2.196588E+00,3.419488E+04,2.251902E+00,3.263426E+04,6.158665E+04,2.196588E+00,1.458999E+05,2.196588E+00,0.000000E+00,0.000000E+00,2.440654E-01,3.799431E+03,6.488120E-01,8.031628E+03,1.166992E+04,2.759007E-01,1.688295E+04,2.440654E-01,0.000000E+00,0.000000E+00,4.881308E-01,7.598863E+03,6.086259E-01,8.447888E+03,1.517305E+04,4.881308E-01,3.242221E+04,4.881308E-01,0.000000E+00,0.000000E+00
10:50:00,2.196588E+00,3.370377E+04,2.317390E+00,3.384913E+04,6.300589E+04,2.196588E+00,1.458999E+05,2.196588E+00,0.000000E+00,0.000000E+00,2.440654E-01,3.744863E+03,6.129445E-01,7.689764E+03,1.131374E+04,2.723194E-01,1.680737E+04,2.440654E-01,0.000000E+00,0.000000E+00,4.881308E-01,7.489726E+03,6.251962E-01,8.740166E+03,1.549450E+04,4.881308E-01,3.242221E+04,4.881308E-01,0.000000E+00,0.000000E+00
11:00:00,2.196588E+00,3.321265E+04,2.380475E+00,3.503746E+04,6.437170E+04,2.196588E+00,1.458999E+05,2.196588E+00,0.000000E+00,0.000000E+00,2.440654E-01,3.690295E+03,5.799335E-01,7.379472E+03,1.098640E+04,2.691814E-01,1.674114E+04,2.440654E-01,0.000000E+00,0.000000E+00,4.881308E-01,7.380589E+03,6.412025E-01,9.026213E+03,1.580615E+04,4.881308E-01,3.242221E+04,4.881308E-01,0.000000E+00,0.000000E+00
11:10:00,2.196588E+00,3.288524E+04,2.425251E+00,3.585975E+04,6.530051E+04,2.196588E+00,1.458999E+05,2.196588E+00,0.000000E+00,0.000000E+00,2.440654E-01,3.653916E+03,5.498199E-01,7.083012E+03,1.067106E+04,2.675081E-01,1.670583E+04,2.440654E-01,0.000000E+00,0.000000E+00,4.881308E-01,7.307831E+03,6.528659E-01,9.227883E+03,1.602074E+04,4.881308E-01,3.242221E+04,4.881308E-01,0.000000E+00,0.000000E+00
11:20:00,2.196588E+00,3.255783E+04,2.465589E+00,3.663299E+04,6.615999E+04,2.196588E+00,1.458999E+05,2.196588E+00,0.000000E+00,0.000000E+00,2.440654E-01,3.617537E+03,5.244223E-01,6.838676E+03,1.040965E+04,2.661817E-01,1.667784E+04,2.440654E-01,0.000000E+00,0.000000E+00,4.881308E-01,7.235074E+03,6.633309E-01,9.416310E+03,1.621922E+04,4.881308E-01,3.242221E+04,4.881308E-01,0.000000E+00,0.000000E+00
11:30:00,2.196588E+00,3.223042E+04,2.502057E+00,3.736346E+04,6.696098E+04,2.196588E+00,1.458999E+05,2.196588E+00,0.000000E+00,0.000000E+00,2.440654E-01,3.581158E+03,5.037461E-01,6.646524E+03,1.020310E+04,2.651135E-01,1.665530E+04,2.440654E-01,0.000000E+00,0.000000E+00,4.881308E-01,7.162316E+03,6.727826E-01,9.593539E+03,1.640457E+04,4.881308E-01,3.242221E+04,4.881308E-01,0.000000E+00,0.000000E+00
11:40:00,2.196588E+00,3.190301E+04,2.534704E+00,3.805171E+04,6.770667E+04,2.196588E+00,1.458999E+05,2.196588E+00,0.000000E+00,0.000000E+00,2.440654E-01,3.544779E+03,4.873336E-01,6.501498E+03,1.004652E+04,2.642520E-01,1.663711E+04,2.440654E-01,0.000000E+00,0.000000E+00,4.881308E-01,7.089558E+03,6.812299E-01,9.759666E+03,1.657724E+04,4.881308E-01,3.242221E+04,4.881308E-01,0.000000E+00,0.000000E+00
11:50:00,2.196588E+00,3.157560E+04,2.563577E+00,3.869825E+04,6.839962E+04,2.196588E+00,1.458999E+05,2.196588E+00,0.000000E+00,0.000000E+00,2.440654E-01,3.508400E+03,4.744364E-01,6.395325E+03,9.931405E+03,2.635500E-01,1.662230E+04,2.440654E-01,0.000000E+00,0.000000E+00,4.881308E-01,7.016800E+03,6.886757E-01,9.914724E+03,1.673753E+04,4.881308E-01,3.242221E+04,4.881308E-01,0.000000E+00,0.000000E+00
12:00:00,2.196588E+00,3.124819E+04,2.588675E+00,3.930306E+04,6.904137E+04,2.196588E+00,1.458999E+05,2.196588E+00,0.000000E+00,0.000000E+00,2.440654E-01,3.472021E+03,4.642936E-01,6.319597E+03,9.848975E+03,2.629771E-01,1.661021E+04,2.440654E-01,0.000000E+00,0.000000E+00,4.881308E-01,6.944042E+03,6.951260E-01,1.005878E+04,1.688564E+04,4.881308E-01,3.242221E+04,4.881308E-01,0.000000E+00,0.000000E+00
12:10:00,2.196588E+00,3.098626E+04,2.619953E+00,3.991070E+04,6.969817E+04,2.196588E+00,1.458999E+05,2.196588E+00,0.000000E+00,0.000000E+00,2.440654E-01,3.442918E+03,4.575837E-01,6.274535E+03,9.800880E+03,2.617668E-01,1.658467E+04,2.440654E-01,0.000000E+00,0.000000E+00,4.881308E-01,6.885836E+03,7.032601E-01,1.020689E+04,1.704172E+04,4.881308E-01,3.242221E+04,4.881308E-01,0.000000E+00,0.000000E+00
12:20:00,2.196588E+00,3.072433E+04,2.648254E+00,4.048542E+04,7.032270E+04,2.196588E+00,1.458999E+05,2.196588E+00,0.000000E+00,0.000000E+00,2.440654E-01,3.413815E+03,4.527261E-01,6.249945E+03,9.778418E+03,2.605927E-01,1.655989E+04,2.440654E-01,0.000000E+00,0.000000E+00,4.881308E-01,6.827630E+03,7.114472E-01,1.035559E+04,1.720273E+04,4.881308E-01,3.242221E+04,4.881308E-01,0.000000E+00,0.000000E+00
12:30:00,2.196588E+00,3.046240E+04,2.673299E+00,4.102418E+04,7.090943E+04,2.196588E+00,1.458999E+05,2.196588E+00,0.000000E+00,0.000000E+00,2.440654E-01,3.384712E+03,4.491996E-01,6.240068E+03,9.773014E+03,2.594589E-01,1.653596E+04,2.440654E-01,0.000000E+00,0.000000E+00,4.881308E-01,6.769423E+03,7.196832E-01,1.050483E+04,1.736678E+04,4.881308E-01,3.242221E+04,4.881308E-01,0.000000E+00,0.000000E+00
12:40:00,2.196588E+00,3.020048E+04,2.695037E+00,4.152637E+04,7.145466E+04,2.196588E+00,1.458999E+05,2.196588E+00,0.000000E+00,0.000000E+00,2.440654E-01,3.355609E+03,4.468015E-01,6.242662E+03,9.780505E+03,2.583625E-01,1.651282E+04,2.440654E-01,0.000000E+00,0.000000E+00,4.881308E-01,6.711217E+03,7.280535E-01,1.065555E+04,1.753303E+04,4.881308E-01,3.242221E+04,4.881308E-01,0.000000E+00,0.000000E+00
12:50:00,2.196588E+00,2.993855E+04,2.713449E+00,4.199181E+04,7.195673E+04,2.196588E+00,1.458999E+05,2.196588E+00,0.000000E+00,0.000000E+00,2.440654E-01,3.326505E+03,4.455010E-01,6.257386E+03,9.800150E+03,2.572969E-01,1.649034E+04,2.440654E-01,0.000000E+00,0.000000E+00,4.881308E-01,6.653011E+03,7.369036E-01,1.081157E+04,1.770509E+04,4.881308E-01,3.242221E+04,4.881308E-01,0.000000E+00,0.000000E+00
13:00:00,2.196588E+00,2.967662E+04,2.728561E+00,4.242077E+04,7.241580E+04,2.196588E+00,1.458999E+05,2.196588E+00,0.000000E+00,0.000000E+00,2.440654E-01,3.297402E+03,4.451167E-01,6.282237E+03,9.829957E+03,2.562558E-01,1.646836E+04,2.440654E-01,0.000000E+00,0.000000E+00,4.881308E-01,6.594804E+03,7.469445E-01,1.098075E+04,1.789193E+04,4.881308E-01,3.242221E+04,4.881308E-01,0.000000E+00,0.000000E+00
13:10:00,2.196588E+00,2.951292E+04,2.730623E+00,4.260727E+04,7.260362E+04,2.196588E+00,1.458999E+05,2.196588E+00,0.000000E+00,0.000000E+00,2.440654E-01,3.279213E+03,4.439601E-01,6.287638E+03,9.837667E+03,2.559766E-01,1.646247E+04,2.440654E-01,0.000000E+00,0.000000E+00,4.881308E-01,6.558426E+03,7.565341E-01,1.112312E+04,1.804975E+04,4.881308E-01,3.242221E+04,4.881308E-01,0.000000E+00,0.000000E+00
13:20:00,2.196588E+00,2.934921E+04,2.728887E+00,4.275179E+04,7.274279E+04,2.196588E+00,1.458999E+05,2.196588E+00,0.000000E+00,0.000000E+00,2.440654E-01,3.261023E+03,4.427401E-01,6.292340E+03,9.843802E+03,2.557620E-01,1.645794E+04,2.440654E-01,0.000000E+00,0.000000E+00,4.881308E-01,6.522047E+03,7.684341E-01,1.129102E+04,1.823633E+04,4.881308E-01,3.242221E+04,4.881308E-01,0.000000E+00,0.000000E+00
13:30:00,2.196588E+00,2.918550E+04,2.723840E+00,4.285971E+04,7.283995E+04,2.196588E+00,1.458999E+05,2.196588E+00,0.000000E+00,0.000000E+00,2.440654E-01,3.242834E+03,4.413753E-01,6.295441E+03,9.847576E+03,2.555848E-01,1.645421E+04,2.440654E-01,0.000000E+00,0.000000E+00,4.881308E-01,6.485668E+03,7.837932E-01,1.149715E+04,1.846592E+04,4.881308E-01,3.242221E+04,4.881308E-01,0.000000E+00,0.000000E+00
13:40:00,2.196588E+00,2.902180E+04,2.715715E+00,4.293363E+04,7.289809E+04,2.196588E+00,1.458999E+05,2.196588E+00,0.000000E+00,0.000000E+00,2.440654E-01,3.224644E+03,4.397937E-01,6.296148E+03,9.848224E+03,2.554348E-01,1.645104E+04,2.440654E-01,0.000000E+00,0.000000E+00,4.881308E-01,6.449289E+03,8.036875E-01,1.175340E+04,1.875158E+04,4.881308E-01,3.242221E+04,4.881308E-01,0.000000E+00,0.000000E+00
13:50:00,2.196588E+00,2.885809E+04,2.704795E+00,4.297664E+04,7.292088E+04,2.196588E+00,1.458999E+05,2.196588E+00,0.000000E+00,0.000000E+00,2.440654E-01,3.206455E+03,4.379507E-01,6.293966E+03,9.845288E+03,2.553075E-01,1.644835E+04,2.440654E-01,0.000000E+00,0.000000E+00,4.881308E-01,6.412910E+03,8.288096E-01,1.206743E+04,1.910123E+04,4.881308E-01,3.242221E+04,4.881308E-01,0.000000E+00,0.000000E+00
14:00:00,2.196588E+00,2.869439E+04,2.690734E+00,4.298495E+04,7.290365E+04,2.196588E+00,1.458999E+05,2.196588E+00,0.000000E+00,0.000000E+00,2.440654E-01,3.188265E+03,4.355921E-01,6.286085E+03,9.835581E+03,2.552028E-01,1.644614E+04,2.440654E-01,0.000000E+00,0.000000E+00,4.881308E-01,6.376531E+03,8.598300E-01,1.244665E+04,1.952232E+04,4.881308E-01,3.242221E+04,4.881308E-01,0.000000E+00,0.000000E+00
14:10:00,2.196588E+00,2.869439E+04,2.674831E+00,4.280918E+04,7.269576E+04,2.196588E+00,1.458999E+05,2.196588E+00,0.000000E+00,0.000000E+00,2.440654E-01,3.188265E+03,4.328596E-01,6.255884E+03,9.802502E+03,2.551167E-01,1.644433E+04,2.440654E-01,0.000000E+00,0.000000E+00,4.881308E-01,6.376531E+03,8.959889E-01,1.284628E+04,1.996658E+04,4.881308E-01,3.242221E+04,4.881308E-01,0.000000E+00,0.000000E+00
14:20:00,2.196588E+00,2.869439E+04,2.657860E+00,4.262162E+04,7.247472E+04,2.196588E+00,1.458999E+05,2.196588E+00,0.000000E+00,0.000000E+00,2.440654E-01,3.188265E+03,4.298626E-01,6.222759E+03,9.766075E+03,2.550455E-01,1.644282E+04,2.440654E-01,0.000000E+00,0.000000E+00,4.881308E-01,6.376531E+03,9.361922E-01,1.329060E+04,2.045642E+04,4.881308E-01,3.242221E+04,4.881308E-01,0.000000E+00,0.000000E+00
14:30:00,2.196588E+00,2.869439E+04,2.640041E+00,4.242468E+04,7.224310E+04,2.196588E+00,1.458999E+05,2.196588E+00,0.000000E+00,0.000000E+00,2.440654E-01,3.188265E+03,4.266128E-01,6.186842E+03,9.726403E+03,2.549864E-01,1.644158E+04,2.440654E-01,0.000000E+00,0.000000E+00,4.881308E-01,6.376531E+03,9.791132E-01,1.376496E+04,2.097486E+04,4.881308E-01,3.242221E+04,4.881308E-01,0.000000E+00,0.000000E+00
14:40:00,2.196588E+00,2.869439E+04,2.621508E+00,4.221984E+04,7.200246E+04,2.196588E+00,1.458999E+05,2.196588E+00,0.000000E+00,0.000000E+00,2.440654E-01,3.188265E+03,4.231213E-01,6.148252E+03,9.683594E+03,2.549373E-01,1.644054E+04,2.440654E-01,0.000000E+00,0.000000E+00,4.881308E-01,6.376531E+03,1.023123E+00,1.425136E+04,2.150183E+04,4.881308E-01,3.242221E+04,4.881308E-01,0.000000E+00,0.000000E+00
14:50:00,2.196588E+00,2.869439E+04,2.602307E+00,4.200762E+04,7.175332E+04,2.196588E+00,1.458999E+05,2.196588E+00,0.000000E+00,0.000000E+00,2.440654E-01,3.188265E+03,4.193923E-01,6.107039E+03,9.637701E+03,2.548965E-01,1.643968E+04,2.440654E-01,0.000000E+00,0.000000E+00,4.881308E-01,6.376531E+03,1.066513E+00,1.473090E+04,2.201689E+04,4.881308E-01,3.242221E+04,4.881308E-01,0.000000E+00,0.000000E+00
15:00:00,2.196588E+00,2.869439E+04,2.583069E+00,4.179500E+04,7.150387E+04,2.196588E+00,1.458999E+05,2.196588E+00,0.000000E+00,0.000000E+00,2.440654E-01,3.188265E+03,4.156552E-01,6.065735E+03,9.591690E+03,2.548596E-01,1.643890E+04,2.440654E-01,0.000000E+00,0.000000E+00,4.881308E-01,6.376531E+03,1.107167E+00,1.518021E+04,2.249511E+04,4.881308E-01,3.242221E+04,4.881308E-01,0.000000E+00,0.000000E+00
15:10:00,2.196588E+00,2.889084E+04,2.562416E+00,4.137028E+04,7.103478E+04,2.196588E+00,1.458999E+05,2.196588E+00,0.000000E+00,0.000000E+00,2.440654E-01,3.210093E+03,4.116967E-01,6.000157E+03,9.520526E+03,2.548263E-01,1.643820E+04,2.440654E-01,0.000000E+00,0.000000E+00,4.881308E-01,6.420186E+03,1.144011E+00,1.554376E+04,2.288031E+04,4.881308E-01,3.242221E+04,4.881308E-01,0.000000E+00,0.000000E+00
15:20:00,2.196588E+00,2.908728E+04,2.539762E+00,4.092346E+04,7.053950E+04,2.196588E+00,1.458999E+05,2.196588E+00,0.000000E+00,0.000000E+00,2.440654E-01,3.231920E+03,4.074006E-01,5.930848E+03,9.445066E+03,2.547967E-01,1.643757E+04,2.440654E-01,0.000000E+00,0.000000E+00,4.881308E-01,6.463840E+03,1.176263E+00,1.585657E+04,2.320908E+04,4.881308E-01,3.242221E+04,4.881308E-01,0.000000E+00,0.000000E+00
15:30:00,2.196588E+00,2.928373E+04,2.514945E+00,4.045272E+04,7.001576E+04,2.196588E+00,1.458999E+05,2.196588E+00,0.000000E+00,0.000000E+00,2.440654E-01,3.253748E+03,4.027426E-01,5.857540E+03,9.365009E+03,2.547703E-01,1.643702E+04,2.440654E-01,0.000000E+00,0.000000E+00,4.881308E-01,6.507495E+03,1.203472E+00,1.611364E+04,2.347723E+04,4.881308E-01,3.242221E+04,4.881308E-01,0.000000E+00,0.000000E+00
15:40:00,2.196588E+00,2.948017E+04,2.487836E+00,3.995666E+04,6.946175E+04,2.196588E+00,1.458999E+05,2.196588E+00,0.000000E+00,0.000000E+00,2.440654E-01,3.275575E+03,3.977010E-01,5.779992E+03,9.280065E+03,2.547469E-01,1.643652E+04,2.440654E-01,0.000000E+00,0.000000E+00,4.881308E-01,6.551150E+03,1.225517E+00,1.631364E+04,2.368422E+04,4.881308E-01,3.242221E+04,4.881308E-01,0.000000E+00,0.000000E+00
15:50:00,2.196588E+00,2.967662E+04,2.458435E+00,3.943526E+04,6.887721E+04,2.196588E+00,1.458999E+05,2.196588E+00,0.000000E+00,0.000000E+00,2.440654E-01,3.297402E+03,3.922691E-01,5.698129E+03,9.190108E+03,2.547260E-01,1.643608E+04,2.440654E-01,0.000000E+00,0.000000E+00,4.881308E-01,6.594804E+03,1.242544E+00,1.645819E+04,2.383236E+04,4.881308E-01,3.242221E+04,4.881308E-01,0.000000E+00,0.000000E+00
16:00:00,2.196588E+00,2.987307E+04,2.426550E+00,3.888641E+04,6.825939E+04,2.196588E+00,1.458999E+05,2.196588E+00,0.000000E+00,0.000000E+00,2.440654E-01,3.319230E+03,3.864258E-01,5.611721E+03,9.094827E+03,2.547074E-01,1.643569E+04,2.440654E-01,0.000000E+00,0.000000E+00,4.881308E-01,6.638459E+03,1.254827E+00,1.655030E+04,2.392525E+04,4.881308E-01,3.242221E+04,4.881308E-01,0.000000E+00,0.000000E+00
16:10:00,2.196588E+00,3.013499E+04,2.395710E+00,3.828362E+04,6.758758E+04,2.196588E+00,1.458999E+05,2.196588E+00,0.000000E+00,0.000000E+00,2.440654E-01,3.348333E+03,3.803324E-01,5.515272E+03,8.988846E+03,2.543219E-01,1.642755E+04,2.440654E-01,0.000000E+00,0.000000E+00,4.881308E-01,6.696665E+03,1.263976E+00,1.659323E+04,2.396787E+04,4.881308E-01,3.242221E+04,4.881308E-01,0.000000E+00,0.000000E+00
16:20:00,2.196588E+00,3.039692E+04,2.362338E+00,3.765285E+04,6.688291E+04,2.196588E+00,1.458999E+05,2.196588E+00,0.000000E+00,0.000000E+00,2.440654E-01,3.377436E+03,3.737066E-01,5.412940E+03,8.877113E+03,2.539184E-01,1.641904E+04,2.440654E-01,0.000000E+00,0.000000E+00,4.881308E-01,6.754872E+03,1.269250E+00,1.659333E+04,2.397219E+04,4.881308E-01,3.242221E+04,4.881308E-01,0.000000E+00,0.000000E+00
16:30:00,2.196588E+00,3.065885E+04,2.326752E+00,3.699761E+04,6.614780E+04,2.196588E+00,1.458999E+05,2.196588E+00,0.000000E+00,0.000000E+00,2.440654E-01,3.406539E+03,3.666646E-01,5.306006E+03,8.760351E+03,2.535070E-01,1.641035E+04,2.440654E-01,0.000000E+00,0.000000E+00,4.881308E-01,6.813078E+03,1.270791E+00,1.655217E+04,2.393585E+04,4.881308E-01,3.242221E+04,4.881308E-01,0.000000E+00,0.000000E+00
16:40:00,2.196588E+00,3.092078E+04,2.289462E+00,3.632353E+04,6.538775E+04,2.196588E+00,1.458999E+05,2.196588E+00,0.000000E+00,0.000000E+00,2.440654E-01,3.435642E+03,3.592692E-01,5.195167E+03,8.638652E+03,2.530878E-01,1.640151E+04,2.440654E-01,0.000000E+00,0.000000E+00,4.881308E-01,6.871284E+03,1.268828E+00,1.647228E+04,2.385799E+04,4.881308E-01,3.242221E+04,4.881308E-01,0.000000E+00,0.000000E+00
16:50:00,2.196588E+00,3.118271E+04,2.251295E+00,3.563976E+04,6.461318E+04,2.196588E+00,1.458999E+05,2.196588E+00,0.000000E+00,0.000000E+00,2.440654E-01,3.464745E+03,3.516193E-01,5.081515E+03,8.512996E+03,2.526620E-01,1.639252E+04,2.440654E-01,0.000000E+00,0.000000E+00,4.881308E-01,6.929491E+03,1.263600E+00,1.635630E+04,2.374023E+04,4.881308E-01,3.242221E+04,4.881308E-01,0.000000E+00,0.000000E+00
17:00:00,2.196588E+00,3.144464E+04,2.212799E+00,3.495235E+04,6.383131E+04,2.196588E+00,1.458999E+05,2.196588E+00,0.000000E+00,0.000000E+00,2.440654E-01,3.493848E+03,3.437865E-01,4.965841E+03,8.384255E+03,2.522305E-01,1.638342E+04,2.440654E-01,0.000000E+00,0.000000E+00,4.881308E-01,6.987697E+03,1.255127E+00,1.620446E+04,2.358287E+04,4.881308E-01,3.242221E+04,4.881308E-01,0.000000E+00,0.000000E+00
17:10:00,2.196588E+00,3.177205E+04,2.196588E+00,3.444577E+04,6.327864E+04,2.196588E+00,1.458999E+05,2.196588E+00,0.000000E+00,0.000000E+00,2.440654E-01,3.530227E+03,3.351769E-01,4.834306E+03,8.237128E+03,2.525238E-01,1.638961E+04,2.440654E-01,0.000000E+00,0.000000E+00,4.881308E-01,7.060455E+03,1.241010E+00,1.597567E+04,2.334190E+04,4.881308E-01,3.242221E+04,4.881308E-01,0.000000E+00,0.000000E+00
17:20:00,2.196588E+00,3.209946E+04,2.196588E+00,3.411836E+04,6.294304E+04,2.196588E+00,1.458999E+05,2.196588E+00,0.000000E+00,0.000000E+00,2.440654E-01,3.566606E+03,3.265808E-01,4.702920E+03,8.088849E+03,2.528534E-01,1.639656E+04,2.440654E-01,0.000000E+00,0.000000E+00,4.881308E-01,7.133213E+03,1.223179E+00,1.570584E+04,2.305038E+04,4.881308E-01,3.242221E+04,4.881308E-01,0.000000E+00,0.000000E+00
17:30:00,2.196588E+00,3.242687E+04,2.196588E+00,3.379095E+04,6.260743E+04,2.196588E+00,1.458999E+05,2.196588E+00,0.000000E+00,0.000000E+00,2.440654E-01,3.602985E+03,3.179251E-01,4.570875E+03,7.938987E+03,2.532006E-01,1.640389E+04,2.440654E-01,0.000000E+00,0.000000E+00,4.881308E-01,7.205970E+03,1.201558E+00,1.539413E+04,2.271172E+04,4.881308E-01,3.242221E+04,4.881308E-01,0.000000E+00,0.000000E+00
17:40:00,2.196588E+00,3.275428E+04,2.196588E+00,3.346354E+04,6.227184E+04,2.196588E+00,1.458999E+05,2.196588E+00,0.000000E+00,0.000000E+00,2.440654E-01,3.639364E+03,3.092003E-01,4.438067E+03,7.787771E+03,2.535642E-01,1.641156E+04,2.440654E-01,0.000000E+00,0.000000E+00,4.881308E-01,7.278728E+03,1.175932E+00,1.503816E+04,2.232662E+04,4.881308E-01,3.242221E+04,4.881308E-01,0.000000E+00,0.000000E+00
17:50:00,2.196588E+00,3.308169E+04,2.196588E+00,3.313613E+04,6.193623E+04,2.196588E+00,1.458999E+05,2.196588E+00,0.000000E+00,0.000000E+00,2.440654E-01,3.675743E+03,3.003688E-01,4.304079E+03,7.634745E+03,2.539418E-01,1.641953E+04,2.440654E-01,0.000000E+00,0.000000E+00,4.881308E-01,7.351486E+03,1.146030E+00,1.463492E+04,2.189245E+04,4.881308E-01,3.242221E+04,4.881308E-01,0.000000E+00,0.000000E+00
18:00:00,2.196588E+00,3.340910E+04,2.196588E+00,3.280872E+04,6.160063E+04,2.196588E+00,1.458999E+05,2.196588E+00,0.000000E+00,0.000000E+00,2.440654E-01,3.712122E+03,2.914541E-01,4.169172E+03,7.480133E+03,2.543314E-01,1.642775E+04,2.440654E-01,0.000000E+00,0.000000E+00,4.881308E-01,7.424244E+03,1.111818E+00,1.418406E+04,2.140808E+04,4.881308E-01,3.242221E+04,4.881308E-01,0.000000E+00,0.000000E+00
18:10:00,2.196588E+00,3.390021E+04,2.196588E+00,3.231761E+04,6.109721E+04,2.196588E+00,1.458999E+05,2.196588E+00,0.000000E+00,0.000000E+00,2.440654E-01,3.766690E+03,2.819317E-01,4.009359E+03,7.298121E+03,2.551120E-01,1.644423E+04,2.440654E-01,0.000000E+00,0.000000E+00,4.881308E-01,7.533381E+03,1.072046E+00,1.363535E+04,2.081973E+04,4.881308E-01,3.242221E+04,4.881308E-01,0.000000E+00,0.000000E+00
18:20:00,2.196588E+00,3.439133E+04,2.196588E+00,3.182649E+04,6.059380E+04,2.196588E+00,1.458999E+05,2.196588E+00,0.000000E+00,0.000000E+00,2.440654E-01,3.821259E+03,2.719995E-01,3.845017E+03,7.109387E+03,2.559275E-01,1.646143E+04,2.440654E-01,0.000000E+00,0.000000E+00,4.881308E-01,7.642518E+03,1.026687E+00,1.302490E+04,2.015409E+04,4.881308E-01,3.242221E+04,4.881308E-01,0.000000E+00,0.000000E+00
18:30:00,2.196588E+00,3.488244E+04,2.196588E+00,3.133538E+04,6.009037E+04,2.196588E+00,1.458999E+05,2.196588E+00,0.000000E+00,0.000000E+00,2.440654E-01,3.875827E+03,2.618491E-01,3.678262E+03,6.917029E+03,2.567616E-01,1.647904E+04,2.440654E-01,0.000000E+00,0.000000E+00,4.881308E-01,7.751654E+03,9.765337E-01,1.236146E+04,1.942750E+04,4.881308E-01,3.242221E+04,4.881308E-01,0.000000E+00,0.000000E+00
18:40:00,2.196588E+00,3.537356E+04,2.196588E+00,3.084426E+04,5.958699E+04,2.196588E+00,1.458999E+05,2.196588E+00,0.000000E+00,0.000000E+00,2.440654E-01,3.930396E+03,2.515393E-01,3.509745E+03,6.722007E+03,2.576123E-01,1.649699E+04,2.440654E-01,0.000000E+00,0.000000E+00,4.881308E-01,7.860791E+03,9.217579E-01,1.164693E+04,1.864570E+04,4.881308E-01,3.242221E+04,4.881308E-01,0.000000E+00,0.000000E+00
18:50:00,2.196588E+00,3.586468E+04,2.196588E+00,3.035315E+04,5.908357E+04,2.196588E+00,1.458999E+05,2.196588E+00,0.000000E+00,0.000000E+00,2.440654E-01,3.984964E+03,2.440654E-01,3.372572E+03,6.564842E+03,2.584720E-01,1.651513E+04,2.440654E-01,0.000000E+00,0.000000E+00,4.881308E-01,7.969928E+03,8.621680E-01,1.087920E+04,1.780561E+04,4.881308E-01,3.242221E+04,4.881308E-01,0.000000E+00,0.000000E+00
19:00:00,2.196588E+00,3.635579E+04,2.196588E+00,2.986203E+04,5.858015E+04,2.196588E+00,1.458999E+05,2.196588E+00,0.000000E+00,0.000000E+00,2.440654E-01,4.039532E+03,2.440654E-01,3.318003E+03,6.508905E+03,2.593396E-01,1.653344E+04,2.440654E-01,0.000000E+00,0.000000E+00,4.881308E-01,8.079065E+03,7.973808E-01,1.005401E+04,1.689983E+04,4.881308E-01,3.242221E+04,4.881308E-01,0.000000E+00,0.000000E+00
19:10:00,2.196588E+00,3.671594E+04,2.196588E+00,2.950188E+04,5.821099E+04,2.196588E+00,1.458999E+05,2.196588E+00,0.000000E+00,0.000000E+00,2.440654E-01,4.079549E+03,2.440654E-01,3.277987E+03,6.467888E+03,2.621689E-01,1.659315E+04,2.440654E-01,0.000000E+00,0.000000E+00,4.881308E-01,8.159098E+03,7.176109E-01,9.092325E+03,1.583139E+04,4.881308E-01,3.242221E+04,4.881308E-01,0.000000E+00,0.000000E+00
19:20:00,2.196588E+00,3.707609E+04,2.196588E+00,2.914173E+04,5.784180E+04,2.196588E+00,1.458999E+05,2.196588E+00,0.000000E+00,0.000000E+00,2.440654E-01,4.119566E+03,2.440654E-01,3.237970E+03,6.426866E+03,2.654266E-01,1.666190E+04,2.440654E-01,0.000000E+00,0.000000E+00,4.881308E-01,8.239132E+03,6.316691E-01,8.062420E+03,1.467560E+04,4.881308E-01,3.242221E+04,4.881308E-01,0.000000E+00,0.000000E+00
19:30:00,2.196588E+00,3.743625E+04,2.196588E+00,2.878158E+04,5.747264E+04,2.196588E+00,1.458999E+05,2.196588E+00,0.000000E+00,0.000000E+00,2.440654E-01,4.159583E+03,2.440654E-01,3.197953E+03,6.385849E+03,2.688842E-01,1.673487E+04,2.440654E-01,0.000000E+00,0.000000E+00,4.881308E-01,8.319166E+03,5.422351E-01,6.993907E+03,1.346341E+04,4.881308E-01,3.242221E+04,4.881308E-01,0.000000E+00,0.000000E+00
19:40:00,2.196588E+00,3.779640E+04,2.196588E+00,2.842142E+04,5.710349E+04,2.196588E+00,1.458999E+05,2.196588E+00,0.000000E+00,0.000000E+00,2.440654E-01,4.199600E+03,2.440654E-01,3.157936E+03,6.344832E+03,2.725153E-01,1.681150E+04,2.440654E-01,0.000000E+00,0.000000E+00,4.881308E-01,8.399199E+03,4.881308E-01,6.315872E+03,1.268966E+04,4.881308E-01,3.242221E+04,4.881308E-01,0.000000E+00,0.000000E+00
19:50:00,2.196588E+00,3.815655E+04,2.196588E+00,2.806127E+04,5.673433E+04,2.196588E+00,1.458999E+05,2.196588E+00,0.000000E+00,0.000000E+00,2.440654E-01,4.239616E+03,2.440654E-01,3.117919E+03,6.303814E+03,2.762879E-01,1.689112E+04,2.440654E-01,0.000000E+00,0.000000E+00,4.881308E-01,8.479233E+03,4.881308E-01,6.235838E+03,1.260763E+04,4.881308E-01,3.242221E+04,4.881308E-01,0.000000E+00,0.000000E+00
20:00:00,2.196588E+00,3.851670E+04,2.196588E+00,2.770112E+04,5.636514E+04,2.196588E+00,1.458999E+05,2.196588E+00,0.000000E+00,0.000000E+00,2.440654E-01,4.279633E+03,2.440654E-01,3.077902E+03,6.262793E+03,2.801681E-01,1.697300E+04,2.440654E-01,0.000000E+00,0.000000E+00,4.881308E-01,8.559267E+03,4.881308E-01,6.155805E+03,1.252559E+04,4.881308E-01,3.242221E+04,4.881308E-01,0.000000E+00,0.000000E+00
20:10:00,2.196588E+00,3.881137E+04,2.196588E+00,2.740645E+04,5.606309E+04,2.196588E+00,1.458999E+05,2.196588E+00,0.000000E+00,0.000000E+00,2.440654E-01,4.312374E+03,2.440654E-01,3.045161E+03,6.229232E+03,2.820929E-01,1.701362E+04,2.440654E-01,0.000000E+00,0.000000E+00,4.881308E-01,8.624749E+03,4.881308E-01,6.090323E+03,1.245846E+04,4.881308E-01,3.242221E+04,4.881308E-01,0.000000E+00,0.000000E+00
20:20:00,2.196588E+00,3.910604E+04,2.196588E+00,2.711178E+04,5.576105E+04,2.196588E+00,1.458999E+05,2.196588E+00,0.000000E+00,0.000000E+00,2.440654E-01,4.345115E+03,2.440654E-01,3.012420E+03,6.195672E+03,2.837517E-01,1.704863E+04,2.440654E-01,0.000000E+00,0.000000E+00,4.881308E-01,8.690231E+03,4.881308E-01,6.024841E+03,1.239134E+04,4.881308E-01,3.242221E+04,4.881308E-01,0.000000E+00,0.000000E+00
20:30:00,2.196588E+00,3.940071E+04,2.196588E+00,2.681711E+04,5.545900E+04,2.196588E+00,1.458999E+05,2.196588E+00,0.000000E+00,0.000000E+00,2.440654E-01,4.377856E+03,2.440654E-01,2.979679E+03,6.162111E+03,2.853142E-01,1.708161E+04,2.440654E-01,0.000000E+00,0.000000E+00,4.881308E-01,8.755713E+03,4.881308E-01,5.959359E+03,1.232422E+04,4.881308E-01,3.242221E+04,4.881308E-01,0.000000E+00,0.000000E+00
20:40:00,2.196588E+00,3.969538E+04,2.196588E+00,2.652244E+04,5.515696E+04,2.196588E+00,1.458999E+05,2.196588E+00,0.000000E+00,0.000000E+00,2.440654E-01,4.410597E+03,2.440654E-01,2.946938E+03,6.128551E+03,2.867885E-01,1.711272E+04,2.440654E-01,0.000000E+00,0.000000E+00,4.881308E-01,8.821195E+03,4.881308E-01,5.893877E+03,1.225710E+04,4.881308E-01,3.242221E+04,4.881308E-01,0.000000E+00,0.000000E+00
20:50:00,2.196588E+00,3.999005E+04,2.196588E+00,2.622778E+04,5.485491E+04,2.196588E+00,1.458999E+05,2.196588E+00,0.000000E+00,0.000000E+00,2.440654E-01,4.443338E+03,2.440654E-01,2.914197E+03,6.094990E+03,2.881935E-01,1.714237E+04,2.440654E-01,0.000000E+00,0.000000E+00,4.881308E-01,8.886677E+03,4.881308E-01,5.828395E+03,1.218998E+04,4.881308E-01,3.242221E+04,4.881308E-01,0.000000E+00,0.000000E+00
21:00:00,2.196588E+00,4.028472E+04,2.196588E+00,2.593311E+04,5.455287E+04,2.196588E+00,1.458999E+05,2.196588E+00,0.000000E+00,0.000000E+00,2.440654E-01,4.476079E+03,2.440654E-01,2.881456E+03,6.061430E+03,2.895487E-01,1.717097E+04,2.440654E-01,0.000000E+00,0.000000E+00,4.881308E-01,8.952159E+03,4.881308E-01,5.762912E+03,1.212286E+04,4.881308E-01,3.242221E+04,4.881308E-01,0.000000E+00,0.000000E+00
21:10:00,2.196588E+00,4.057938E+04,2.196588E+00,2.563844E+04,5.425082E+04,2.196588E+00,1.458999E+05,2.196588E+00,0.000000E+00,0.000000E+00,2.440654E-01,4.508820E+03,2.440654E-01,2.848715E+03,6.027869E+03,2.440654E-01,1.621110E+04,2.440654E-01,0.000000E+00,0.000000E+00,4.881308E-01,9.017641E+03,4.881308E-01,5.697430E+03,1.205574E+04,4.881308E-01,3.242221E+04,4.881308E-01,0.000000E+00,0.000000E+00
21:20:00,2.196588E+00,4.087405E+04,2.196588E+00,2.534377E+04,5.394878E+04,2.196588E+00,1.458999E+05,2.196588E+00,0.000000E+00,0.000000E+00,2.440654E-01,4.541562E+03,2.440654E-01,2.815974E+03,5.994309E+03,2.440654E-01,1.621110E+04,2.440654E-01,0.000000E+00,0.000000E+00,4.881308E-01,9.083123E+03,4.881308E-01,5.631948E+03,1.198862E+04,4.881308E-01,3.242221E+04,4.881308E-01,0.000000E+00,0.000000E+00
21:30:00,2.196588E+00,4.116872E+04,2.196588E+00,2.504910E+04,5.364674E+04,2.196588E+00,1.458999E+05,2.196588E+00,0.000000E+00,0.000000E+00,2.440654E-01,4.574303E+03,2.440654E-01,2.783233E+03,5.960749E+03,2.440654E-01,1.621110E+04,2.440654E-01,0.000000E+00,0.000000E+00,4.881308E-01,9.148605E+03,4.881308E-01,5.566466E+03,1.192150E+04,4.881308E-01,3.242221E+04,4.881308E-01,0.000000E+00,0.000000E+00
21:40:00,2.196588E+00,4.146339E+04,2.196588E+00,2.475443E+04,5.334469E+04,2.196588E+00,1.458999E+05,2.196588E+00,0.000000E+00,0.000000E+00,2.440654E-01,4.607044E+03,2.440654E-01,2.750492E+03,5.927188E+03,2.440654E-01,1.621110E+04,2.440654E-01,0.000000E+00,0.000000E+00,4.881308E-01,9.214087E+03,4.881308E-01,5.500984E+03,1.185438E+04,4.881308E-01,3.242221E+04,4.881308E-01,0.000000E+00,0.000000E+00
21:50:00,2.196588E+00,4.175806E+04,2.196588E+00,2.445976E+04,5.304264E+04,2.196588E+00,1.458999E+05,2.196588E+00,0.000000E+00,0.000000E+00,2.440654E-01,4.639785E+03,2.440654E-01,2.717751E+03,5.893627E+03,2.440654E-01,1.621110E+04,2.440654E-01,0.000000E+00,0.000000E+00,4.881308E-01,9.279569E+03,4.881308E-01,5.435502E+03,1.178725E+04,4.881308E-01,3.242221E+04,4.881308E-01,0.000000E+00,0.000000E+00
22:00:00,2.196588E+00,4.205273E+04,2.196588E+00,2.416509E+04,5.274060E+04,2.196588E+00,1.458999E+05,2.196588E+00,0.000000E+00,0.000000E+00,2.440654E-01,4.672526E+03,2.440654E-01,2.685010E+03,5.860067E+03,2.440654E-01,1.621110E+04,2.440654E-01,0.000000E+00,0.000000E+00,4.881308E-01,9.345051E+03,4.881308E-01,5.370020E+03,1.172013E+04,4.881308E-01,3.242221E+04,4.881308E-01,0.000000E+00,0.000000E+00
22:10:00,2.196588E+00,4.228192E+04,2.196588E+00,2.393590E+04,5.250567E+04,2.196588E+00,1.458999E+05,2.196588E+00,0.000000E+00,0.000000E+00,2.440654E-01,4.697991E+03,2.440654E-01,2.659545E+03,5.833963E+03,2.440654E-01,1.621110E+04,2.440654E-01,0.000000E+00,0.000000E+00,4.881308E-01,9.395982E+03,4.881308E-01,5.319090E+03,1.166793E+04,4.881308E-01,3.242221E+04,4.881308E-01,0.000000E+00,0.000000E+00
22:20:00,2.196588E+00,4.251111E+04,2.196588E+00,2.370672E+04,5.227074E+04,2.196588E+00,1.458999E+05,2.196588E+00,0.000000E+00,0.000000E+00,2.440654E-01,4.723456E+03,2.440654E-01,2.634080E+03,5.807860E+03,2.440654E-01,1.621110E+04,2.440654E-01,0.000000E+00,0.000000E+00,4.881308E-01,9.446912E+03,4.881308E-01,5.268159E+03,1.161572E+04,4.881308E-01,3.242221E+04,4.881308E-01,0.000000E+00,0.000000E+00
22:30:00,2.196588E+00,4.274029E+04,2.196588E+00,2.347753E+04,5.203581E+04,2.196588E+00,1.458999E+05,2.196588E+00,0.000000E+00,0.000000E+00,2.440654E-01,4.748921E+03,2.440654E-01,2.608614E+03,5.781757E+03,2.440654E-01,1.621110E+04,2.440654E-01,0.000000E+00,0.000000E+00,4.881308E-01,9.497843E+03,4.881308E-01,5.217229E+03,1.156351E+04,4.881308E-01,3.242221E+04,4.881308E-01,0.000000E+00,0.000000E+00
22:40:00,2.196588E+00,4.296948E+04,2.196588E+00,2.324834E+04,5.180087E+04,2.196588E+00,1.458999E+05,2.196588E+00,0.000000E+00,0.000000E+00,2.440654E-01,4.774387E+03,2.440654E-01,2.583149E+03,5.755653E+03,2.440654E-01,1.621110E+04,2.440654E-01,0.000000E+00,0.000000E+00,4.881308E-01,9.548773E+03,4.881308E-01,5.166298E+03,1.151131E+04,4.881308E-01,3.242221E+04,4.881308E-01,0.000000E+00,0.000000E+00
22:50:00,2.196588E+00,4.319867E+04,2.196588E+00,2.301915E+04,5.156598E+04,2.196588E+00,1.458999E+05,2.196588E+00,0.000000E+00,0.000000E+00,2.440654E-01,4.799852E+03,2.440654E-01,2.557684E+03,5.729554E+03,2.440654E-01,1.621110E+04,2.440654E-01,0.000000E+00,0.000000E+00,4.881308E-01,9.599704E+03,4.881308E-01,5.115368E+03,1.145911E+04,4.881308E-01,3.242221E+04,4.881308E-01,0.000000E+00,0.000000E+00
23:00:00,2.196588E+00,4.342785E+04,2.196588E+00,2.278997E+04,5.133105E+04,2.196588E+00,1.458999E+05,2.196588E+00,0.000000E+00,0.000000E+00,2.440654E-01,4.825317E+03,2.440654E-01,2.532219E+03,5.703450E+03,2.440654E-01,1.621110E+04,2.440654E-01,0.000000E+00,0.000000E+00,4.881308E-01,9.650634E+03,4.881308E-01,5.064437E+03,1.140690E+04,4.881308E-01,3.242221E+04,4.881308E-01,0.000000E+00,0.000000E+00
23:10:00,2.196588E+00,4.365704E+04,2.196588E+00,2.256078E+04,5.109612E+04,2.196588E+00,1.458999E+05,2.196588E+00,0.000000E+00,0.000000E+00,2.440654E-01,4.850782E+03,2.440654E-01,2.506753E+03,5.677346E+03,2.440654E-01,1.621110E+04,2.440654E-01,0.000000E+00,0.000000E+00,4.881308E-01,9.701565E+03,4.881308E-01,5.013507E+03,1.135469E+04,4.881308E-01,3.242221E+04,4.881308E-01,0.000000E+00,0.000000E+00
23:20:00,2.196588E+00,4.388623E+04,2.196588E+00,2.233159E+04,5.086119E+04,2.196588E+00,1.458999E+05,2.196588E+00,0.000000E+00,0.000000E+00,2.440654E-01,4.876248E+03,2.440654E-01,2.481288E+03,5.651243E+03,2.440654E-01,1.621110E+04,2.440654E-01,0.000000E+00,0.000000E+00,4.881308E-01,9.752495E+03,4.881308E-01,4.962576E+03,1.130249E+04,4.881308E-01,3.242221E+04,4.881308E-01,0.000000E+00,0.000000E+00
23:30:00,2.196588E+00,4.411542E+04,2.196588E+00,2.210241E+04,5.062626E+04,2.196588E+00,1.458999E+05,2.196588E+00,0.000000E+00,0.000000E+00,2.440654E-01,4.901713E+03,2.440654E-01,2.455823E+03,5.625140E+03,2.440654E-01,1.621110E+04,2.440654E-01,0.000000E+00,0.000000E+00,4.881308E-01,9.803426E+03,4.881308E-01,4.911646E+03,1.125028E+04,4.881308E-01,3.242221E+04,4.881308E-01,0.000000E+00,0.000000E+00
23:40:00,2.196588E+00,4.434460E+04,2.196588E+00,2.187322E+04,5.039133E+04,2.196588E+00,1.458999E+05,2.196588E+00,0.000000E+00,0.000000E+00,2.440654E-01,4.927178E+03,2.440654E-01,2.430358E+03,5.599037E+03,2.440654E-01,1.621110E+04,2.440654E-01,0.000000E+00,0.000000E+00,4.881308E-01,9.854356E+03,4.881308E-01,4.860715E+03,1.119807E+04,4.881308E-01,3.242221E+04,4.881308E-01,0.000000E+00,0.000000E+00
23:50:00,2.196588E+00,4.457379E+04,2.196588E+00,2.164403E+04,5.015643E+04,2.196588E+00,1.458999E+05,2.196588E+00,0.000000E+00,0.000000E+00,2.440654E-01,4.952643E+03,2.440654E-01,2.404892E+03,5.572936E+03,2.440654E-01,1.621110E+04,2.440654E-01,0.000000E+00,0.000000E+00,4.881308E-01,9.905287E+03,4.881308E-01,4.809785E+03,1.114587E+04,4.881308E-01,3.242221E+04,4.881308E-01,0.000000E+00,0.000000E+00
24:00:00,2.196588E+00,4.480298E+04,2.196588E+00,2.141484E+04,4.992150E+04,2.196588E+00,1.458999E+05,2.196588E+00,0.000000E+00,0.000000E+00,2.440654E-01,4.978109E+03,2.440654E-01,2.379427E+03,5.546833E+03,2.440654E-01,1.621110E+04,2.440654E-01,0.000000E+00,0.000000E+00,4.881308E-01,9.956217E+03,4.881308E-01,4.758854E+03,1.109367E+04,4.881308E-01,3.242221E+04,4.881308E-01,0.000000E+00,0.000000E+00
Coinc Peak   ,2.294563E+00,2.730623E+00,1.462142E+05,4.260727E+04,3.994269E-01,1.279629E+00,1.951447E+04,1.409910E+04,6.078300E-01,1.270791E+00,3.485584E+04,1.655217E+04
NonCoinc Peak,2.210687E+00,2.730623E+00,1.462142E+05,4.260727E+04,3.994269E-01,1.279629E+00,1.951447E+04,1.409910E+04,6.004782E-01,1.270791E+00,3.485584E+04,1.655217E+04
