Time,SYS_3_PSZ ALL_ST=OFFICE ENCLOSED <= 25 M2_FL=BUILDING STORY 1_SCH=A:DesPer 1:Des Heat Mass Flow [kg/s],SYS_3_PSZ ALL_ST=OFFICE ENCLOSED <= 25 M2_FL=BUILDING STORY 1_SCH=A:DesPer 1:Des Heat Cap [W],SYS_3_PSZ ALL_ST=OFFICE ENCLOSED <= 25 M2_FL=BUILDING STORY 1_SCH=A:DesPer 1:Des Cool Mass Flow [kg/s],SYS_3_PSZ ALL_ST=OFFICE ENCLOSED <= 25 M2_FL=BUILDING STORY 1_SCH=A:DesPer 1:Des Sens Cool Cap [W],SYS_3_PSZ ALL_ST=OFFICE ENCLOSED <= 25 M2_FL=BUILDING STORY 1_SCH=A:DesPer 1:Des Tot Cool Cap [W],SYS_3_PSZ ALL_ST=OFFICE ENCLOSED <= 25 M2_FL=BUILDING STORY 1_SCH=A:DesPer 2:Des Heat Mass Flow [kg/s],SYS_3_PSZ ALL_ST=OFFICE ENCLOSED <= 25 M2_FL=BUILDING STORY 1_SCH=A:DesPer 2:Des Heat Cap [W],SYS_3_PSZ ALL_ST=OFFICE ENCLOSED <= 25 M2_FL=BUILDING STORY 1_SCH=A:DesPer 2:Des Cool Mass Flow [kg/s],SYS_3_PSZ ALL_ST=OFFICE ENCLOSED <= 25 M2_FL=BUILDING STORY 1_SCH=A:DesPer 2:Des Sens Cool Cap [W],SYS_3_PSZ ALL_ST=OFFICE ENCLOSED <= 25 M2_FL=BUILDING STORY 1_SCH=A:DesPer 2:Des Tot Cool Cap [W],SYS_4_PSZ_ALL_ST=WAREHOUSE STORAGE AREA MEDIUM TO BULKY PALLETIZED ITEMS_FL=BUILDING STORY 1_SCH=A:DesPer 1:Des Heat Mass Flow [kg/s],SYS_4_PSZ_ALL_ST=WAREHOUSE STORAGE AREA MEDIUM TO BULKY PALLETIZED ITEMS_FL=BUILDING STORY 1_SCH=A:DesPer 1:Des Heat Cap [W],SYS_4_PSZ_ALL_ST=WAREHOUSE STORAGE AREA MEDIUM TO BULKY PALLETIZED ITEMS_FL=BUILDING STORY 1_SCH=A:DesPer 1:Des Cool Mass Flow [kg/s],SYS_4_PSZ_ALL_ST=WAREHOUSE STORAGE AREA MEDIUM TO BULKY PALLETIZED ITEMS_FL=BUILDING STORY 1_SCH=A:DesPer 1:Des Sens Cool Cap [W],SYS_4_PSZ_ALL_ST=WAREHOUSE STORAGE AREA MEDIUM TO BULKY PALLETIZED ITEMS_FL=BUILDING STORY 1_SCH=A:DesPer 1:Des Tot Cool Cap [W],SYS_4_PSZ_ALL_ST=WAREHOUSE STORAGE AREA MEDIUM TO BULKY PALLETIZED ITEMS_FL=BUILDING STORY 1_SCH=A:DesPer 2:Des Heat Mass Flow [kg/s],SYS_4_PSZ_ALL_ST=WAREHOUSE STORAGE AREA MEDIUM TO BULKY PALLETIZED ITEMS_FL=BUILDING STORY 1_SCH=A:DesPer 2:Des Heat Cap [W],SYS_4_PSZ_ALL_ST=WAREHOUSE STORAGE AREA MEDIUM TO BULKY PALLETIZED ITEMS_FL=BUILDING STORY 1_SCH=A:DesPer 2:Des Cool Mass Flow [kg/s],SYS_4_PSZ_ALL_ST=WAREHOUSE STORAGE AREA MEDIUM TO BULKY PALLETIZED ITEMS_FL=BUILDING STORY 1_SCH=A:DesPer 2:Des Sens Cool Cap [W],SYS_4_PSZ_ALL_ST=WAREHOUSE STORAGE AREA MEDIUM TO BULKY PALLETIZED ITEMS_FL=BUILDING STORY 1_SCH=A:DesPer 2:Des Tot Cool Cap [W],SYS_4_PSZ_ALL_ST=WAREHOUSE STORAGE AREA SMALL HAND-CARRIED ITEMS(4)_FL=BUILDING STORY 1_SCH=A:DesPer 1:Des Heat Mass Flow [kg/s],SYS_4_PSZ_ALL_ST=WAREHOUSE STORAGE AREA SMALL HAND-CARRIED ITEMS(4)_FL=BUILDING STORY 1_SCH=A:DesPer 1:Des Heat Cap [W],SYS_4_PSZ_ALL_ST=WAREHOUSE STORAGE AREA SMALL HAND-CARRIED ITEMS(4)_FL=BUILDING STORY 1_SCH=A:DesPer 1:Des Cool Mass Flow [kg/s],SYS_4_PSZ_ALL_ST=WAREHOUSE STORAGE AREA SMALL HAND-CARRIED ITEMS(4)_FL=BUILDING STORY 1_SCH=A:DesPer 1:Des Sens Cool Cap [W],SYS_4_PSZ_ALL_ST=WAREHOUSE STORAGE AREA SMALL HAND-CARRIED ITEMS(4)_FL=BUILDING STORY 1_SCH=A:DesPer 1:Des Tot Cool Cap [W],SYS_4_PSZ_ALL_ST=WAREHOUSE STORAGE AREA SMALL HAND-CARRIED ITEMS(4)_FL=BUILDING STORY 1_SCH=A:DesPer 2:Des Heat Mass Flow [kg/s],SYS_4_PSZ_ALL_ST=WAREHOUSE STORAGE AREA SMALL HAND-CARRIED ITEMS(4)_FL=BUILDING STORY 1_SCH=A:DesPer 2:Des Heat Cap [W],SYS_4_PSZ_ALL_ST=WAREHOUSE STORAGE AREA SMALL HAND-CARRIED ITEMS(4)_FL=BUILDING STORY 1_SCH=A:DesPer 2:Des Cool Mass Flow [kg/s],SYS_4_PSZ_ALL_ST=WAREHOUSE STORAGE AREA SMALL HAND-CARRIED ITEMS(4)_FL=BUILDING STORY 1_SCH=A:DesPer 2:Des Sens Cool Cap [W],SYS_4_PSZ_ALL_ST=WAREHOUSE STORAGE AREA SMALL HAND-CARRIED ITEMS(4)_FL=BUILDING STORY 1_SCH=A:DesPer 2:Des Tot Cool Cap [W]
00:15:00,1.176045E-01,2.197894E+03,1.176045E-01,1.347382E+03,3.177073E+03,1.176045E-01,6.913289E+03,1.176045E-01,0.000000E+00,0.000000E+00,1.150207E+00,2.149606E+04,1.150207E+00,1.317780E+04,3.107272E+04,2.379408E+00,9.849498E+04,1.150207E+00,0.000000E+00,0.000000E+00,5.000899E-01,9.346112E+03,5.000899E-01,5.729478E+03,1.350988E+04,1.020320E+00,4.246906E+04,5.000899E-01,0.000000E+00,0.000000E+00
00:30:00,1.176045E-01,2.214025E+03,1.176045E-01,1.331251E+03,3.160510E+03,1.176045E-01,6.913289E+03,1.176045E-01,0.000000E+00,0.000000E+00,1.150207E+00,2.165382E+04,1.150207E+00,1.302003E+04,3.091073E+04,2.424208E+00,9.962049E+04,1.150207E+00,0.000000E+00,0.000000E+00,5.000899E-01,9.414706E+03,5.000899E-01,5.660884E+03,1.343945E+04,1.032193E+00,4.276741E+04,5.000899E-01,0.000000E+00,0.000000E+00
00:45:00,1.176045E-01,2.230156E+03,1.176045E-01,1.315120E+03,3.143945E+03,1.176045E-01,6.913289E+03,1.176045E-01,0.000000E+00,0.000000E+00,1.150207E+00,2.181159E+04,1.150207E+00,1.286227E+04,3.074871E+04,2.437511E+00,9.995475E+04,1.150207E+00,0.000000E+00,0.000000E+00,5.000899E-01,9.483300E+03,5.000899E-01,5.592290E+03,1.336901E+04,1.041457E+00,4.300017E+04,5.000899E-01,0.000000E+00,0.000000E+00
01:00:00,1.176045E-01,2.246287E+03,1.176045E-01,1.298989E+03,3.127379E+03,1.176045E-01,6.913289E+03,1.176045E-01,0.000000E+00,0.000000E+00,1.150207E+00,2.196936E+04,1.150207E+00,1.270450E+04,3.058670E+04,2.446140E+00,1.001715E+05,1.150207E+00,0.000000E+00,0.000000E+00,5.000899E-01,9.551894E+03,5.000899E-01,5.523696E+03,1.329856E+04,1.048741E+00,4.318321E+04,5.000899E-01,0.000000E+00,0.000000E+00
01:15:00,1.176045E-01,2.257041E+03,1.176045E-01,1.288235E+03,3.116336E+03,1.176045E-01,6.913289E+03,1.176045E-01,0.000000E+00,0.000000E+00,1.150207E+00,2.207453E+04,1.150207E+00,1.259932E+04,3.047869E+04,2.452075E+00,1.003207E+05,1.150207E+00,0.000000E+00,0.000000E+00,5.000899E-01,9.597623E+03,5.000899E-01,5.477967E+03,1.325161E+04,1.054569E+00,4.332964E+04,5.000899E-01,0.000000E+00,0.000000E+00
01:30:00,1.176045E-01,2.267795E+03,1.176045E-01,1.277481E+03,3.105294E+03,1.176045E-01,6.913289E+03,1.176045E-01,0.000000E+00,0.000000E+00,1.150207E+00,2.217971E+04,1.150207E+00,1.249415E+04,3.037070E+04,2.456162E+00,1.004233E+05,1.150207E+00,0.000000E+00,0.000000E+00,5.000899E-01,9.643352E+03,5.000899E-01,5.432238E+03,1.320465E+04,1.059320E+00,4.344899E+04,5.000899E-01,0.000000E+00,0.000000E+00
01:45:00,1.176045E-01,2.278549E+03,1.176045E-01,1.266727E+03,3.094251E+03,1.176045E-01,6.913289E+03,1.176045E-01,0.000000E+00,0.000000E+00,1.150207E+00,2.228489E+04,1.150207E+00,1.238897E+04,3.026269E+04,2.459023E+00,1.004952E+05,1.150207E+00,0.000000E+00,0.000000E+00,5.000899E-01,9.689082E+03,5.000899E-01,5.386508E+03,1.315769E+04,1.063278E+00,4.354843E+04,5.000899E-01,0.000000E+00,0.000000E+00
02:00:00,1.176045E-01,2.289303E+03,1.176045E-01,1.255973E+03,3.083207E+03,1.176045E-01,6.913289E+03,1.176045E-01,0.000000E+00,0.000000E+00,1.150207E+00,2.239006E+04,1.150207E+00,1.228379E+04,3.015468E+04,2.461070E+00,1.005467E+05,1.150207E+00,0.000000E+00,0.000000E+00,5.000899E-01,9.734811E+03,5.000899E-01,5.340779E+03,1.311073E+04,1.066654E+00,4.363325E+04,5.000899E-01,0.000000E+00,0.000000E+00
02:15:00,1.176045E-01,2.297369E+03,1.176045E-01,1.247908E+03,3.074924E+03,1.176045E-01,6.913289E+03,1.176045E-01,0.000000E+00,0.000000E+00,1.150207E+00,2.246895E+04,1.150207E+00,1.220491E+04,3.007368E+04,2.462604E+00,1.005852E+05,1.150207E+00,0.000000E+00,0.000000E+00,5.000899E-01,9.769108E+03,5.000899E-01,5.306482E+03,1.307551E+04,1.069642E+00,4.370833E+04,5.000899E-01,0.000000E+00,0.000000E+00
02:30:00,1.176045E-01,2.305434E+03,1.176045E-01,1.239842E+03,3.066642E+03,1.176045E-01,6.913289E+03,1.176045E-01,0.000000E+00,0.000000E+00,1.150207E+00,2.254783E+04,1.150207E+00,1.212603E+04,2.999267E+04,2.463777E+00,1.006147E+05,1.150207E+00,0.000000E+00,0.000000E+00,5.000899E-01,9.803405E+03,5.000899E-01,5.272185E+03,1.304029E+04,1.072331E+00,4.377588E+04,5.000899E-01,0.000000E+00,0.000000E+00
02:45:00,1.176045E-01,2.313500E+03,1.176045E-01,1.231777E+03,3.058361E+03,1.176045E-01,6.913289E+03,1.176045E-01,0.000000E+00,0.000000E+00,1.150207E+00,2.262671E+04,1.150207E+00,1.204714E+04,2.991168E+04,2.464692E+00,1.006377E+05,1.150207E+00,0.000000E+00,0.000000E+00,5.000899E-01,9.837702E+03,5.000899E-01,5.237888E+03,1.300508E+04,1.074782E+00,4.383747E+04,5.000899E-01,0.000000E+00,0.000000E+00
03:00:00,1.176045E-01,2.321565E+03,1.176045E-01,1.223711E+03,3.050079E+03,1.176045E-01,6.913289E+03,1.176045E-01,0.000000E+00,0.000000E+00,1.150207E+00,2.270560E+04,1.150207E+00,1.196826E+04,2.983068E+04,2.465424E+00,1.006561E+05,1.150207E+00,0.000000E+00,0.000000E+00,5.000899E-01,9.871999E+03,5.000899E-01,5.203591E+03,1.296986E+04,1.077050E+00,4.389445E+04,5.000899E-01,0.000000E+00,0.000000E+00
03:15:00,1.176045E-01,2.329631E+03,1.176045E-01,1.215646E+03,3.041796E+03,1.176045E-01,6.913289E+03,1.176045E-01,0.000000E+00,0.000000E+00,1.150207E+00,2.278448E+04,1.150207E+00,1.188938E+04,2.974967E+04,2.466026E+00,1.006712E+05,1.150207E+00,0.000000E+00,0.000000E+00,5.000899E-01,9.906296E+03,5.000899E-01,5.169294E+03,1.293464E+04,1.079174E+00,4.394781E+04,5.000899E-01,0.000000E+00,0.000000E+00
03:30:00,1.176045E-01,2.337696E+03,1.176045E-01,1.207580E+03,3.033514E+03,1.176045E-01,6.913289E+03,1.176045E-01,0.000000E+00,0.000000E+00,1.150207E+00,2.286336E+04,1.150207E+00,1.181049E+04,2.966867E+04,2.466532E+00,1.006839E+05,1.150207E+00,0.000000E+00,0.000000E+00,5.000899E-01,9.940593E+03,5.000899E-01,5.134997E+03,1.289942E+04,1.081183E+00,4.399827E+04,5.000899E-01,0.000000E+00,0.000000E+00
03:45:00,1.176045E-01,2.345762E+03,1.176045E-01,1.199515E+03,3.025231E+03,1.176045E-01,6.913289E+03,1.176045E-01,0.000000E+00,0.000000E+00,1.150207E+00,2.294225E+04,1.150207E+00,1.173161E+04,2.958766E+04,2.466967E+00,1.006949E+05,1.150207E+00,0.000000E+00,0.000000E+00,5.000899E-01,9.974890E+03,5.000899E-01,5.100700E+03,1.286420E+04,1.083097E+00,4.404636E+04,5.000899E-01,0.000000E+00,0.000000E+00
04:00:00,1.176045E-01,2.353827E+03,1.176045E-01,1.191449E+03,3.016948E+03,1.176045E-01,6.913289E+03,1.176045E-01,0.000000E+00,0.000000E+00,1.150207E+00,2.302113E+04,1.150207E+00,1.165273E+04,2.950665E+04,2.467348E+00,1.007044E+05,1.150207E+00,0.000000E+00,0.000000E+00,5.000899E-01,1.000919E+04,5.000899E-01,5.066403E+03,1.282898E+04,1.084932E+00,4.409247E+04,5.000899E-01,0.000000E+00,0.000000E+00
04:15:00,1.176045E-01,2.359204E+03,1.176045E-01,1.186072E+03,3.011428E+03,1.176045E-01,6.913289E+03,1.176045E-01,0.000000E+00,0.000000E+00,1.150207E+00,2.307372E+04,1.150207E+00,1.160014E+04,2.945267E+04,2.467687E+00,1.007130E+05,1.150207E+00,0.000000E+00,0.000000E+00,5.000899E-01,1.003205E+04,5.000899E-01,5.043539E+03,1.280551E+04,1.086700E+00,4.413689E+04,5.000899E-01,0.000000E+00,0.000000E+00
04:30:00,1.176045E-01,2.364581E+03,1.176045E-01,1.180695E+03,3.005907E+03,1.176045E-01,6.913289E+03,1.176045E-01,0.000000E+00,0.000000E+00,1.150207E+00,2.312631E+04,1.150207E+00,1.154755E+04,2.939866E+04,2.467993E+00,1.007207E+05,1.150207E+00,0.000000E+00,0.000000E+00,5.000899E-01,1.005492E+04,5.000899E-01,5.020674E+03,1.278203E+04,1.088409E+00,4.417984E+04,5.000899E-01,0.000000E+00,0.000000E+00
04:45:00,1.176045E-01,2.369958E+03,1.176045E-01,1.175318E+03,3.000385E+03,1.176045E-01,6.913289E+03,1.176045E-01,0.000000E+00,0.000000E+00,1.150207E+00,2.317890E+04,1.150207E+00,1.149496E+04,2.934466E+04,2.468272E+00,1.007277E+05,1.150207E+00,0.000000E+00,0.000000E+00,5.000899E-01,1.007778E+04,5.000899E-01,4.997809E+03,1.275855E+04,1.090066E+00,4.422147E+04,5.000899E-01,0.000000E+00,0.000000E+00
05:00:00,1.176045E-01,2.375335E+03,1.176045E-01,1.169941E+03,2.994863E+03,1.176045E-01,6.913289E+03,1.176045E-01,0.000000E+00,0.000000E+00,1.150207E+00,2.323148E+04,1.150207E+00,1.144237E+04,2.929065E+04,2.468528E+00,1.007341E+05,1.150207E+00,0.000000E+00,0.000000E+00,5.000899E-01,1.010065E+04,5.000899E-01,4.974945E+03,1.273507E+04,1.091674E+00,4.426188E+04,5.000899E-01,0.000000E+00,0.000000E+00
05:15:00,1.176045E-01,2.369958E+03,1.176045E-01,1.175318E+03,3.000385E+03,1.176045E-01,6.913289E+03,1.176045E-01,0.000000E+00,0.000000E+00,1.150207E+00,2.317890E+04,1.150207E+00,1.149496E+04,2.934466E+04,2.468766E+00,1.007401E+05,1.150207E+00,0.000000E+00,0.000000E+00,5.000899E-01,1.007778E+04,5.000899E-01,4.997809E+03,1.275855E+04,1.093237E+00,4.430114E+04,5.000899E-01,0.000000E+00,0.000000E+00
05:30:00,1.176045E-01,2.364581E+03,1.176045E-01,1.180695E+03,3.005907E+03,1.176045E-01,6.913289E+03,1.176045E-01,0.000000E+00,0.000000E+00,1.150207E+00,2.312631E+04,1.150207E+00,1.154755E+04,2.939866E+04,2.468987E+00,1.007456E+05,1.150207E+00,0.000000E+00,0.000000E+00,5.000899E-01,1.005492E+04,5.000899E-01,5.020674E+03,1.278203E+04,1.094756E+00,4.433931E+04,5.000899E-01,0.000000E+00,0.000000E+00
05:45:00,1.176045E-01,2.359204E+03,1.176045E-01,1.186072E+03,3.011428E+03,1.176045E-01,6.913289E+03,1.176045E-01,0.000000E+00,0.000000E+00,1.150207E+00,2.307372E+04,1.150207E+00,1.160014E+04,2.945267E+04,2.469194E+00,1.007509E+05,1.150207E+00,0.000000E+00,0.000000E+00,5.000899E-01,1.003205E+04,5.000899E-01,5.043539E+03,1.280551E+04,1.096234E+00,4.437645E+04,5.000899E-01,0.000000E+00,0.000000E+00
06:00:00,1.176045E-01,2.353827E+03,1.176045E-01,1.191449E+03,3.016948E+03,1.176045E-01,6.913289E+03,1.176045E-01,0.000000E+00,0.000000E+00,1.150207E+00,2.302113E+04,1.150207E+00,1.165273E+04,2.950665E+04,2.469389E+00,1.007558E+05,1.150207E+00,0.000000E+00,0.000000E+00,5.000899E-01,1.000919E+04,5.000899E-01,5.066403E+03,1.282898E+04,1.097673E+00,4.441261E+04,5.000899E-01,0.000000E+00,0.000000E+00
06:15:00,1.176045E-01,2.335008E+03,1.176045E-01,1.210269E+03,3.036274E+03,1.205499E-01,6.987073E+03,1.176045E-01,0.000000E+00,0.000000E+00,1.150207E+00,2.283707E+04,1.150207E+00,1.183679E+04,2.969567E+04,4.202958E+00,1.440639E+05,1.150207E+00,0.000000E+00,0.000000E+00,5.000899E-01,9.929160E+03,5.000899E-01,5.146429E+03,1.291116E+04,1.403632E+00,5.176658E+04,5.000899E-01,0.000000E+00,0.000000E+00
06:30:00,1.176045E-01,2.316188E+03,1.176045E-01,1.229088E+03,3.055600E+03,1.466633E-01,7.625180E+03,1.176045E-01,0.000000E+00,0.000000E+00,1.150207E+00,2.265301E+04,1.150207E+00,1.202085E+04,2.988468E+04,4.175794E+00,1.416802E+05,1.150207E+00,0.000000E+00,0.000000E+00,5.000899E-01,9.849134E+03,5.034214E-01,5.263411E+03,1.306924E+04,1.567239E+00,5.527838E+04,5.000899E-01,0.000000E+00,0.000000E+00
06:45:00,1.176045E-01,2.297369E+03,1.176045E-01,1.247908E+03,3.074924E+03,2.004956E-01,8.902325E+03,1.176045E-01,0.000000E+00,0.000000E+00,1.150207E+00,2.246895E+04,1.470513E+00,1.565980E+04,3.565883E+04,5.277430E+00,1.665733E+05,1.150207E+00,0.000000E+00,0.000000E+00,5.000899E-01,9.769108E+03,9.146276E-01,9.926069E+03,2.184678E+04,1.732808E+00,5.867390E+04,5.000899E-01,0.000000E+00,0.000000E+00
07:00:00,1.176045E-01,2.278549E+03,1.339432E-01,1.444219E+03,3.350388E+03,2.275622E-01,9.496624E+03,1.176045E-01,0.000000E+00,0.000000E+00,1.150207E+00,2.228489E+04,2.563089E+00,2.786465E+04,5.481088E+04,5.381082E+00,1.669347E+05,1.150207E+00,0.000000E+00,0.000000E+00,5.000899E-01,9.689082E+03,1.391294E+00,1.526936E+04,3.044269E+04,1.845021E+00,6.066333E+04,5.000899E-01,0.000000E+00,0.000000E+00
07:15:00,1.176045E-01,2.232844E+03,1.176045E-01,1.312432E+03,3.141184E+03,2.739066E-01,1.047677E+04,1.176045E-01,0.000000E+00,0.000000E+00,1.150207E+00,2.183788E+04,3.929277E+00,4.351761E+04,7.863457E+04,5.749564E+00,1.732129E+05,1.150207E+00,0.000000E+00,0.000000E+00,5.000899E-01,9.494732E+03,1.710736E+00,1.895608E+04,3.551642E+04,1.980630E+00,6.312140E+04,5.000899E-01,0.000000E+00,0.000000E+00
07:30:00,1.176045E-01,2.187140E+03,1.403479E-01,1.607464E+03,3.541182E+03,3.167262E-01,1.135961E+04,1.176045E-01,0.000000E+00,0.000000E+00,1.150207E+00,2.139088E+04,4.945434E+00,5.522667E+04,9.496152E+04,5.956343E+00,1.755929E+05,1.150207E+00,0.000000E+00,0.000000E+00,5.000899E-01,9.300383E+03,2.090916E+00,2.334824E+04,3.939301E+04,2.085865E+00,6.473136E+04,5.000899E-01,0.000000E+00,0.000000E+00
07:45:00,1.176045E-01,2.141435E+03,1.616509E-01,1.890605E+03,3.910876E+03,3.472899E-01,1.192670E+04,1.176045E-01,0.000000E+00,0.000000E+00,1.150207E+00,2.094388E+04,5.571936E+00,6.259631E+04,1.037590E+05,6.121829E+00,1.768129E+05,1.150207E+00,0.000000E+00,0.000000E+00,5.000899E-01,9.106033E+03,2.365492E+00,2.657538E+04,4.095481E+04,2.174603E+00,6.586724E+04,5.000899E-01,0.000000E+00,0.000000E+00
08:00:00,1.176045E-01,2.095731E+03,1.602687E-01,1.921065E+03,3.924378E+03,3.828894E-01,1.257043E+04,1.176045E-01,0.000000E+00,0.000000E+00,1.150207E+00,2.049687E+04,6.174658E+00,6.970280E+04,1.115887E+05,6.295301E+00,1.780376E+05,1.150207E+00,0.000000E+00,0.000000E+00,5.000899E-01,8.911684E+03,2.617804E+00,2.955716E+04,4.263592E+04,2.256947E+00,6.677756E+04,5.000899E-01,0.000000E+00,0.000000E+00
08:15:00,1.176045E-01,2.044649E+03,1.967160E-01,2.374967E+03,4.503465E+03,3.214184E-01,1.121128E+04,1.176045E-01,0.000000E+00,0.000000E+00,1.150207E+00,1.999728E+04,6.671577E+00,7.569351E+04,1.174398E+05,4.464899E+00,1.373974E+05,1.150207E+00,0.000000E+00,0.000000E+00,5.000899E-01,8.694470E+03,2.887908E+00,3.276061E+04,4.522812E+04,1.946154E+00,5.992394E+04,5.000899E-01,0.000000E+00,0.000000E+00
08:30:00,1.176045E-01,1.993568E+03,2.319883E-01,2.815858E+03,5.053435E+03,2.954857E-01,1.066730E+04,1.176045E-01,0.000000E+00,0.000000E+00,1.150207E+00,1.949769E+04,7.103525E+00,8.096682E+04,1.221051E+05,4.535364E+00,1.390527E+05,1.150207E+00,0.000000E+00,0.000000E+00,5.000899E-01,8.477255E+03,3.135199E+00,3.571323E+04,4.813751E+04,1.789478E+00,5.661125E+04,5.000899E-01,0.000000E+00,0.000000E+00
08:45:00,1.176045E-01,1.942486E+03,2.674120E-01,3.258414E+03,5.597332E+03,2.513519E-01,9.735906E+03,1.176045E-01,0.000000E+00,0.000000E+00,1.150207E+00,1.899809E+04,7.475446E+00,8.557710E+04,1.258039E+05,3.506260E+00,1.173357E+05,1.150207E+00,0.000000E+00,0.000000E+00,5.000899E-01,8.260041E+03,3.357206E+00,3.838617E+04,5.099111E+04,1.637226E+00,5.339796E+04,5.000899E-01,0.000000E+00,0.000000E+00
09:00:00,1.176045E-01,1.891405E+03,3.032106E-01,3.705103E+03,6.137622E+03,2.266687E-01,9.214938E+03,1.176045E-01,0.000000E+00,0.000000E+00,1.150207E+00,1.849850E+04,7.792970E+00,8.958648E+04,1.287415E+05,3.459246E+00,1.163426E+05,1.150207E+00,0.000000E+00,0.000000E+00,5.000899E-01,8.042827E+03,3.554915E+00,4.078977E+04,5.357503E+04,1.537557E+00,5.129403E+04,5.000899E-01,0.000000E+00,0.000000E+00
09:15:00,1.176045E-01,1.845700E+03,3.225102E-01,3.964069E+03,6.430040E+03,2.133628E-01,8.934098E+03,1.176045E-01,0.000000E+00,0.000000E+00,1.150207E+00,1.805150E+04,7.978595E+00,9.208575E+04,1.298768E+05,3.397678E+00,1.150433E+05,1.150207E+00,0.000000E+00,0.000000E+00,5.000899E-01,7.848478E+03,3.670843E+00,4.226595E+04,5.508885E+04,1.486304E+00,5.021205E+04,5.000899E-01,0.000000E+00,0.000000E+00
09:30:00,1.176045E-01,1.799996E+03,3.402191E-01,4.205478E+03,6.703389E+03,2.017929E-01,8.689913E+03,1.176045E-01,0.000000E+00,0.000000E+00,1.150207E+00,1.760449E+04,8.088999E+00,9.375395E+04,1.301800E+05,3.352139E+00,1.140822E+05,1.150207E+00,0.000000E+00,0.000000E+00,5.000899E-01,7.654128E+03,3.750058E+00,4.333606E+04,5.623344E+04,1.448265E+00,4.940909E+04,5.000899E-01,0.000000E+00,0.000000E+00
09:45:00,1.176045E-01,1.754291E+03,3.566581E-01,4.432855E+03,6.961004E+03,1.912495E-01,8.467399E+03,1.176045E-01,0.000000E+00,0.000000E+00,1.150207E+00,1.715749E+04,8.123942E+00,9.458820E+04,1.296914E+05,3.315802E+00,1.133153E+05,1.150207E+00,0.000000E+00,0.000000E+00,5.000899E-01,7.459779E+03,3.796147E+00,4.403990E+04,5.701103E+04,1.416974E+00,4.874860E+04,5.000899E-01,0.000000E+00,0.000000E+00
10:00:00,1.176045E-01,1.708587E+03,3.720645E-01,4.648819E+03,7.203902E+03,1.814245E-01,8.260053E+03,1.176045E-01,0.000000E+00,0.000000E+00,1.150207E+00,1.671049E+04,8.075584E+00,9.450181E+04,1.283316E+05,3.285418E+00,1.126740E+05,1.150207E+00,0.000000E+00,0.000000E+00,5.000899E-01,7.265429E+03,3.806617E+00,4.435005E+04,5.735804E+04,1.390252E+00,4.818456E+04,5.000899E-01,0.000000E+00,0.000000E+00
10:15:00,1.176045E-01,1.668259E+03,3.810788E-01,4.788765E+03,7.351859E+03,1.757067E-01,8.139382E+03,1.176045E-01,0.000000E+00,0.000000E+00,1.150207E+00,1.631607E+04,7.913286E+00,9.310347E+04,1.256582E+05,3.273879E+00,1.124305E+05,1.150207E+00,0.000000E+00,0.000000E+00,5.000899E-01,7.093944E+03,3.760913E+00,4.401655E+04,5.699328E+04,1.378217E+00,4.793052E+04,5.000899E-01,0.000000E+00,0.000000E+00
10:30:00,1.176045E-01,1.627932E+03,3.887732E-01,4.914131E+03,7.481485E+03,1.706224E-01,8.032085E+03,1.176045E-01,0.000000E+00,0.000000E+00,1.150207E+00,1.592166E+04,7.655923E+00,9.065438E+04,1.219853E+05,3.266881E+00,1.122828E+05,1.150207E+00,0.000000E+00,0.000000E+00,5.000899E-01,6.922460E+03,3.674062E+00,4.322835E+04,5.614285E+04,1.369815E+00,4.775317E+04,5.000899E-01,0.000000E+00,0.000000E+00
10:45:00,1.176045E-01,1.587604E+03,3.953847E-01,5.027529E+03,7.596822E+03,1.659500E-01,7.933480E+03,1.176045E-01,0.000000E+00,0.000000E+00,1.150207E+00,1.552724E+04,7.312723E+00,8.725648E+04,1.174230E+05,3.262024E+00,1.121803E+05,1.150207E+00,0.000000E+00,0.000000E+00,5.000899E-01,6.750975E+03,3.549889E+00,4.202772E+04,5.485946E+04,1.363280E+00,4.761524E+04,5.000899E-01,0.000000E+00,0.000000E+00
11:00:00,1.176045E-01,1.547277E+03,4.009001E-01,5.128816E+03,7.698284E+03,1.616075E-01,7.841841E+03,1.176045E-01,0.000000E+00,0.000000E+00,1.150207E+00,1.513283E+04,6.912865E+00,8.323221E+04,1.123251E+05,3.258588E+00,1.121077E+05,1.150207E+00,0.000000E+00,0.000000E+00,5.000899E-01,6.579490E+03,3.400055E+00,4.054351E+04,5.328539E+04,1.358039E+00,4.750462E+04,5.000899E-01,0.000000E+00,0.000000E+00
11:15:00,1.176045E-01,1.520392E+03,4.053112E-01,5.204457E+03,7.772469E+03,1.575328E-01,7.755852E+03,1.176045E-01,0.000000E+00,0.000000E+00,1.150207E+00,1.486988E+04,6.492870E+00,7.885375E+04,1.069888E+05,3.256115E+00,1.120555E+05,1.150207E+00,0.000000E+00,0.000000E+00,5.000899E-01,6.465167E+03,3.239160E+00,3.887991E+04,5.152801E+04,1.353715E+00,4.741335E+04,5.000899E-01,0.000000E+00,0.000000E+00
11:30:00,1.176045E-01,1.493507E+03,4.087336E-01,5.269173E+03,7.834983E+03,1.536834E-01,7.674620E+03,1.176045E-01,0.000000E+00,0.000000E+00,1.150207E+00,1.460694E+04,6.093243E+00,7.470025E+04,1.020260E+05,3.254311E+00,1.120175E+05,1.150207E+00,0.000000E+00,0.000000E+00,5.000899E-01,6.350843E+03,3.083210E+00,3.727090E+04,4.982959E+04,1.350056E+00,4.733612E+04,5.000899E-01,0.000000E+00,0.000000E+00
11:45:00,1.176045E-01,1.466622E+03,4.113653E-01,5.325149E+03,7.888557E+03,1.500290E-01,7.597503E+03,1.176045E-01,0.000000E+00,0.000000E+00,1.150207E+00,1.434400E+04,5.754706E+00,7.122181E+04,9.792136E+04,3.252961E+00,1.119890E+05,1.150207E+00,0.000000E+00,0.000000E+00,5.000899E-01,6.236520E+03,2.949707E+00,3.590992E+04,4.839921E+04,1.346875E+00,4.726900E+04,5.000899E-01,0.000000E+00,0.000000E+00
12:00:00,1.176045E-01,1.439737E+03,4.136402E-01,5.377183E+03,7.938825E+03,1.465472E-01,7.524029E+03,1.176045E-01,0.000000E+00,0.000000E+00,1.150207E+00,1.408105E+04,5.494863E+00,6.861303E+04,9.487016E+04,3.251925E+00,1.119671E+05,1.150207E+00,0.000000E+00,0.000000E+00,5.000899E-01,6.122197E+03,2.846926E+00,3.488838E+04,4.733223E+04,1.344047E+00,4.720931E+04,5.000899E-01,0.000000E+00,0.000000E+00
12:15:00,1.176045E-01,1.418229E+03,4.097011E-01,5.355163E+03,7.901100E+03,1.474790E-01,7.543689E+03,1.176045E-01,0.000000E+00,0.000000E+00,1.150207E+00,1.387070E+04,5.293944E+00,6.660283E+04,9.254168E+04,3.264015E+00,1.122222E+05,1.150207E+00,0.000000E+00,0.000000E+00,5.000899E-01,6.030738E+03,2.759357E+00,3.401206E+04,4.639721E+04,1.352406E+00,4.738574E+04,5.000899E-01,0.000000E+00,0.000000E+00
12:30:00,1.176045E-01,1.396721E+03,4.055810E-01,5.331150E+03,7.837481E+03,1.487012E-01,7.569479E+03,1.176045E-01,0.000000E+00,0.000000E+00,1.150207E+00,1.366034E+04,5.151333E+00,6.523704E+04,9.094173E+04,3.277344E+00,1.125035E+05,1.150207E+00,0.000000E+00,0.000000E+00,5.000899E-01,5.939280E+03,2.695081E+00,3.339315E+04,4.560075E+04,1.361776E+00,4.758351E+04,5.000899E-01,0.000000E+00,0.000000E+00
12:45:00,1.176045E-01,1.375213E+03,4.014377E-01,5.306884E+03,7.765249E+03,1.501384E-01,7.599804E+03,1.176045E-01,0.000000E+00,0.000000E+00,1.150207E+00,1.344999E+04,5.056094E+00,6.439480E+04,8.994158E+04,3.291127E+00,1.127944E+05,1.150207E+00,0.000000E+00,0.000000E+00,5.000899E-01,5.847821E+03,2.649214E+00,3.297771E+04,4.500436E+04,1.371625E+00,4.779143E+04,5.000899E-01,0.000000E+00,0.000000E+00
13:00:00,1.176045E-01,1.353705E+03,3.973442E-01,5.283173E+03,7.698369E+03,1.517587E-01,7.633995E+03,1.176045E-01,0.000000E+00,0.000000E+00,1.150207E+00,1.323963E+04,5.003650E+00,6.402553E+04,8.949228E+04,3.305222E+00,1.130918E+05,1.150207E+00,0.000000E+00,0.000000E+00,5.000899E-01,5.756363E+03,2.617987E+00,3.272411E+04,4.463072E+04,1.381832E+00,4.800690E+04,5.000899E-01,0.000000E+00,0.000000E+00
13:15:00,1.176045E-01,1.340262E+03,3.993526E-01,5.318838E+03,7.711090E+03,1.492841E-01,7.581777E+03,1.176045E-01,0.000000E+00,0.000000E+00,1.150207E+00,1.310816E+04,5.005884E+00,6.418171E+04,8.966715E+04,3.306622E+00,1.131214E+05,1.150207E+00,0.000000E+00,0.000000E+00,5.000899E-01,5.699201E+03,2.613805E+00,3.273513E+04,4.460493E+04,1.381381E+00,4.799746E+04,5.000899E-01,0.000000E+00,0.000000E+00
13:30:00,1.176045E-01,1.326820E+03,4.018002E-01,5.359355E+03,7.736257E+03,1.468094E-01,7.529559E+03,1.176045E-01,0.000000E+00,0.000000E+00,1.150207E+00,1.297669E+04,5.050653E+00,6.480799E+04,9.038673E+04,3.307085E+00,1.131312E+05,1.150207E+00,0.000000E+00,0.000000E+00,5.000899E-01,5.642039E+03,2.623566E+00,3.290024E+04,4.477300E+04,1.380329E+00,4.797533E+04,5.000899E-01,0.000000E+00,0.000000E+00
13:45:00,1.176045E-01,1.313377E+03,4.053957E-01,5.412558E+03,7.780927E+03,1.443883E-01,7.478471E+03,1.176045E-01,0.000000E+00,0.000000E+00,1.150207E+00,1.284522E+04,5.141947E+00,6.594849E+04,9.169953E+04,3.307314E+00,1.131360E+05,1.150207E+00,0.000000E+00,0.000000E+00,5.000899E-01,5.584878E+03,2.648507E+00,3.323308E+04,4.513541E+04,1.379123E+00,4.794993E+04,5.000899E-01,0.000000E+00,0.000000E+00
14:00:00,1.176045E-01,1.299935E+03,4.110060E-01,5.488023E+03,7.853893E+03,1.420345E-01,7.428804E+03,1.176045E-01,0.000000E+00,0.000000E+00,1.150207E+00,1.271375E+04,5.287603E+00,6.768982E+04,9.369993E+04,3.307392E+00,1.131377E+05,1.150207E+00,0.000000E+00,0.000000E+00,5.000899E-01,5.527716E+03,2.692043E+00,3.377136E+04,4.572245E+04,1.377824E+00,4.792256E+04,5.000899E-01,0.000000E+00,0.000000E+00
14:15:00,1.176045E-01,1.299935E+03,4.259096E-01,5.652750E+03,8.032336E+03,1.355001E-01,7.290918E+03,1.176045E-01,0.000000E+00,0.000000E+00,1.150207E+00,1.271375E+04,5.526140E+00,7.032623E+04,9.674029E+04,3.294469E+00,1.128650E+05,1.150207E+00,0.000000E+00,0.000000E+00,5.000899E-01,5.527716E+03,2.777211E+00,3.471253E+04,4.675868E+04,1.365557E+00,4.766369E+04,5.000899E-01,0.000000E+00,0.000000E+00
14:30:00,1.176045E-01,1.299935E+03,4.449879E-01,5.863606E+03,8.291297E+03,1.288949E-01,7.151536E+03,1.176045E-01,0.000000E+00,0.000000E+00,1.150207E+00,1.271375E+04,5.854462E+00,7.395497E+04,1.009303E+05,3.280410E+00,1.125683E+05,1.150207E+00,0.000000E+00,0.000000E+00,5.000899E-01,5.527716E+03,2.894810E+00,3.601202E+04,4.831010E+04,1.352471E+00,4.738749E+04,5.000899E-01,0.000000E+00,0.000000E+00
14:45:00,1.176045E-01,1.299935E+03,4.682005E-01,6.120141E+03,8.615169E+03,1.222846E-01,7.012047E+03,1.176045E-01,0.000000E+00,0.000000E+00,1.150207E+00,1.271375E+04,6.269959E+00,7.854716E+04,1.062044E+05,3.265979E+00,1.122637E+05,1.150207E+00,0.000000E+00,0.000000E+00,5.000899E-01,5.527716E+03,3.044081E+00,3.766145E+04,5.025461E+04,1.339073E+00,4.710470E+04,5.000899E-01,0.000000E+00,0.000000E+00
15:00:00,1.176045E-01,1.299935E+03,4.945880E-01,6.411748E+03,8.974980E+03,1.176045E-01,6.913289E+03,1.176045E-01,0.000000E+00,0.000000E+00,1.150207E+00,1.271375E+04,6.742637E+00,8.377128E+04,1.121377E+05,3.251301E+00,1.119539E+05,1.150207E+00,0.000000E+00,0.000000E+00,5.000899E-01,5.527716E+03,3.214994E+00,3.954993E+04,5.237843E+04,1.325469E+00,4.681753E+04,5.000899E-01,0.000000E+00,0.000000E+00
15:15:00,1.176045E-01,1.316066E+03,5.165770E-01,6.638597E+03,9.248600E+03,1.176045E-01,6.913289E+03,1.176045E-01,0.000000E+00,0.000000E+00,1.150207E+00,1.287151E+04,7.213466E+00,8.881713E+04,1.177893E+05,3.249373E+00,1.119132E+05,1.150207E+00,0.000000E+00,0.000000E+00,5.000899E-01,5.596310E+03,3.378048E+00,4.128292E+04,5.423330E+04,1.322660E+00,4.675817E+04,5.000899E-01,0.000000E+00,0.000000E+00
15:30:00,1.176045E-01,1.332197E+03,5.384957E-01,6.864662E+03,9.508869E+03,1.176045E-01,6.913289E+03,1.176045E-01,0.000000E+00,0.000000E+00,1.150207E+00,1.302928E+04,7.658198E+00,9.357454E+04,1.230149E+05,3.248425E+00,1.118932E+05,1.150207E+00,0.000000E+00,0.000000E+00,5.000899E-01,5.664904E+03,3.533615E+00,4.293320E+04,5.594734E+04,1.320577E+00,4.671416E+04,5.000899E-01,0.000000E+00,0.000000E+00
15:45:00,1.176045E-01,1.348328E+03,5.587842E-01,7.072712E+03,9.739498E+03,1.176045E-01,6.913289E+03,1.176045E-01,0.000000E+00,0.000000E+00,1.150207E+00,1.318705E+04,8.038020E+00,9.761456E+04,1.273423E+05,3.247758E+00,1.118791E+05,1.150207E+00,0.000000E+00,0.000000E+00,5.000899E-01,5.733498E+03,3.668119E+00,4.435080E+04,5.739802E+04,1.318794E+00,4.667647E+04,5.000899E-01,0.000000E+00,0.000000E+00
16:00:00,1.176045E-01,1.364459E+03,5.765838E-01,7.253266E+03,9.933625E+03,1.176045E-01,6.913289E+03,1.176045E-01,0.000000E+00,0.000000E+00,1.150207E+00,1.334481E+04,8.335242E+00,1.007417E+05,1.305821E+05,3.247280E+00,1.118690E+05,1.150207E+00,0.000000E+00,0.000000E+00,5.000899E-01,5.802092E+03,3.774573E+00,4.545859E+04,5.852529E+04,1.317229E+00,4.664341E+04,5.000899E-01,0.000000E+00,0.000000E+00
16:15:00,1.176045E-01,1.385967E+03,5.915876E-01,7.397558E+03,1.008509E+04,1.176045E-01,6.913289E+03,1.176045E-01,0.000000E+00,0.000000E+00,1.150207E+00,1.355517E+04,8.546462E+00,1.028658E+05,1.326746E+05,3.246922E+00,1.118615E+05,1.150207E+00,0.000000E+00,0.000000E+00,5.000899E-01,5.893551E+03,3.851073E+00,4.621263E+04,5.929046E+04,1.315819E+00,4.661363E+04,5.000899E-01,0.000000E+00,0.000000E+00
16:30:00,1.176045E-01,1.407475E+03,6.037364E-01,7.510309E+03,1.020076E+04,1.176045E-01,6.913289E+03,1.176045E-01,0.000000E+00,0.000000E+00,1.150207E+00,1.376552E+04,8.674833E+00,1.040744E+05,1.337442E+05,3.246645E+00,1.118556E+05,1.150207E+00,0.000000E+00,0.000000E+00,5.000899E-01,5.985009E+03,3.897838E+00,4.663811E+04,5.971900E+04,1.314525E+00,4.658631E+04,5.000899E-01,0.000000E+00,0.000000E+00
16:45:00,1.176045E-01,1.428983E+03,6.131139E-01,7.592441E+03,1.028290E+04,1.176045E-01,6.913289E+03,1.176045E-01,0.000000E+00,0.000000E+00,1.150207E+00,1.397588E+04,8.726976E+00,1.044405E+05,1.338962E+05,3.246415E+00,1.118508E+05,1.150207E+00,0.000000E+00,0.000000E+00,5.000899E-01,6.076468E+03,3.915768E+00,4.674497E+04,5.981818E+04,1.313296E+00,4.656034E+04,5.000899E-01,0.000000E+00,0.000000E+00
17:00:00,1.176045E-01,1.450491E+03,6.199353E-01,7.646329E+03,1.033495E+04,1.176045E-01,6.913289E+03,1.176045E-01,0.000000E+00,0.000000E+00,1.150207E+00,1.418623E+04,8.712012E+00,1.040649E+05,1.332590E+05,3.246220E+00,1.118467E+05,1.150207E+00,0.000000E+00,0.000000E+00,5.000899E-01,6.167926E+03,3.908134E+00,4.656930E+04,5.962677E+04,1.312123E+00,4.653559E+04,5.000899E-01,0.000000E+00,0.000000E+00
17:15:00,1.176045E-01,1.477376E+03,6.200252E-01,7.620449E+03,1.029864E+04,1.176045E-01,6.913289E+03,1.176045E-01,0.000000E+00,0.000000E+00,1.150207E+00,1.444917E+04,8.618140E+00,1.027646E+05,1.316381E+05,3.258990E+00,1.121161E+05,1.150207E+00,0.000000E+00,0.000000E+00,5.000899E-01,6.282250E+03,3.859900E+00,4.592208E+04,5.892757E+04,1.321637E+00,4.673637E+04,5.000899E-01,0.000000E+00,0.000000E+00
17:30:00,1.176045E-01,1.504261E+03,6.173072E-01,7.563542E+03,1.020957E+04,1.176045E-01,6.913289E+03,1.176045E-01,0.000000E+00,0.000000E+00,1.150207E+00,1.471212E+04,8.466371E+00,1.008245E+05,1.293289E+05,3.273798E+00,1.124286E+05,1.150207E+00,0.000000E+00,0.000000E+00,5.000899E-01,6.396573E+03,3.786028E+00,4.499154E+04,5.785280E+04,1.332756E+00,4.697106E+04,5.000899E-01,0.000000E+00,0.000000E+00
17:45:00,1.176045E-01,1.531146E+03,6.118647E-01,7.476532E+03,1.008327E+04,1.176045E-01,6.913289E+03,1.176045E-01,0.000000E+00,0.000000E+00,1.150207E+00,1.497506E+04,8.257950E+00,9.825816E+04,1.263600E+05,3.289219E+00,1.127541E+05,1.150207E+00,0.000000E+00,0.000000E+00,5.000899E-01,6.510896E+03,3.688959E+00,4.380468E+04,5.651074E+04,1.344488E+00,4.721870E+04,5.000899E-01,0.000000E+00,0.000000E+00
18:00:00,1.176045E-01,1.558031E+03,6.034575E-01,7.356763E+03,9.928151E+03,1.176045E-01,6.913289E+03,1.176045E-01,0.000000E+00,0.000000E+00,1.150207E+00,1.523800E+04,7.987256E+00,9.500355E+04,1.226717E+05,3.305100E+00,1.130892E+05,1.150207E+00,0.000000E+00,0.000000E+00,5.000899E-01,6.625219E+03,3.566683E+00,4.233927E+04,5.491202E+04,1.356683E+00,4.747610E+04,5.000899E-01,0.000000E+00,0.000000E+00
18:15:00,1.176045E-01,1.598358E+03,5.811372E-01,7.069791E+03,9.595949E+03,1.176045E-01,6.913289E+03,1.176045E-01,0.000000E+00,0.000000E+00,1.150207E+00,1.563242E+04,7.599876E+00,9.032777E+04,1.174537E+05,3.348538E+00,1.140059E+05,1.150207E+00,0.000000E+00,0.000000E+00,5.000899E-01,6.796704E+03,3.385820E+00,4.016926E+04,5.256741E+04,1.388400E+00,4.814556E+04,5.000899E-01,0.000000E+00,0.000000E+00
18:30:00,1.176045E-01,1.638686E+03,5.543716E-01,6.733701E+03,9.184926E+03,1.238644E-01,7.045381E+03,1.176045E-01,0.000000E+00,0.000000E+00,1.150207E+00,1.602683E+04,7.127571E+00,8.471334E+04,1.111993E+05,3.396755E+00,1.150235E+05,1.150207E+00,0.000000E+00,0.000000E+00,5.000899E-01,6.968189E+03,3.170556E+00,3.761911E+04,4.970911E+04,1.423605E+00,4.888866E+04,5.000899E-01,0.000000E+00,0.000000E+00
18:45:00,1.176045E-01,1.679013E+03,5.234468E-01,6.351644E+03,8.722142E+03,1.331802E-01,7.241958E+03,1.176045E-01,0.000000E+00,0.000000E+00,1.150207E+00,1.642125E+04,6.574056E+00,7.820130E+04,1.039682E+05,3.446062E+00,1.160641E+05,1.150207E+00,0.000000E+00,0.000000E+00,5.000899E-01,7.139674E+03,2.923168E+00,3.471397E+04,4.647409E+04,1.459972E+00,4.965632E+04,5.000899E-01,0.000000E+00,0.000000E+00
19:00:00,1.176045E-01,1.719341E+03,4.879101E-01,5.918613E+03,8.217713E+03,1.427797E-01,7.444521E+03,1.176045E-01,0.000000E+00,0.000000E+00,1.150207E+00,1.681566E+04,5.923751E+00,7.061942E+04,9.556481E+04,3.496260E+00,1.171235E+05,1.150207E+00,0.000000E+00,0.000000E+00,5.000899E-01,7.311159E+03,2.638793E+00,3.140003E+04,4.283469E+04,1.497238E+00,5.044298E+04,5.000899E-01,0.000000E+00,0.000000E+00
19:15:00,1.176045E-01,1.748914E+03,4.539883E-01,5.514179E+03,7.760352E+03,1.489195E-01,7.574078E+03,1.176045E-01,0.000000E+00,0.000000E+00,1.150207E+00,1.710490E+04,5.216795E+00,6.251652E+04,8.658285E+04,3.530469E+00,1.178454E+05,1.150207E+00,0.000000E+00,0.000000E+00,5.000899E-01,7.436914E+03,2.343268E+00,2.800856E+04,3.914244E+04,1.523022E+00,5.098731E+04,5.000899E-01,0.000000E+00,0.000000E+00
19:30:00,1.176045E-01,1.778488E+03,4.163634E-01,5.068803E+03,7.256941E+03,1.550684E-01,7.703832E+03,1.176045E-01,0.000000E+00,0.000000E+00,1.150207E+00,1.739414E+04,4.424484E+00,5.347015E+04,7.651554E+04,3.562460E+00,1.185206E+05,1.150207E+00,0.000000E+00,0.000000E+00,5.000899E-01,7.562670E+03,2.021862E+00,2.433100E+04,3.508823E+04,1.547548E+00,5.150505E+04,5.000899E-01,0.000000E+00,0.000000E+00
19:45:00,1.176045E-01,1.808061E+03,3.745186E-01,4.576774E+03,6.706735E+03,1.612748E-01,7.834798E+03,1.176045E-01,0.000000E+00,0.000000E+00,1.150207E+00,1.768338E+04,3.503603E+00,4.300260E+04,6.477978E+04,3.594203E+00,1.191905E+05,1.150207E+00,0.000000E+00,0.000000E+00,5.000899E-01,7.688425E+03,1.668189E+00,2.029675E+04,3.057808E+04,1.571843E+00,5.201793E+04,5.000899E-01,0.000000E+00,0.000000E+00
20:00:00,1.176045E-01,1.837635E+03,3.303801E-01,4.059382E+03,6.136109E+03,1.675516E-01,7.967253E+03,1.176045E-01,0.000000E+00,0.000000E+00,1.150207E+00,1.797262E+04,2.516024E+00,3.179775E+04,5.210209E+04,3.625641E+00,1.198540E+05,1.150207E+00,0.000000E+00,0.000000E+00,5.000899E-01,7.814181E+03,1.301748E+00,1.612130E+04,2.583060E+04,1.595955E+00,5.252694E+04,5.000899E-01,0.000000E+00,0.000000E+00
20:15:00,1.176045E-01,1.861831E+03,2.976640E-01,3.673603E+03,5.715410E+03,1.683184E-01,7.983438E+03,1.176045E-01,0.000000E+00,0.000000E+00,1.150207E+00,1.820926E+04,1.678142E+00,2.229996E+04,4.123758E+04,3.633201E+00,1.200136E+05,1.150207E+00,0.000000E+00,0.000000E+00,5.000899E-01,7.917072E+03,9.988713E-01,1.267113E+04,2.183517E+04,1.602201E+00,5.265887E+04,5.000899E-01,0.000000E+00,0.000000E+00
20:30:00,1.176045E-01,1.886028E+03,2.704526E-01,3.348657E+03,5.363512E+03,1.686868E-01,7.991219E+03,1.176045E-01,0.000000E+00,0.000000E+00,1.150207E+00,1.844591E+04,1.150207E+00,1.622794E+04,3.420486E+04,3.636650E+00,1.200863E+05,1.150207E+00,0.000000E+00,0.000000E+00,5.000899E-01,8.019962E+03,7.580127E-01,9.906269E+03,1.851930E+04,1.605309E+00,5.272450E+04,5.000899E-01,0.000000E+00,0.000000E+00
20:45:00,1.176045E-01,1.910224E+03,2.501048E-01,3.099566E+03,5.095078E+03,1.688675E-01,7.995037E+03,1.176045E-01,0.000000E+00,0.000000E+00,1.150207E+00,1.868256E+04,1.150207E+00,1.599129E+04,3.396184E+04,3.639014E+00,1.201362E+05,1.150207E+00,0.000000E+00,0.000000E+00,5.000899E-01,8.122853E+03,5.938512E-01,7.989026E+03,1.612977E+04,1.607445E+00,5.276961E+04,5.000899E-01,0.000000E+00,0.000000E+00
21:00:00,1.176045E-01,1.934421E+03,2.363377E-01,2.923206E+03,4.906357E+03,1.689331E-01,7.996428E+03,1.176045E-01,0.000000E+00,0.000000E+00,1.150207E+00,1.891921E+04,1.150207E+00,1.575464E+04,3.371884E+04,3.640605E+00,1.201698E+05,1.150207E+00,0.000000E+00,0.000000E+00,5.000899E-01,8.225744E+03,5.023587E-01,6.874921E+03,1.469425E+04,1.608876E+00,5.279983E+04,5.000899E-01,0.000000E+00,0.000000E+00
21:15:00,1.176045E-01,1.958617E+03,1.726087E-01,2.196995E+03,4.104304E+03,1.267146E-01,7.105532E+03,1.176045E-01,0.000000E+00,0.000000E+00,1.150207E+00,1.915586E+04,1.150207E+00,1.551800E+04,3.347582E+04,2.731003E+00,1.009742E+05,1.150207E+00,0.000000E+00,0.000000E+00,5.000899E-01,8.328635E+03,5.000899E-01,6.746955E+03,1.455470E+04,1.207148E+00,4.432083E+04,5.000899E-01,0.000000E+00,0.000000E+00
21:30:00,1.176045E-01,1.982814E+03,1.176045E-01,1.562462E+03,3.397935E+03,1.176045E-01,6.913289E+03,1.176045E-01,0.000000E+00,0.000000E+00,1.150207E+00,1.939251E+04,1.150207E+00,1.528135E+04,3.323282E+04,1.820965E+00,8.176929E+04,1.150207E+00,0.000000E+00,0.000000E+00,5.000899E-01,8.431526E+03,5.000899E-01,6.644064E+03,1.444905E+04,8.890469E-01,3.797513E+04,5.000899E-01,0.000000E+00,0.000000E+00
21:45:00,1.176045E-01,2.007010E+03,1.176045E-01,1.538266E+03,3.373088E+03,1.176045E-01,6.913289E+03,1.176045E-01,0.000000E+00,0.000000E+00,1.150207E+00,1.962916E+04,1.150207E+00,1.504470E+04,3.298980E+04,1.150207E+00,6.761402E+04,1.150207E+00,0.000000E+00,0.000000E+00,5.000899E-01,8.534417E+03,5.000899E-01,6.541173E+03,1.434339E+04,6.311325E-01,3.241823E+04,5.000899E-01,0.000000E+00,0.000000E+00
22:00:00,1.176045E-01,2.031207E+03,1.176045E-01,1.514069E+03,3.348241E+03,1.176045E-01,6.913289E+03,1.176045E-01,0.000000E+00,0.000000E+00,1.150207E+00,1.986581E+04,1.150207E+00,1.480805E+04,3.274680E+04,1.150207E+00,6.761402E+04,1.150207E+00,0.000000E+00,0.000000E+00,5.000899E-01,8.637308E+03,5.000899E-01,6.438282E+03,1.423774E+04,5.000899E-01,2.939740E+04,5.000899E-01,0.000000E+00,0.000000E+00
22:15:00,1.176045E-01,2.050026E+03,1.176045E-01,1.495250E+03,3.328915E+03,1.176045E-01,6.913289E+03,1.176045E-01,0.000000E+00,0.000000E+00,1.150207E+00,2.004987E+04,1.150207E+00,1.462399E+04,3.255778E+04,1.150207E+00,6.761402E+04,1.150207E+00,0.000000E+00,0.000000E+00,5.000899E-01,8.717334E+03,5.000899E-01,6.358256E+03,1.415556E+04,5.964373E-01,3.181194E+04,5.000899E-01,0.000000E+00,0.000000E+00
22:30:00,1.176045E-01,2.068846E+03,1.176045E-01,1.476430E+03,3.309591E+03,1.176045E-01,6.913289E+03,1.176045E-01,0.000000E+00,0.000000E+00,1.150207E+00,2.023393E+04,1.150207E+00,1.443993E+04,3.236879E+04,1.150207E+00,6.761402E+04,1.150207E+00,0.000000E+00,0.000000E+00,5.000899E-01,8.797360E+03,5.000899E-01,6.278229E+03,1.407338E+04,7.248866E-01,3.504390E+04,5.000899E-01,0.000000E+00,0.000000E+00
22:45:00,1.176045E-01,2.087665E+03,1.176045E-01,1.457611E+03,3.290265E+03,1.176045E-01,6.913289E+03,1.176045E-01,0.000000E+00,0.000000E+00,1.150207E+00,2.041799E+04,1.150207E+00,1.425587E+04,3.217977E+04,1.150207E+00,6.761402E+04,1.150207E+00,0.000000E+00,0.000000E+00,5.000899E-01,8.877387E+03,5.000899E-01,6.198203E+03,1.399120E+04,8.039076E-01,3.703037E+04,5.000899E-01,0.000000E+00,0.000000E+00
23:00:00,1.176045E-01,2.106485E+03,1.176045E-01,1.438791E+03,3.270939E+03,1.176045E-01,6.913289E+03,1.176045E-01,0.000000E+00,0.000000E+00,1.150207E+00,2.060205E+04,1.150207E+00,1.407181E+04,3.199076E+04,1.150207E+00,6.761402E+04,1.150207E+00,0.000000E+00,0.000000E+00,5.000899E-01,8.957413E+03,5.000899E-01,6.118177E+03,1.390902E+04,8.683662E-01,3.864994E+04,5.000899E-01,0.000000E+00,0.000000E+00
23:15:00,1.176045E-01,2.125304E+03,1.176045E-01,1.419972E+03,3.251615E+03,1.176045E-01,6.913289E+03,1.176045E-01,0.000000E+00,0.000000E+00,1.150207E+00,2.078611E+04,1.150207E+00,1.388775E+04,3.180176E+04,1.214374E+00,6.915917E+04,1.150207E+00,0.000000E+00,0.000000E+00,5.000899E-01,9.037439E+03,5.000899E-01,6.038151E+03,1.382685E+04,9.117803E-01,3.974097E+04,5.000899E-01,0.000000E+00,0.000000E+00
23:30:00,1.176045E-01,2.144124E+03,1.176045E-01,1.401152E+03,3.232288E+03,1.176045E-01,6.913289E+03,1.176045E-01,0.000000E+00,0.000000E+00,1.150207E+00,2.097017E+04,1.150207E+00,1.370369E+04,3.161274E+04,1.780605E+00,8.342765E+04,1.150207E+00,0.000000E+00,0.000000E+00,5.000899E-01,9.117465E+03,5.000899E-01,5.958124E+03,1.374467E+04,9.490060E-01,4.067658E+04,5.000899E-01,0.000000E+00,0.000000E+00
23:45:00,1.176045E-01,2.162943E+03,1.176045E-01,1.382333E+03,3.212962E+03,1.176045E-01,6.913289E+03,1.176045E-01,0.000000E+00,0.000000E+00,1.150207E+00,2.115423E+04,1.150207E+00,1.351963E+04,3.142373E+04,2.153579E+00,9.282068E+04,1.150207E+00,0.000000E+00,0.000000E+00,5.000899E-01,9.197492E+03,5.000899E-01,5.878098E+03,1.366249E+04,9.793658E-01,4.143970E+04,5.000899E-01,0.000000E+00,0.000000E+00
24:00:00,1.176045E-01,2.181763E+03,1.176045E-01,1.363513E+03,3.193638E+03,1.176045E-01,6.913289E+03,1.176045E-01,0.000000E+00,0.000000E+00,1.150207E+00,2.133829E+04,1.150207E+00,1.333557E+04,3.123473E+04,2.404684E+00,9.912980E+04,1.150207E+00,0.000000E+00,0.000000E+00,5.000899E-01,9.277518E+03,5.000899E-01,5.798072E+03,1.358032E+04,1.004633E+00,4.207485E+04,5.000899E-01,0.000000E+00,0.000000E+00
Coinc Peak   ,3.828894E-01,6.200252E-01,1.257043E+04,7.620449E+03,6.295301E+00,8.726976E+00,1.780376E+05,1.044405E+05,2.256947E+00,3.915768E+00,6.677756E+04,4.674497E+04
NonCoinc Peak,3.828894E-01,6.200252E-01,1.257043E+04,7.620449E+03,6.295301E+00,8.726976E+00,1.780376E+05,1.044405E+05,2.256947E+00,3.915768E+00,6.677756E+04,4.674497E+04
