Time,SYS_3_PSZ ALL_ST=SALES AREA_FL=BUILDING STORY 1_SCH=C:DesPer 1:Des Heat Mass Flow [kg/s],SYS_3_PSZ ALL_ST=SALES AREA_FL=BUILDING STORY 1_SCH=C:DesPer 1:Des Heat Cap [W],SYS_3_PSZ ALL_ST=SALES AREA_FL=BUILDING STORY 1_SCH=C:DesPer 1:Des Cool Mass Flow [kg/s],SYS_3_PSZ ALL_ST=SALES AREA_FL=BUILDING STORY 1_SCH=C:DesPer 1:Des Sens Cool Cap [W],SYS_3_PSZ ALL_ST=SALES AREA_FL=BUILDING STORY 1_SCH=C:DesPer 1:Des Tot Cool Cap [W],SYS_3_PSZ ALL_ST=SALES AREA_FL=BUILDING STORY 1_SCH=C:DesPer 2:Des Heat Mass Flow [kg/s],SYS_3_PSZ ALL_ST=SALES AREA_FL=BUILDING STORY 1_SCH=C:DesPer 2:Des Heat Cap [W],SYS_3_PSZ ALL_ST=SALES AREA_FL=BUILDING STORY 1_SCH=C:DesPer 2:Des Cool Mass Flow [kg/s],SYS_3_PSZ ALL_ST=SALES AREA_FL=BUILDING STORY 1_SCH=C:DesPer 2:Des Sens Cool Cap [W],SYS_3_PSZ ALL_ST=SALES AREA_FL=BUILDING STORY 1_SCH=C:DesPer 2:Des Tot Cool Cap [W],SYS_3_PSZ ALL_ST=SALES AREA_FL=BUILDING STORY 1_SCH=C 1:DesPer 1:Des Heat Mass Flow [kg/s],SYS_3_PSZ ALL_ST=SALES AREA_FL=BUILDING STORY 1_SCH=C 1:DesPer 1:Des Heat Cap [W],SYS_3_PSZ ALL_ST=SALES AREA_FL=BUILDING STORY 1_SCH=C 1:DesPer 1:Des Cool Mass Flow [kg/s],SYS_3_PSZ ALL_ST=SALES AREA_FL=BUILDING STORY 1_SCH=C 1:DesPer 1:Des Sens Cool Cap [W],SYS_3_PSZ ALL_ST=SALES AREA_FL=BUILDING STORY 1_SCH=C 1:DesPer 1:Des Tot Cool Cap [W],SYS_3_PSZ ALL_ST=SALES AREA_FL=BUILDING STORY 1_SCH=C 1:DesPer 2:Des Heat Mass Flow [kg/s],SYS_3_PSZ ALL_ST=SALES AREA_FL=BUILDING STORY 1_SCH=C 1:DesPer 2:Des Heat Cap [W],SYS_3_PSZ ALL_ST=SALES AREA_FL=BUILDING STORY 1_SCH=C 1:DesPer 2:Des Cool Mass Flow [kg/s],SYS_3_PSZ ALL_ST=SALES AREA_FL=BUILDING STORY 1_SCH=C 1:DesPer 2:Des Sens Cool Cap [W],SYS_3_PSZ ALL_ST=SALES AREA_FL=BUILDING STORY 1_SCH=C 1:DesPer 2:Des Tot Cool Cap [W],SYS_3_PSZ ALL_ST=SALES AREA_FL=BUILDING STORY 1_SCH=C 2:DesPer 1:Des Heat Mass Flow [kg/s],SYS_3_PSZ ALL_ST=SALES AREA_FL=BUILDING STORY 1_SCH=C 2:DesPer 1:Des Heat Cap [W],SYS_3_PSZ ALL_ST=SALES AREA_FL=BUILDING STORY 1_SCH=C 2:DesPer 1:Des Cool Mass Flow [kg/s],SYS_3_PSZ ALL_ST=SALES AREA_FL=BUILDING STORY 1_SCH=C 2:DesPer 1:Des Sens Cool Cap [W],SYS_3_PSZ ALL_ST=SALES AREA_FL=BUILDING STORY 1_SCH=C 2:DesPer 1:Des Tot Cool Cap [W],SYS_3_PSZ ALL_ST=SALES AREA_FL=BUILDING STORY 1_SCH=C 2:DesPer 2:Des Heat Mass Flow [kg/s],SYS_3_PSZ ALL_ST=SALES AREA_FL=BUILDING STORY 1_SCH=C 2:DesPer 2:Des Heat Cap [W],SYS_3_PSZ ALL_ST=SALES AREA_FL=BUILDING STORY 1_SCH=C 2:DesPer 2:Des Cool Mass Flow [kg/s],SYS_3_PSZ ALL_ST=SALES AREA_FL=BUILDING STORY 1_SCH=C 2:DesPer 2:Des Sens Cool Cap [W],SYS_3_PSZ ALL_ST=SALES AREA_FL=BUILDING STORY 1_SCH=C 2:DesPer 2:Des Tot Cool Cap [W]
01:00:00,2.200892E+00,5.570542E+04,2.200892E+00,1.064215E+04,1.358855E+04,2.200892E+00,1.039445E+05,2.200892E+00,0.000000E+00,0.000000E+00,2.445436E-01,6.189491E+03,2.445436E-01,1.182461E+03,1.509838E+03,2.445436E-01,1.154939E+04,2.445436E-01,0.000000E+00,0.000000E+00,4.890872E-01,1.237898E+04,4.890872E-01,2.364922E+03,3.019677E+03,4.890872E-01,2.309878E+04,4.890872E-01,0.000000E+00,0.000000E+00
02:00:00,2.200892E+00,5.659890E+04,2.200892E+00,9.748669E+03,1.268019E+04,2.200892E+00,1.039445E+05,2.200892E+00,0.000000E+00,0.000000E+00,2.445436E-01,6.288767E+03,2.445436E-01,1.083185E+03,1.408910E+03,2.445436E-01,1.154939E+04,2.445436E-01,0.000000E+00,0.000000E+00,4.890872E-01,1.257753E+04,4.890872E-01,2.166371E+03,2.817821E+03,4.890872E-01,2.309878E+04,4.890872E-01,0.000000E+00,0.000000E+00
03:00:00,2.200892E+00,5.726901E+04,2.200892E+00,9.078559E+03,1.199895E+04,2.200892E+00,1.039445E+05,2.200892E+00,0.000000E+00,0.000000E+00,2.445436E-01,6.363223E+03,2.445436E-01,1.008729E+03,1.333217E+03,2.445436E-01,1.154939E+04,2.445436E-01,0.000000E+00,0.000000E+00,4.890872E-01,1.272645E+04,4.890872E-01,2.017458E+03,2.666434E+03,4.890872E-01,2.309878E+04,4.890872E-01,0.000000E+00,0.000000E+00
04:00:00,2.200892E+00,5.793912E+04,2.200892E+00,8.408448E+03,1.131768E+04,2.200892E+00,1.039445E+05,2.200892E+00,0.000000E+00,0.000000E+00,2.445436E-01,6.437680E+03,2.445436E-01,9.342721E+02,1.257520E+03,2.445436E-01,1.154939E+04,2.445436E-01,0.000000E+00,0.000000E+00,4.890872E-01,1.287536E+04,4.890872E-01,1.868544E+03,2.515040E+03,4.890872E-01,2.309878E+04,4.890872E-01,0.000000E+00,0.000000E+00
05:00:00,2.200892E+00,5.838586E+04,2.200892E+00,7.961708E+03,1.086352E+04,2.200892E+00,1.039445E+05,2.200892E+00,0.000000E+00,0.000000E+00,2.445436E-01,6.487318E+03,2.445436E-01,8.846342E+02,1.207058E+03,2.445436E-01,1.154939E+04,2.445436E-01,0.000000E+00,0.000000E+00,4.890872E-01,1.297464E+04,4.890872E-01,1.769268E+03,2.414116E+03,4.890872E-01,2.309878E+04,4.890872E-01,0.000000E+00,0.000000E+00
06:00:00,2.200892E+00,5.793912E+04,2.200892E+00,8.408448E+03,1.131768E+04,2.200892E+00,1.039445E+05,2.200892E+00,0.000000E+00,0.000000E+00,2.445436E-01,6.437680E+03,2.445436E-01,9.342721E+02,1.257520E+03,2.445436E-01,1.154939E+04,2.445436E-01,0.000000E+00,0.000000E+00,4.890872E-01,1.287536E+04,4.890872E-01,1.868544E+03,2.515040E+03,4.890872E-01,2.309878E+04,4.890872E-01,0.000000E+00,0.000000E+00
07:00:00,2.200892E+00,5.637553E+04,2.200892E+00,9.972040E+03,1.290727E+04,2.200892E+00,1.039445E+05,2.200892E+00,0.000000E+00,0.000000E+00,2.445436E-01,6.263948E+03,2.445436E-01,1.108004E+03,1.434141E+03,2.445436E-01,1.154939E+04,2.445436E-01,0.000000E+00,0.000000E+00,4.890872E-01,1.252790E+04,4.890872E-01,2.216009E+03,2.868282E+03,4.890872E-01,2.309878E+04,4.890872E-01,0.000000E+00,0.000000E+00
08:00:00,2.200892E+00,5.257824E+04,2.200892E+00,1.376933E+04,1.676773E+04,2.200892E+00,1.039445E+05,2.200892E+00,0.000000E+00,0.000000E+00,2.445436E-01,5.842026E+03,1.169996E+00,1.240092E+04,1.324637E+04,2.836302E-01,1.246719E+04,2.445436E-01,0.000000E+00,0.000000E+00,4.890872E-01,1.168405E+04,4.890872E-01,3.059852E+03,3.726163E+03,4.890872E-01,2.309878E+04,4.890872E-01,0.000000E+00,0.000000E+00
09:00:00,2.200892E+00,4.833420E+04,2.200892E+00,1.801336E+04,2.108231E+04,2.465569E+00,1.096282E+05,2.200892E+00,0.000000E+00,0.000000E+00,2.445436E-01,5.370467E+03,1.403954E+00,1.489864E+04,1.566300E+04,4.008775E-01,1.490776E+04,2.445436E-01,0.000000E+00,0.000000E+00,4.890872E-01,1.074093E+04,4.890872E-01,4.002970E+03,4.684958E+03,6.294266E-01,2.611313E+04,4.890872E-01,0.000000E+00,0.000000E+00
10:00:00,2.200892E+00,4.453691E+04,2.200892E+00,2.181066E+04,2.494277E+04,2.200892E+00,1.039445E+05,2.200892E+00,0.000000E+00,0.000000E+00,2.445436E-01,4.948546E+03,1.165876E+00,1.260993E+04,1.315358E+04,2.445436E-01,1.154939E+04,2.445436E-01,0.000000E+00,0.000000E+00,4.890872E-01,9.897091E+03,5.222674E-01,5.213535E+03,5.940896E+03,4.890872E-01,2.309878E+04,4.890872E-01,0.000000E+00,0.000000E+00
11:00:00,2.200892E+00,4.118636E+04,2.468850E+00,2.812272E+04,3.160607E+04,2.200892E+00,1.039445E+05,2.200892E+00,0.000000E+00,0.000000E+00,2.445436E-01,4.576262E+03,8.449416E-01,9.432673E+03,9.961775E+03,2.445436E-01,1.154939E+04,2.445436E-01,0.000000E+00,0.000000E+00,4.890872E-01,9.152524E+03,6.610155E-01,7.491594E+03,8.342631E+03,4.890872E-01,2.309878E+04,4.890872E-01,0.000000E+00,0.000000E+00
12:00:00,2.200892E+00,3.895266E+04,2.869091E+00,3.477992E+04,3.863605E+04,2.200892E+00,1.039445E+05,2.200892E+00,0.000000E+00,0.000000E+00,2.445436E-01,4.328073E+03,6.011491E-01,6.985591E+03,7.479378E+03,2.445436E-01,1.154939E+04,2.445436E-01,0.000000E+00,0.000000E+00,4.890872E-01,8.656146E+03,7.655687E-01,9.143530E+03,1.006830E+04,4.890872E-01,2.309878E+04,4.890872E-01,0.000000E+00,0.000000E+00
13:00:00,2.200892E+00,3.716570E+04,3.134298E+00,3.949805E+04,4.354746E+04,2.200892E+00,1.039445E+05,2.200892E+00,0.000000E+00,0.000000E+00,2.445436E-01,4.129522E+03,5.261384E-01,6.354919E+03,6.851625E+03,2.445436E-01,1.154939E+04,2.445436E-01,0.000000E+00,0.000000E+00,4.890872E-01,8.259044E+03,8.342371E-01,1.029958E+04,1.127116E+04,4.890872E-01,2.309878E+04,4.890872E-01,0.000000E+00,0.000000E+00
14:00:00,2.200892E+00,3.604885E+04,3.109930E+00,4.034565E+04,4.441115E+04,2.200892E+00,1.039445E+05,2.200892E+00,0.000000E+00,0.000000E+00,2.445436E-01,4.005427E+03,4.983800E-01,6.172142E+03,6.691547E+03,2.445436E-01,1.154939E+04,2.445436E-01,0.000000E+00,0.000000E+00,4.890872E-01,8.010855E+03,8.948564E-01,1.121776E+04,1.225518E+04,4.890872E-01,2.309878E+04,4.890872E-01,0.000000E+00,0.000000E+00
15:00:00,2.200892E+00,3.604885E+04,2.902256E+00,3.805039E+04,4.197130E+04,2.200892E+00,1.039445E+05,2.200892E+00,0.000000E+00,0.000000E+00,2.445436E-01,4.005427E+03,4.654211E-01,5.807798E+03,6.327423E+03,2.445436E-01,1.154939E+04,2.445436E-01,0.000000E+00,0.000000E+00,4.890872E-01,8.010855E+03,1.148472E+00,1.402073E+04,1.527263E+04,4.890872E-01,2.309878E+04,4.890872E-01,0.000000E+00,0.000000E+00
16:00:00,2.200892E+00,3.738907E+04,2.640372E+00,3.381575E+04,3.749522E+04,2.200892E+00,1.039445E+05,2.200892E+00,0.000000E+00,0.000000E+00,2.445436E-01,4.154341E+03,4.215439E-01,5.173900E+03,5.668810E+03,2.445436E-01,1.154939E+04,2.445436E-01,0.000000E+00,0.000000E+00,4.890872E-01,8.308681E+03,1.436576E+00,1.690678E+04,1.832391E+04,4.890872E-01,2.309878E+04,4.890872E-01,0.000000E+00,0.000000E+00
17:00:00,2.200892E+00,3.917603E+04,2.396813E+00,2.933690E+04,3.276016E+04,2.200892E+00,1.039445E+05,2.200892E+00,0.000000E+00,0.000000E+00,2.445436E-01,4.352892E+03,3.726336E-01,4.434766E+03,4.894763E+03,2.445436E-01,1.154939E+04,2.445436E-01,0.000000E+00,0.000000E+00,4.890872E-01,8.705784E+03,1.561875E+00,1.789430E+04,1.927456E+04,4.890872E-01,2.309878E+04,4.890872E-01,0.000000E+00,0.000000E+00
18:00:00,2.200892E+00,4.140973E+04,2.200892E+00,2.493784E+04,2.812192E+04,2.200892E+00,1.039445E+05,2.200892E+00,0.000000E+00,0.000000E+00,2.445436E-01,4.601081E+03,3.149223E-01,3.548728E+03,3.965378E+03,2.445436E-01,1.154939E+04,2.445436E-01,0.000000E+00,0.000000E+00,4.890872E-01,9.202162E+03,1.512090E+00,1.684787E+04,1.814010E+04,4.890872E-01,2.309878E+04,4.890872E-01,0.000000E+00,0.000000E+00
19:00:00,2.200892E+00,4.476028E+04,2.200892E+00,2.158729E+04,2.471566E+04,2.200892E+00,1.039445E+05,2.200892E+00,0.000000E+00,0.000000E+00,2.445436E-01,4.973365E+03,2.498150E-01,2.456849E+03,2.809622E+03,2.445436E-01,1.154939E+04,2.445436E-01,0.000000E+00,0.000000E+00,4.890872E-01,9.946729E+03,1.280559E+00,1.354460E+04,1.467742E+04,4.890872E-01,2.309878E+04,4.890872E-01,0.000000E+00,0.000000E+00
20:00:00,2.200892E+00,4.721735E+04,2.200892E+00,1.913022E+04,2.221775E+04,2.200892E+00,1.039445E+05,2.200892E+00,0.000000E+00,0.000000E+00,2.445436E-01,5.246373E+03,2.445436E-01,2.125580E+03,2.468639E+03,2.445436E-01,1.154939E+04,2.445436E-01,0.000000E+00,0.000000E+00,4.890872E-01,1.049275E+04,7.591897E-01,7.236421E+03,8.063638E+03,4.890872E-01,2.309878E+04,4.890872E-01,0.000000E+00,0.000000E+00
21:00:00,2.200892E+00,4.922768E+04,2.200892E+00,1.711988E+04,2.017399E+04,2.200892E+00,1.039445E+05,2.200892E+00,0.000000E+00,0.000000E+00,2.445436E-01,5.469743E+03,2.445436E-01,1.902209E+03,2.241555E+03,2.445436E-01,1.154939E+04,2.445436E-01,0.000000E+00,0.000000E+00,4.890872E-01,1.093949E+04,4.890872E-01,3.804419E+03,4.483110E+03,4.890872E-01,2.309878E+04,4.890872E-01,0.000000E+00,0.000000E+00
22:00:00,2.200892E+00,5.123802E+04,2.200892E+00,1.510955E+04,1.813021E+04,2.200892E+00,1.039445E+05,2.200892E+00,0.000000E+00,0.000000E+00,2.445436E-01,5.693113E+03,2.445436E-01,1.678839E+03,2.014468E+03,2.445436E-01,1.154939E+04,2.445436E-01,0.000000E+00,0.000000E+00,4.890872E-01,1.138623E+04,4.890872E-01,3.357678E+03,4.028935E+03,4.890872E-01,2.309878E+04,4.890872E-01,0.000000E+00,0.000000E+00
23:00:00,2.200892E+00,5.280161E+04,2.200892E+00,1.354596E+04,1.654065E+04,2.200892E+00,1.039445E+05,2.200892E+00,0.000000E+00,0.000000E+00,2.445436E-01,5.866845E+03,2.445436E-01,1.505107E+03,1.837850E+03,2.445436E-01,1.154939E+04,2.445436E-01,0.000000E+00,0.000000E+00,4.890872E-01,1.173369E+04,4.890872E-01,3.010214E+03,3.675700E+03,4.890872E-01,2.309878E+04,4.890872E-01,0.000000E+00,0.000000E+00
24:00:00,2.200892E+00,5.436520E+04,2.200892E+00,1.198237E+04,1.495106E+04,2.200892E+00,1.039445E+05,2.200892E+00,0.000000E+00,0.000000E+00,2.445436E-01,6.040577E+03,2.445436E-01,1.331375E+03,1.661229E+03,2.445436E-01,1.154939E+04,2.445436E-01,0.000000E+00,0.000000E+00,4.890872E-01,1.208115E+04,4.890872E-01,2.662749E+03,3.322457E+03,4.890872E-01,2.309878E+04,4.890872E-01,0.000000E+00,0.000000E+00
Coinc Peak   ,2.465569E+00,3.134298E+00,1.096282E+05,3.949805E+04,4.008775E-01,1.403954E+00,1.490776E+04,1.489864E+04,6.294266E-01,1.561875E+00,2.611313E+04,1.789430E+04
NonCoinc Peak,2.465569E+00,3.134298E+00,1.096282E+05,3.949805E+04,4.008775E-01,1.403954E+00,1.490776E+04,1.489864E+04,6.294266E-01,1.561875E+00,2.611313E+04,1.789430E+04
