<measure>
  <schema_version>3.0</schema_version>
  <name>btap_set_infiltration</name>
  <uid>9d7b0789-3974-4869-a2a8-055391857e3c</uid>
  <version_id>31bf3352-9db1-4970-a174-a9c023c36b66</version_id>
  <version_modified>20190117T165940Z</version_modified>
  <xml_checksum>E88CCCA7</xml_checksum>
  <class_name>BTAPSetInfiltration</class_name>
  <display_name>BTAPSetInfiltration</display_name>
  <description>Replace all Space Infiltration objects with a new one that has a prescribed flow rate per exterior surface area.  There are many strategies that can be used to reduce infiltration.&#xd;&#xd;&#xd;&#xd;&#xd;&#xd;
&#xd;&#xd;&#xd;&#xd;&#xd;&#xd;
Seal Windows ? Seal all windows and doors with weather strip and fill any air gaps with insulation and caulking to prevent air infiltration.&#xd;&#xd;&#xd;&#xd;&#xd;&#xd;
&#xd;&#xd;&#xd;&#xd;&#xd;&#xd;
Install Revolving Doors on the Inner Door Entrance - Replace the high traffic entrance doors with revolving doors.  This will reduce the air infiltration associated with the doors.  Notice that loading dock doors and handicapped accessible entrances cannot be replaced with revolving doors.&#xd;&#xd;&#xd;&#xd;&#xd;&#xd;
&#xd;&#xd;&#xd;&#xd;&#xd;&#xd;
Install an Air Curtain for the Loading Dock Door - An air curtain should be installed in the entryway of loading dock doors.  This will greatly reduce outside air from infiltrating during periods of time when loading dock doors are open.&#xd;&#xd;&#xd;&#xd;&#xd;&#xd;
&#xd;&#xd;&#xd;&#xd;&#xd;&#xd;
Identify and seal other sources of infiltration ? Look for other uncontrolled infiltration sources and work to air seal.  These could be former electrical chases, abandoned HVAC ducting, general envelope deterioration, or many other sources.&#xd;&#xd;&#xd;&#xd;&#xd;&#xd;
  </description>
  <modeler_description>Remove all infiltration objects used in the model and add in a new object to each space type, and then to spaces without space types. Schedules come from the schedule sets. Warn user if there is no schedule set associated with a space type.&#xd;&#xd;&#xd;&#xd;&#xd;&#xd;
&#xd;&#xd;&#xd;&#xd;&#xd;&#xd;
A one time material &amp; installation cost can be added to the building object to reflect improvements made throughout the envelope. "Years Until Costs Start? is typically "0?, but you can use a larger number if you want to delay the improvements.  O&amp;M cost and frequency can be whatever is appropriate for the component. This measure hard sizes the costs based on current infiltration levels.  As a result any change to the models made by measures run after this that have an impact on infiltration will not affect the cost. An example of a problematic measure would be deleting a space from the model or making each floor taller; in both cases adjusting the total exterior envelope area.&#xd;&#xd;&#xd;&#xd;&#xd;&#xd;
  </modeler_description>
  <arguments>
    <argument>
      <name>infiltration_ip</name>
      <display_name>Space Infiltration Flow per Exterior Envelope Surface Area (cfm/ft^2).</display_name>
      <type>Double</type>
      <required>true</required>
      <model_dependent>false</model_dependent>
      <default_value>0.05</default_value>
    </argument>
    <argument>
      <name>material_cost_ip</name>
      <display_name>Increase in Material and Installation Costs for Building per Exterior Envelope Area ($/ft^2).</display_name>
      <type>Double</type>
      <required>true</required>
      <model_dependent>false</model_dependent>
      <default_value>0</default_value>
    </argument>
    <argument>
      <name>om_cost_ip</name>
      <display_name>O &amp; M Costs for Construction per Area Used ($/ft^2).</display_name>
      <type>Double</type>
      <required>true</required>
      <model_dependent>false</model_dependent>
      <default_value>0</default_value>
    </argument>
    <argument>
      <name>om_frequency</name>
      <display_name>O &amp; M Frequency (whole years).</display_name>
      <type>Integer</type>
      <required>true</required>
      <model_dependent>false</model_dependent>
      <default_value>1</default_value>
    </argument>
  </arguments>
  <outputs/>
  <provenances/>
  <tags>
    <tag>Envelope.Infiltration</tag>
  </tags>
  <attributes>
    <attribute>
      <name>Measure Type</name>
      <value>ModelMeasure</value>
      <datatype>string</datatype>
    </attribute>
    <attribute>
      <name>Measure Function</name>
      <value>Measure</value>
      <datatype>string</datatype>
    </attribute>
    <attribute>
      <name>Requires EnergyPlus Results</name>
      <value>false</value>
      <datatype>boolean</datatype>
    </attribute>
    <attribute>
      <name>Uses SketchUp API</name>
      <value>false</value>
      <datatype>boolean</datatype>
    </attribute>
  </attributes>
  <files>
    <file>
      <filename>EnvelopeAndLoadTestModel_01.osm</filename>
      <filetype>osm</filetype>
      <usage_type>test</usage_type>
      <checksum>D136DC8F</checksum>
    </file>
    <file>
      <filename>ReverseTranslatedModel.osm</filename>
      <filetype>osm</filetype>
      <usage_type>test</usage_type>
      <checksum>0B94403D</checksum>
    </file>
    <file>
      <filename>LICENSE.md</filename>
      <filetype>md</filetype>
      <usage_type>license</usage_type>
      <checksum>9640B6CB</checksum>
    </file>
    <file>
      <filename>README.md.erb</filename>
      <filetype>erb</filetype>
      <usage_type>readmeerb</usage_type>
      <checksum>703C9964</checksum>
    </file>
    <file>
      <filename>BTAPSetInfiltration_Test.rb</filename>
      <filetype>rb</filetype>
      <usage_type>test</usage_type>
      <checksum>DE0DBB9F</checksum>
    </file>
    <file>
      <version>
        <software_program>OpenStudio</software_program>
        <identifier>2.0.0</identifier>
        <min_compatible>2.0.0</min_compatible>
      </version>
      <filename>measure.rb</filename>
      <filetype>rb</filetype>
      <usage_type>script</usage_type>
      <checksum>B2058296</checksum>
    </file>
    <file>
      <filename>README.md</filename>
      <filetype>md</filetype>
      <usage_type>readme</usage_type>
      <checksum>3A38623F</checksum>
    </file>
  </files>
</measure>
