<measure>
  <schema_version>3.0</schema_version>
  <name>btap_envelope_construction_measure_detailed</name>
  <uid>224561f4-8ccc-4f60-8118-34b85359d6f7</uid>
  <version_id>a90909a4-2d78-4cde-9c73-2cb7fa76d741</version_id>
  <version_modified>20180424T003744Z</version_modified>
  <xml_checksum>2609226D</xml_checksum>
  <class_name>BTAPEnvelopeConstructionMeasureDetailed</class_name>
  <display_name>BTAPEnvelopeConstructionMeasureDetailed</display_name>
  <description>Changes exterior wall construction's thermal conductances, Visible Transmittance and SHGC where application for each surface type.</description>
  <modeler_description>Changes exterior wall construction's thermal conductances, Visible Transmittance and SHGC where application for each surface type.</modeler_description>
  <arguments>
    <argument>
      <name>outdoors_wall_conductance</name>
      <display_name>Outdoors Wall Conductance (W/m2 K)</display_name>
      <type>String</type>
      <required>true</required>
      <model_dependent>false</model_dependent>
      <default_value>baseline</default_value>
    </argument>
    <argument>
      <name>outdoors_roofceiling_conductance</name>
      <display_name>Outdoors RoofCeiling Conductance (W/m2 K)</display_name>
      <type>String</type>
      <required>true</required>
      <model_dependent>false</model_dependent>
      <default_value>baseline</default_value>
    </argument>
    <argument>
      <name>outdoors_floor_conductance</name>
      <display_name>Outdoors Floor Conductance (W/m2 K)</display_name>
      <type>String</type>
      <required>true</required>
      <model_dependent>false</model_dependent>
      <default_value>baseline</default_value>
    </argument>
    <argument>
      <name>ground_wall_conductance</name>
      <display_name>Ground Wall Conductance (W/m2 K)</display_name>
      <type>String</type>
      <required>true</required>
      <model_dependent>false</model_dependent>
      <default_value>baseline</default_value>
    </argument>
    <argument>
      <name>ground_roofceiling_conductance</name>
      <display_name>Ground RoofCeiling Conductance (W/m2 K)</display_name>
      <type>String</type>
      <required>true</required>
      <model_dependent>false</model_dependent>
      <default_value>baseline</default_value>
    </argument>
    <argument>
      <name>ground_floor_conductance</name>
      <display_name>Ground Floor Conductance (W/m2 K)</display_name>
      <type>String</type>
      <required>true</required>
      <model_dependent>false</model_dependent>
      <default_value>baseline</default_value>
    </argument>
    <argument>
      <name>outdoors_fixedwindow_conductance</name>
      <display_name>Outdoors FixedWindow Conductance (W/m2 K)</display_name>
      <type>String</type>
      <required>true</required>
      <model_dependent>false</model_dependent>
      <default_value>baseline</default_value>
    </argument>
    <argument>
      <name>outdoors_operablewindow_conductance</name>
      <display_name>Outdoors OperableWindow Conductance (W/m2 K)</display_name>
      <type>String</type>
      <required>true</required>
      <model_dependent>false</model_dependent>
      <default_value>baseline</default_value>
    </argument>
    <argument>
      <name>outdoors_skylight_conductance</name>
      <display_name>Outdoors Skylight Conductance (W/m2 K)</display_name>
      <type>String</type>
      <required>true</required>
      <model_dependent>false</model_dependent>
      <default_value>baseline</default_value>
    </argument>
    <argument>
      <name>outdoors_tubulardaylightdiffuser_conductance</name>
      <display_name>Outdoors TubularDaylightDiffuser Conductance (W/m2 K)</display_name>
      <type>String</type>
      <required>true</required>
      <model_dependent>false</model_dependent>
      <default_value>baseline</default_value>
    </argument>
    <argument>
      <name>outdoors_tubulardaylightdome_conductance</name>
      <display_name>Outdoors TubularDaylightDome Conductance (W/m2 K)</display_name>
      <type>String</type>
      <required>true</required>
      <model_dependent>false</model_dependent>
      <default_value>baseline</default_value>
    </argument>
    <argument>
      <name>outdoors_door_conductance</name>
      <display_name>Outdoors Door Conductance (W/m2 K)</display_name>
      <type>String</type>
      <required>true</required>
      <model_dependent>false</model_dependent>
      <default_value>baseline</default_value>
    </argument>
    <argument>
      <name>outdoors_glassdoor_conductance</name>
      <display_name>Outdoors GlassDoor Conductance (W/m2 K)</display_name>
      <type>String</type>
      <required>true</required>
      <model_dependent>false</model_dependent>
      <default_value>baseline</default_value>
    </argument>
    <argument>
      <name>outdoors_overheaddoor_conductance</name>
      <display_name>Outdoors OverheadDoor Conductance (W/m2 K)</display_name>
      <type>String</type>
      <required>true</required>
      <model_dependent>false</model_dependent>
      <default_value>baseline</default_value>
    </argument>
    <argument>
      <name>outdoors_fixedwindow_shgc</name>
      <display_name>Outdoors FixedWindow SHGC</display_name>
      <type>String</type>
      <required>true</required>
      <model_dependent>false</model_dependent>
      <default_value>baseline</default_value>
    </argument>
    <argument>
      <name>outdoors_operablewindow_shgc</name>
      <display_name>Outdoors OperableWindow SHGC</display_name>
      <type>String</type>
      <required>true</required>
      <model_dependent>false</model_dependent>
      <default_value>baseline</default_value>
    </argument>
    <argument>
      <name>outdoors_skylight_shgc</name>
      <display_name>Outdoors Skylight SHGC</display_name>
      <type>String</type>
      <required>true</required>
      <model_dependent>false</model_dependent>
      <default_value>baseline</default_value>
    </argument>
    <argument>
      <name>outdoors_tubulardaylightdiffuser_shgc</name>
      <display_name>Outdoors TubularDaylightDiffuser SHGC</display_name>
      <type>String</type>
      <required>true</required>
      <model_dependent>false</model_dependent>
      <default_value>baseline</default_value>
    </argument>
    <argument>
      <name>outdoors_tubulardaylightdome_shgc</name>
      <display_name>Outdoors TubularDaylightDome SHGC</display_name>
      <type>String</type>
      <required>true</required>
      <model_dependent>false</model_dependent>
      <default_value>baseline</default_value>
    </argument>
    <argument>
      <name>outdoors_glassdoor_shgc</name>
      <display_name>Outdoors GlassDoor SHGC</display_name>
      <type>String</type>
      <required>true</required>
      <model_dependent>false</model_dependent>
      <default_value>baseline</default_value>
    </argument>
    <argument>
      <name>outdoors_fixedwindow_tvis</name>
      <display_name>Outdoors FixedWindow Visible Transmittance</display_name>
      <type>String</type>
      <required>true</required>
      <model_dependent>false</model_dependent>
      <default_value>baseline</default_value>
    </argument>
    <argument>
      <name>outdoors_operablewindow_tvis</name>
      <display_name>Outdoors OperableWindow Visible Transmittance</display_name>
      <type>String</type>
      <required>true</required>
      <model_dependent>false</model_dependent>
      <default_value>baseline</default_value>
    </argument>
    <argument>
      <name>outdoors_skylight_tvis</name>
      <display_name>Outdoors Skylight Visible Transmittance</display_name>
      <type>String</type>
      <required>true</required>
      <model_dependent>false</model_dependent>
      <default_value>baseline</default_value>
    </argument>
    <argument>
      <name>outdoors_tubulardaylightdiffuser_tvis</name>
      <display_name>Outdoors TubularDaylightDiffuser Visible Transmittance</display_name>
      <type>String</type>
      <required>true</required>
      <model_dependent>false</model_dependent>
      <default_value>baseline</default_value>
    </argument>
    <argument>
      <name>outdoors_tubulardaylightdome_tvis</name>
      <display_name>Outdoors TubularDaylightDome Visible Transmittance</display_name>
      <type>String</type>
      <required>true</required>
      <model_dependent>false</model_dependent>
      <default_value>baseline</default_value>
    </argument>
    <argument>
      <name>outdoors_glassdoor_tvis</name>
      <display_name>Outdoors GlassDoor Visible Transmittance</display_name>
      <type>String</type>
      <required>true</required>
      <model_dependent>false</model_dependent>
      <default_value>baseline</default_value>
    </argument>
  </arguments>
  <outputs/>
  <provenances/>
  <tags>
    <tag>Envelope.Opaque</tag>
  </tags>
  <attributes>
    <attribute>
      <name>Measure Type</name>
      <value>ModelMeasure</value>
      <datatype>string</datatype>
    </attribute>
    <attribute>
      <name>Intended Software Tool</name>
      <value>Apply Measure Now</value>
      <datatype>string</datatype>
    </attribute>
    <attribute>
      <name>Intended Software Tool</name>
      <value>OpenStudio Application</value>
      <datatype>string</datatype>
    </attribute>
    <attribute>
      <name>Intended Software Tool</name>
      <value>Parametric Analysis Tool</value>
      <datatype>string</datatype>
    </attribute>
  </attributes>
  <files>
    <file>
      <filename>BTAPEnvelopeConstructionMeasureDetailed_test.rb</filename>
      <filetype>rb</filetype>
      <usage_type>test</usage_type>
      <checksum>92AC922F</checksum>
    </file>
    <file>
      <version>
        <software_program>OpenStudio</software_program>
        <identifier>2.3.0</identifier>
        <min_compatible>2.3.0</min_compatible>
      </version>
      <filename>measure.rb</filename>
      <filetype>rb</filetype>
      <usage_type>script</usage_type>
      <checksum>80875D6A</checksum>
    </file>
  </files>
</measure>
