<measure>
  <schema_version>3.0</schema_version>
  <name>btap_alter_shgc</name>
  <uid>9d86e04c-8e2c-4a42-a0dc-037a20881320</uid>
  <version_id>8ed1c43c-0d52-414a-a40d-73c02f31aa40</version_id>
  <version_modified>20190804T160844Z</version_modified>
  <xml_checksum>2609226D</xml_checksum>
  <class_name>BTAPAlterSHGC</class_name>
  <display_name>BTAPAlterSHGC</display_name>
  <description>Changes SHGC of simple glazing systems</description>
  <modeler_description>Get simple glazing systems and change the SHGC </modeler_description>
  <arguments>
    <argument>
      <name>type_of_glazing</name>
      <display_name>Type of glazing</display_name>
      <type>String</type>
      <required>true</required>
      <model_dependent>false</model_dependent>
      <default_value>SimpleGlazingSystem</default_value>
    </argument>
    <argument>
      <name>card_direct</name>
      <display_name>Cardinal Direction</display_name>
      <type>String</type>
      <required>true</required>
      <model_dependent>false</model_dependent>
      <default_value>All</default_value>
    </argument>
    <argument>
      <name>new_shgc</name>
      <display_name>SHGC</display_name>
      <type>Double</type>
      <required>true</required>
      <model_dependent>false</model_dependent>
      <default_value>0.3</default_value>
    </argument>
  </arguments>
  <outputs/>
  <provenances/>
  <tags>
    <tag>Envelope.Opaque</tag>
  </tags>
  <attributes>
    <attribute>
      <name>Measure Type</name>
      <value>ModelMeasure</value>
      <datatype>string</datatype>
    </attribute>
    <attribute>
      <name>Intended Software Tool</name>
      <value>Apply Measure Now</value>
      <datatype>string</datatype>
    </attribute>
    <attribute>
      <name>Intended Software Tool</name>
      <value>OpenStudio Application</value>
      <datatype>string</datatype>
    </attribute>
    <attribute>
      <name>Intended Software Tool</name>
      <value>Parametric Analysis Tool</value>
      <datatype>string</datatype>
    </attribute>
  </attributes>
  <files>
    <file>
      <filename>BTAPMeasureHelper.rb</filename>
      <filetype>rb</filetype>
      <usage_type>resource</usage_type>
      <checksum>5CCA669A</checksum>
    </file>
    <file>
      <filename>test.rb</filename>
      <filetype>rb</filetype>
      <usage_type>test</usage_type>
      <checksum>5E7EBF34</checksum>
    </file>
    <file>
      <version>
        <software_program>OpenStudio</software_program>
        <identifier>2.3.0</identifier>
        <min_compatible>2.3.0</min_compatible>
      </version>
      <filename>measure.rb</filename>
      <filetype>rb</filetype>
      <usage_type>script</usage_type>
      <checksum>ED812C20</checksum>
    </file>
  </files>
</measure>
