<measure>
  <schema_version>3.0</schema_version>
  <name>btap_results</name>
  <uid>98aec261-d860-4ffa-9537-fa32cd356857</uid>
  <version_id>b0b0c8b6-62a4-49e7-b2ba-a9f717ca2d38</version_id>
  <version_modified>20180228T202816Z</version_modified>
  <xml_checksum>C3418C13</xml_checksum>
  <class_name>BTAPResults</class_name>
  <display_name>BTAP Results</display_name>
  <description>This measure creates BTAP result values used for NRCan analyses.</description>
  <modeler_description>Grabs data from OS model and sql database and keeps them in the </modeler_description>
  <arguments>
    <argument>
      <name>generate_hourly_report</name>
      <display_name>Generate Hourly Report.</display_name>
      <type>String</type>
      <required>false</required>
      <model_dependent>false</model_dependent>
      <default_value>false</default_value>
    </argument>
  </arguments>
  <outputs/>
  <provenances/>
  <tags>
    <tag>Reporting.QAQC</tag>
  </tags>
  <attributes>
    <attribute>
      <name>Measure Type</name>
      <value>ReportingMeasure</value>
      <datatype>string</datatype>
    </attribute>
    <attribute>
      <name>Intended Software Tool</name>
      <value>Analysis Spreadsheet</value>
      <datatype>string</datatype>
    </attribute>
  </attributes>
  <files>
    <file>
      <filename>os_lib_helper_methods.rb</filename>
      <filetype>rb</filetype>
      <usage_type>resource</usage_type>
      <checksum>A6430141</checksum>
    </file>
    <file>
      <filename>os_lib_reporting.rb</filename>
      <filetype>rb</filetype>
      <usage_type>resource</usage_type>
      <checksum>0F9C02BF</checksum>
    </file>
    <file>
      <filename>os_lib_schedules.rb</filename>
      <filetype>rb</filetype>
      <usage_type>resource</usage_type>
      <checksum>C4185CAA</checksum>
    </file>
    <file>
      <filename>report.html.erb</filename>
      <filetype>erb</filetype>
      <usage_type>resource</usage_type>
      <checksum>7DC1F0A7</checksum>
    </file>
    <file>
      <filename>necb_2011_spacetype_info.csv</filename>
      <filetype>csv</filetype>
      <usage_type>resource</usage_type>
      <checksum>6B0BD83E</checksum>
    </file>
    <file>
      <version>
        <software_program>OpenStudio</software_program>
        <identifier>1.14.0</identifier>
        <min_compatible>1.14.0</min_compatible>
      </version>
      <filename>measure.rb</filename>
      <filetype>rb</filetype>
      <usage_type>script</usage_type>
      <checksum>10B41562</checksum>
    </file>
    <file>
      <filename>OpenStudioResults_Test.rb</filename>
      <filetype>rb</filetype>
      <usage_type>test</usage_type>
      <checksum>01C059E0</checksum>
    </file>
    <file>
      <filename>neb_end_use_prices.csv</filename>
      <filetype>csv</filetype>
      <usage_type>resource</usage_type>
      <checksum>39B60B6B</checksum>
    </file>
  </files>
</measure>
