<measure>
  <schema_version>3.0</schema_version>
  <name>btap_set_fan_eff</name>
  <uid>13bc05eb-5e4f-4dca-b9d0-b5a2d00bf978</uid>
  <version_id>f655c48e-ac01-40f6-a7cb-6578571a0047</version_id>
  <version_modified>20190804T160845Z</version_modified>
  <xml_checksum>2609226D</xml_checksum>
  <class_name>BTAPSetFanEff</class_name>
  <display_name>BTAPSetFanEff</display_name>
  <description>Sets all fan efficiency to specified value</description>
  <modeler_description>This template measure is used to ensure consistency in BTAP measures.</modeler_description>
  <arguments>
    <argument>
      <name>eff_cz4</name>
      <display_name>Fan efficiency_cz4</display_name>
      <type>Double</type>
      <required>true</required>
      <model_dependent>false</model_dependent>
      <default_value>0.7</default_value>
    </argument>
    <argument>
      <name>eff_cz5</name>
      <display_name>Fan efficiency_cz5</display_name>
      <type>Double</type>
      <required>true</required>
      <model_dependent>false</model_dependent>
      <default_value>0.7</default_value>
    </argument>
    <argument>
      <name>eff_cz6</name>
      <display_name>Fan efficiency_cz6</display_name>
      <type>Double</type>
      <required>true</required>
      <model_dependent>false</model_dependent>
      <default_value>0.7</default_value>
    </argument>
    <argument>
      <name>eff_cz7A</name>
      <display_name>Fan efficiency_cz7A</display_name>
      <type>Double</type>
      <required>true</required>
      <model_dependent>false</model_dependent>
      <default_value>0.7</default_value>
    </argument>
    <argument>
      <name>effcz7B</name>
      <display_name>Fan efficiency_cz7B</display_name>
      <type>Double</type>
      <required>true</required>
      <model_dependent>false</model_dependent>
      <default_value>0.7</default_value>
    </argument>
    <argument>
      <name>eff_cz8</name>
      <display_name>Fan efficiency_cz8</display_name>
      <type>Double</type>
      <required>true</required>
      <model_dependent>false</model_dependent>
      <default_value>0.7</default_value>
    </argument>
  </arguments>
  <outputs/>
  <provenances/>
  <tags>
    <tag>Envelope.Opaque</tag>
  </tags>
  <attributes>
    <attribute>
      <name>Measure Type</name>
      <value>ModelMeasure</value>
      <datatype>string</datatype>
    </attribute>
    <attribute>
      <name>Intended Software Tool</name>
      <value>Apply Measure Now</value>
      <datatype>string</datatype>
    </attribute>
    <attribute>
      <name>Intended Software Tool</name>
      <value>OpenStudio Application</value>
      <datatype>string</datatype>
    </attribute>
    <attribute>
      <name>Intended Software Tool</name>
      <value>Parametric Analysis Tool</value>
      <datatype>string</datatype>
    </attribute>
  </attributes>
  <files>
    <file>
      <filename>BTAPMeasureHelper.rb</filename>
      <filetype>rb</filetype>
      <usage_type>resource</usage_type>
      <checksum>5CCA669A</checksum>
    </file>
    <file>
      <filename>test.rb</filename>
      <filetype>rb</filetype>
      <usage_type>test</usage_type>
      <checksum>5E7EBF34</checksum>
    </file>
    <file>
      <version>
        <software_program>OpenStudio</software_program>
        <identifier>2.3.0</identifier>
        <min_compatible>2.3.0</min_compatible>
      </version>
      <filename>measure.rb</filename>
      <filetype>rb</filetype>
      <usage_type>script</usage_type>
      <checksum>8E7BBBAD</checksum>
    </file>
  </files>
</measure>
