<measure>
  <schema_version>3.0</schema_version>
  <name>btap_utility_tariffs_model_setup</name>
  <uid>7353d86e-d166-4f32-a572-27ce8e65ebb5</uid>
  <version_id>caa5e3dc-680d-48aa-9a51-d296566a480f</version_id>
  <version_modified>20180228T202816Z</version_modified>
  <xml_checksum>4A4E44A5</xml_checksum>
  <class_name>BTAPUtilityTariffsModelSetup</class_name>
  <display_name>BTAP Utility Tariffs Model Setup</display_name>
  <description>Add the selected utility rate, as well as set the time step and lifecycle costing parameters.</description>
  <modeler_description>Adds the .idf text for the selected tariffs and sets the time step to 15 minutes so that the demand window and the time step align.</modeler_description>
  <arguments/>
  <outputs/>
  <provenances/>
  <tags>
    <tag>Economics.Life Cycle Cost Analysis</tag>
  </tags>
  <attributes>
    <attribute>
      <name>Measure Type</name>
      <value>EnergyPlusMeasure</value>
      <datatype>string</datatype>
    </attribute>
    <attribute>
      <name>Uses SketchUp API</name>
      <value>false</value>
      <datatype>boolean</datatype>
    </attribute>
  </attributes>
  <files>
    <file>
      <filename>Energy rates_2015.xls</filename>
      <filetype>xls</filetype>
      <usage_type>resource</usage_type>
      <checksum>843F0E1E</checksum>
    </file>
    <file>
      <filename>UtilityTariffs_Test.rb</filename>
      <filetype>rb</filetype>
      <usage_type>test</usage_type>
      <checksum>58F01880</checksum>
    </file>
    <file>
      <filename>neb_end_use_prices.csv</filename>
      <filetype>csv</filetype>
      <usage_type>resource</usage_type>
      <checksum>3158AF63</checksum>
    </file>
    <file>
      <version>
        <software_program>OpenStudio</software_program>
        <identifier>1.4.0</identifier>
        <min_compatible>1.4.0</min_compatible>
      </version>
      <filename>measure.rb</filename>
      <filetype>rb</filetype>
      <usage_type>script</usage_type>
      <checksum>C93D5640</checksum>
    </file>
    <file>
      <filename>utility_tariffs.csv</filename>
      <filetype>csv</filetype>
      <usage_type>resource</usage_type>
      <checksum>20385FA5</checksum>
    </file>
  </files>
</measure>
