<measure>
  <schema_version>3.0</schema_version>
  <name>btap_change_cav_to_vav</name>
  <uid>f544d84f-d7c6-426b-b3a4-aecfc6d2523b</uid>
  <version_id>185e5109-8efd-4e6a-924d-d07affef9961</version_id>
  <version_modified>20190804T022338Z</version_modified>
  <xml_checksum>2609226D</xml_checksum>
  <class_name>BTAPChangeCAVToVAV</class_name>
  <display_name>BTAPChangeCAVToVAV</display_name>
  <description>This measure examines all air loops and swaps CAV with VAV systems</description>
  <modeler_description>This template measure is used to ensure consistency in BTAP measures.</modeler_description>
  <arguments/>
  <outputs/>
  <provenances/>
  <tags>
    <tag>Envelope.Opaque</tag>
  </tags>
  <attributes>
    <attribute>
      <name>Measure Type</name>
      <value>ModelMeasure</value>
      <datatype>string</datatype>
    </attribute>
    <attribute>
      <name>Intended Software Tool</name>
      <value>Apply Measure Now</value>
      <datatype>string</datatype>
    </attribute>
    <attribute>
      <name>Intended Software Tool</name>
      <value>OpenStudio Application</value>
      <datatype>string</datatype>
    </attribute>
    <attribute>
      <name>Intended Software Tool</name>
      <value>Parametric Analysis Tool</value>
      <datatype>string</datatype>
    </attribute>
  </attributes>
  <files>
    <file>
      <filename>BTAPMeasureHelper.rb</filename>
      <filetype>rb</filetype>
      <usage_type>resource</usage_type>
      <checksum>8B95A488</checksum>
    </file>
    <file>
      <version>
        <software_program>OpenStudio</software_program>
        <identifier>2.3.0</identifier>
        <min_compatible>2.3.0</min_compatible>
      </version>
      <filename>measure.rb</filename>
      <filetype>rb</filetype>
      <usage_type>script</usage_type>
      <checksum>E2EF0D42</checksum>
    </file>
  </files>
</measure>
