<measure>
  <schema_version>3.0</schema_version>
  <name>improve_motor_efficiency</name>
  <uid>52013ba9-7b9b-4ffd-bc67-d4c0fa05d7ae</uid>
  <version_id>c701c1d4-c2b3-47cf-84a9-7d02493b0e48</version_id>
  <version_modified>20170519T173213Z</version_modified>
  <xml_checksum>F78494F2</xml_checksum>
  <class_name>ImproveMotorEfficiency</class_name>
  <display_name>Improve Motor Efficiency in Selected Fans and Pumps</display_name>
  <description>The assessment team observed opportunities for motor efficiency improvements on HVAC systems. These motors are asynchronous induction motors.&#xd;There are currently motors on the market that are far superior to standard efficiency motors. These come in both premium efficiency and ultra-efficiency which exceed NEMA Premium standards. These motors utilize a die cast copper rotor which reduces the energy requirements of the motor and allows the motor to run cooler. The motor also features an improved heat dissipation system and new low-friction bearings; both of which help extend the life of the motor. The motor also has a smaller weight and size compared to the standard efficiency motors. These high efficiency motors are showing efficiency improvements on the order of 3-10% more efficient than current standard efficiency motors.&#xd;For all of the three-phase, asynchronous induction motors feeding AHU supply fans, specify premium or ultra-efficiency motors. The belts associated with the largest motors, longest run times, and that run closest to full load should be given priority when making replacements.</description>
  <modeler_description>This measure alters motors for fans and pumps in all or a single air/plant loop in the building. The text before each user argument should include the motor location and motor HP. The default value for the user argument field will be the existing motor efficiency. After each user argument there will be a check box to specify which of the motors the calculation will be applied to. For each object with a check box, the efficiency in the user argument field is replaced as the motor efficiency.&#xd;&#xd;&#xd;&#xd;&#xd;
&#xd;&#xd;&#xd;&#xd;&#xd;
The cost arguments are user arguments that start with a default of $0. Operations and maintenance cost is applied to both baseline and new measure cash flows. Salvage value can only be applied at year 0 and only if material and installation cost for baseline measure = 0. If arguments are left blank, the user is notified that the model has not changed in the run manager. A warning is issued if the motor efficiency >96% and an error is issued if efficiency is >100%.</modeler_description>
  <arguments>
    <argument>
      <name>object</name>
      <display_name>Choose a Plant or Air Loop to Alter.</display_name>
      <type>Choice</type>
      <required>true</required>
      <model_dependent>false</model_dependent>
      <default_value>*All Plant and Air Loops*</default_value>
      <choices>
        <choice>
          <value>{e1fb8630-bc37-4ff8-8ce2-fe5d63293e20}</value>
          <display_name>*All Plant and Air Loops*</display_name>
        </choice>
      </choices>
    </argument>
    <argument>
      <name>motor_eff</name>
      <display_name>Set Motor Efficiency(%).</display_name>
      <type>Double</type>
      <required>true</required>
      <model_dependent>false</model_dependent>
      <default_value>96</default_value>
    </argument>
    <argument>
      <name>remove_costs</name>
      <display_name>Remove Baseline Costs From Effected Fans and Pumps?</display_name>
      <type>Boolean</type>
      <required>true</required>
      <model_dependent>false</model_dependent>
      <default_value>false</default_value>
      <choices>
        <choice>
          <value>true</value>
          <display_name>true</display_name>
        </choice>
        <choice>
          <value>false</value>
          <display_name>false</display_name>
        </choice>
      </choices>
    </argument>
    <argument>
      <name>material_cost</name>
      <display_name>Material and Installation Costs per Motor ($).</display_name>
      <type>Double</type>
      <required>true</required>
      <model_dependent>false</model_dependent>
      <default_value>0</default_value>
    </argument>
    <argument>
      <name>demolition_cost</name>
      <display_name>Demolition Costs per Motor ($).</display_name>
      <type>Double</type>
      <required>true</required>
      <model_dependent>false</model_dependent>
      <default_value>0</default_value>
    </argument>
    <argument>
      <name>years_until_costs_start</name>
      <display_name>Years Until Costs Start (whole years).</display_name>
      <type>Integer</type>
      <required>true</required>
      <model_dependent>false</model_dependent>
      <default_value>0</default_value>
    </argument>
    <argument>
      <name>demo_cost_initial_const</name>
      <display_name>Demolition Costs Occur During Initial Construction?</display_name>
      <type>Boolean</type>
      <required>true</required>
      <model_dependent>false</model_dependent>
      <default_value>false</default_value>
      <choices>
        <choice>
          <value>true</value>
          <display_name>true</display_name>
        </choice>
        <choice>
          <value>false</value>
          <display_name>false</display_name>
        </choice>
      </choices>
    </argument>
    <argument>
      <name>expected_life</name>
      <display_name>Expected Life (whole years).</display_name>
      <type>Integer</type>
      <required>true</required>
      <model_dependent>false</model_dependent>
      <default_value>20</default_value>
    </argument>
    <argument>
      <name>om_cost</name>
      <display_name>O &amp; M Costs per Motor ($).</display_name>
      <type>Double</type>
      <required>true</required>
      <model_dependent>false</model_dependent>
      <default_value>0</default_value>
    </argument>
    <argument>
      <name>om_frequency</name>
      <display_name>O &amp; M Frequency (whole years).</display_name>
      <type>Integer</type>
      <required>true</required>
      <model_dependent>false</model_dependent>
      <default_value>1</default_value>
    </argument>
  </arguments>
  <outputs/>
  <provenances/>
  <tags>
    <tag>HVAC.Distribution</tag>
  </tags>
  <attributes>
    <attribute>
      <name>Measure Type</name>
      <value>ModelMeasure</value>
      <datatype>string</datatype>
    </attribute>
    <attribute>
      <name>Uses SketchUp API</name>
      <value>false</value>
      <datatype>boolean</datatype>
    </attribute>
  </attributes>
  <files>
    <file>
      <filename>0320_ModelWithHVAC_01.osm</filename>
      <filetype>osm</filetype>
      <usage_type>test</usage_type>
      <checksum>4A5352A1</checksum>
    </file>
    <file>
      <version>
        <software_program>OpenStudio</software_program>
        <identifier>1.0.3</identifier>
        <min_compatible>1.0.3</min_compatible>
      </version>
      <filename>measure.rb</filename>
      <filetype>rb</filetype>
      <usage_type>script</usage_type>
      <checksum>0FBD7E6A</checksum>
    </file>
    <file>
      <filename>ImproveMotorEfficiency_Test.rb</filename>
      <filetype>rb</filetype>
      <usage_type>test</usage_type>
      <checksum>8F43DBAD</checksum>
    </file>
  </files>
</measure>
