<measure>
  <schema_version>3.0</schema_version>
  <name>btap_results</name>
  <uid>bf37e1c6-de70-457b-a3ac-21aa57b7bc58</uid>
  <version_id>ca362d8f-1c12-4d82-a841-cb1db2600ee4</version_id>
  <version_modified>20180615T184841Z</version_modified>
  <xml_checksum>15BF4E57</xml_checksum>
  <class_name>BTAPResults</class_name>
  <display_name>BTAP Results</display_name>
  <description>This measure creates BTAP result values used for NRCan analyses.</description>
  <modeler_description>Grabs data from OS model and sql database and keeps them in the </modeler_description>
  <arguments>
    <argument>
      <name>generate_hourly_report</name>
      <display_name>Generate Hourly Report.</display_name>
      <type>String</type>
      <required>false</required>
      <model_dependent>false</model_dependent>
      <default_value>false</default_value>
    </argument>
    <argument>
      <name>template_type</name>
      <display_name>NECB template for QAQC</display_name>
      <type>Choice</type>
      <required>true</required>
      <model_dependent>false</model_dependent>
      <default_value>NECB2011</default_value>
      <choices>
        <choice>
          <value>NECB2011</value>
          <display_name>NECB2011</display_name>
        </choice>
        <choice>
          <value>NECB2015</value>
          <display_name>NECB2015</display_name>
        </choice>
      </choices>
    </argument>
  </arguments>
  <outputs/>
  <provenances/>
  <tags>
    <tag>Reporting.QAQC</tag>
  </tags>
  <attributes>
    <attribute>
      <name>Measure Type</name>
      <value>ReportingMeasure</value>
      <datatype>string</datatype>
    </attribute>
  </attributes>
  <files>
    <file>
      <filename>report.html.in</filename>
      <filetype>in</filetype>
      <usage_type>resource</usage_type>
      <checksum>3F69E3FB</checksum>
    </file>
    <file>
      <filename>BTAPMeasureHelper.rb</filename>
      <filetype>rb</filetype>
      <usage_type>resource</usage_type>
      <checksum>3D94B7AC</checksum>
    </file>
    <file>
      <filename>neb_end_use_prices.csv</filename>
      <filetype>csv</filetype>
      <usage_type>resource</usage_type>
      <checksum>39B60B6B</checksum>
    </file>
    <file>
      <filename>necb_2011_spacetype_info.csv</filename>
      <filetype>csv</filetype>
      <usage_type>resource</usage_type>
      <checksum>6B0BD83E</checksum>
    </file>
    <file>
      <filename>os_lib_helper_methods.rb</filename>
      <filetype>rb</filetype>
      <usage_type>resource</usage_type>
      <checksum>A6430141</checksum>
    </file>
    <file>
      <filename>os_lib_reporting.rb</filename>
      <filetype>rb</filetype>
      <usage_type>resource</usage_type>
      <checksum>0F9C02BF</checksum>
    </file>
    <file>
      <filename>os_lib_schedules.rb</filename>
      <filetype>rb</filetype>
      <usage_type>resource</usage_type>
      <checksum>C4185CAA</checksum>
    </file>
    <file>
      <filename>report.html.erb</filename>
      <filetype>erb</filetype>
      <usage_type>resource</usage_type>
      <checksum>7DC1F0A7</checksum>
    </file>
    <file>
      <filename>test.rb</filename>
      <filetype>rb</filetype>
      <usage_type>test</usage_type>
      <checksum>71A7A6F5</checksum>
    </file>
    <file>
      <version>
        <software_program>OpenStudio</software_program>
        <identifier>2.4.1</identifier>
        <min_compatible>2.4.1</min_compatible>
      </version>
      <filename>measure.rb</filename>
      <filetype>rb</filetype>
      <usage_type>script</usage_type>
      <checksum>A66F232E</checksum>
    </file>
  </files>
</measure>
